time,latitude,longitude,depth,mag,magType,nst,gap,dmin,rms,net,id,updated,place,type,horizontalError,depthError,magError,magNst,status,locationSource,magSource
2000-01-13T11:18:03.400Z,34.36,-116.135,5.094,2.57,mc,0,46.7,,0.158,ci,ci9133954,2016-02-17T02:19:15.586Z,"25km NNW of Twentynine Palms, California",earthquake,,1.265,,41,reviewed,ci,ci
2000-01-13T11:04:57.840Z,34.43,-116.194,1.686,3.4,ml,0,63.3,,0.226,ci,ci9133968,2016-04-02T00:48:11.389Z,"32km S of Ludlow, CA",earthquake,,0.357,,19,reviewed,ci,ci
2000-01-13T10:07:14.840Z,34.59,-116.273,0.249,3.24,ml,0,58.5,,0.197,ci,ci9133957,2016-04-02T16:51:19.327Z,"18km SW of Ludlow, CA",earthquake,,0.497,,12,reviewed,ci,ci
2000-01-12T17:13:17.400Z,34.665,-116.334,5.039,3.13,ml,0,77.5,,0.177,ci,ci7172582,2016-04-02T13:40:14.301Z,"17km WSW of Ludlow, CA",earthquake,,5.493,,153,reviewed,ci,ci
2000-01-10T23:31:37.110Z,34.797,-116.262,2.229,2.88,ml,0,130.3,,0.169,ci,ci9133573,2016-02-16T18:53:50.102Z,"13km NW of Ludlow, California",earthquake,,0.376,,7,reviewed,ci,ci
2000-01-10T20:55:51.360Z,34.8003333,-116.3701667,1.114,2.95,ml,28,38,,0.17,ci,ci9133539,2016-04-02T11:18:30.475Z,"21km WNW of Ludlow, CA",earthquake,0.3,0.59,0.228,40,reviewed,ci,ci
2000-01-10T01:36:43.610Z,34.667,-116.353,1.184,2.7,ml,0,56.1,,0.166,ci,ci9133367,2016-02-16T13:58:31.016Z,"19km WSW of Ludlow, California",earthquake,,0.287,,151,reviewed,ci,ci
2000-01-09T05:09:55.810Z,34.676,-116.346,1.924,2.9,ml,0,57,,0.171,ci,ci9133240,2016-02-15T23:50:40.409Z,"18km WSW of Ludlow, California",earthquake,,0.505,,9,reviewed,ci,ci
2000-01-09T02:50:26.410Z,34.6106667,-116.2315,-0.78,2.52,ml,22,63,,0.16,ci,ci9133222,2016-04-01T22:17:28.069Z,"14km SSW of Ludlow, CA",earthquake,0.4,0.92,0.265,59,reviewed,ci,ci
2000-01-08T20:36:01.080Z,34.706,-116.366,0.604,2.9,ml,0,57.5,,0.166,ci,ci9133177,2016-02-16T02:14:35.031Z,"19km W of Ludlow, California",earthquake,,0.367,,166,reviewed,ci,ci
2000-01-08T14:31:38.530Z,34.8473333,-116.3591667,3.544,2.74,ml,25,46,,0.18,ci,ci9133117,2016-04-02T01:33:06.921Z,"23km NW of Ludlow, CA",earthquake,0.36,0.39,0.273,60,reviewed,ci,ci
2000-01-08T08:23:40.690Z,34.679,-116.334,1.624,2.59,ml,0,39.6,,0.182,ci,ci9133087,2016-02-16T18:53:29.197Z,"17km WSW of Ludlow, California",earthquake,,0.475,,162,reviewed,ci,ci
2000-01-07T17:51:13.620Z,34.6503333,-116.291,3.094,2.62,ml,25,85,,0.15,ci,ci9132971,2016-04-02T17:34:17.279Z,"14km WSW of Ludlow, CA",earthquake,0.41,0.93,0.235,54,reviewed,ci,ci
2000-01-06T19:29:19.940Z,34.5913333,-116.2673333,-0.9,2.79,ml,22,81,,0.14,ci,ci9132804,2016-04-01T22:17:47.001Z,"18km SW of Ludlow, CA",earthquake,0.38,1.01,0.213,56,reviewed,ci,ci
2000-01-06T10:32:02.770Z,34.7,-116.3,3.689,2.56,ml,0,92.5,0.1236,0.139,ci,ci9132770,2016-02-16T16:26:44.785Z,"13km W of Ludlow, California",earthquake,,0.948,,141,reviewed,ci,ci
2000-01-05T16:31:28.830Z,34.5266667,-116.2763333,4.72,2.81,ml,33,58,,0.21,ci,ci9132646,2016-04-02T11:18:23.671Z,"24km SSW of Ludlow, CA",earthquake,0.4,19.67,0.219,51,reviewed,ci,ci
2000-01-05T11:46:01.120Z,34.686,-116.293,0.004,2.62,ml,0,50.5,,0.147,ci,ci9132632,2016-02-16T16:26:30.048Z,"13km WSW of Ludlow, California",earthquake,,0.489,,163,reviewed,ci,ci
2000-01-03T21:59:31.780Z,34.101,-117.008,2.269,3.49,ml,0,22.4,,0.192,ci,ci9132433,2016-04-02T04:01:25.781Z,"8km NNE of Yucaipa, CA",earthquake,,0.122,,221,reviewed,ci,ci
2000-01-03T21:35:06.870Z,34.376,-116.446,1.37,2.6,ml,0,39.9,,0.134,ci,ci9132417,2016-02-17T02:17:55.660Z,"29km N of Yucca Valley, California",earthquake,,0.372,,141,reviewed,ci,ci
2000-01-03T21:13:46.090Z,34.6468333,-116.3223333,4.244,2.54,ml,24,77,,0.14,ci,ci9132411,2016-04-02T11:18:49.785Z,"17km WSW of Ludlow, CA",earthquake,0.33,2.05,0.257,52,reviewed,ci,ci
2000-01-03T03:48:18.910Z,34.5348333,-116.0431667,2.03,2.95,ml,30,49,0.1726,0.22,ci,ci9132330,2016-04-01T22:17:42.194Z,"23km SSE of Ludlow, CA",earthquake,0.46,0.75,0.119,4,reviewed,ci,ci
2000-01-03T03:07:57.530Z,34.379,-116.459,4.36,2.81,mc,0,41.4,,0.119,ci,ci9132315,2016-02-16T11:35:36.694Z,"30km N of Yucca Valley, California",earthquake,,38.654,,84,reviewed,ci,ci
2000-01-02T17:58:32.820Z,34.309,-116.072,0.801,3.14,ml,0,65.5,,0.172,ci,ci9132273,2016-04-02T00:47:38.523Z,"19km N of Twentynine Palms, CA",earthquake,,0.252,,178,reviewed,ci,ci
2000-01-01T06:08:31.150Z,34.3716667,-116.1373333,2.946,2.64,ml,38,56,,0.2,ci,ci9132039,2016-04-02T01:33:11.411Z,"27km NNW of Twentynine Palms, CA",earthquake,0.29,0.54,0.191,57,reviewed,ci,ci
2000-01-01T03:58:39.500Z,34.801,-116.287,5.414,3.04,ml,0,48.3,,0.163,ci,ci9132027,2016-04-02T00:50:27.739Z,"15km NW of Ludlow, CA",earthquake,,0.641,,187,reviewed,ci,ci
1999-12-31T17:43:20.030Z,34.665,-116.285,4.959,3.18,mc,0,90.5,0.1116,0.083,ci,ci9131911,2016-04-02T07:15:15.720Z,"13km WSW of Ludlow, CA",earthquake,,38.273,,7,reviewed,ci,ci
1999-12-31T10:12:25.790Z,34.788,-116.293,2.359,2.52,ml,0,127.3,,0.142,ci,ci9131853,2016-02-15T23:49:29.376Z,"14km WNW of Ludlow, California",earthquake,,0.426,,137,reviewed,ci,ci
1999-12-30T21:04:17.030Z,34.301,-116.082,0.121,2.77,ml,0,63.7,,0.143,ci,ci9131758,2016-02-15T23:49:20.138Z,"18km N of Twentynine Palms, California",earthquake,,0.385,,119,reviewed,ci,ci
1999-12-30T17:17:24.500Z,35.985,-115.989,5,2.93,mc,0,250,0.9525,0.268,ci,ci9131705,2016-02-16T18:52:33.983Z,"25km S of Pahrump, Nevada",earthquake,,,,38,reviewed,ci,ci
1999-12-30T07:28:05.520Z,34.479,-116.043,2.034,2.73,mc,0,83.4,,0.156,ci,ci9131626,2016-02-16T02:13:38.751Z,"29km WSW of Amboy, California",earthquake,,0.371,,51,reviewed,ci,ci
1999-12-30T06:24:35.110Z,34.11,-117.33,17.895,3.29,ml,0,25.7,,0.208,ci,ci9131630,2016-04-02T10:33:29.707Z,"4km E of Rialto, CA",earthquake,,0.296,,24,reviewed,ci,ci
1999-12-29T23:47:44.500Z,34.703,-116.294,9.22,3.81,mh,0,105.2,0.1192,0.052,ci,ci9131560,2016-04-01T21:34:52.612Z,"12km W of Ludlow, CA",earthquake,,3.815,,2,reviewed,ci,ci
1999-12-29T18:12:44.150Z,34.675,-116.294,1.014,3.18,ml,0,89.2,,0.144,ci,ci9131501,2016-04-02T10:35:40.534Z,"13km WSW of Ludlow, CA",earthquake,,0.356,,12,reviewed,ci,ci
1999-12-29T17:24:54.620Z,34.698,-116.295,2.38,2.56,ml,0,161.4,0.1193,0.063,ci,ci9131494,2016-02-16T18:52:26.695Z,"13km WSW of Ludlow, California",earthquake,,0.732,0.609,7,reviewed,ci,ci
1999-12-29T09:06:14.830Z,34.724,-116.067,2.032,2.69,mc,0,124.2,,0.13,ci,ci9131421,2016-02-17T09:26:47.403Z,"8km E of Ludlow, California",earthquake,,0.746,,51,reviewed,ci,ci
1999-12-29T08:27:11.860Z,34.721,-116.074,1.072,2.8,ml,0,50,0.07424,0.153,ci,ci9131430,2016-02-16T09:13:18.124Z,"8km E of Ludlow, California",earthquake,,0.672,,5,reviewed,ci,ci
1999-12-29T08:18:44.530Z,34.792,-116.371,0.789,3.2,ml,0,71.6,0.04709,0.136,ci,ci9131427,2016-04-02T07:15:13.811Z,"21km WNW of Ludlow, CA",earthquake,,0.576,,12,reviewed,ci,ci
1999-12-29T05:41:30.520Z,34.727,-116.067,1.88,2.69,ml,0,124.6,,0.14,ci,ci9131409,2016-02-17T11:49:46.626Z,"8km E of Ludlow, California",earthquake,,0.501,,7,reviewed,ci,ci
1999-12-29T03:25:11.820Z,34.854,-116.416,0.35,2.58,mc,0,129.4,,0.202,ci,ci9131383,2016-02-17T07:03:45.447Z,"28km WNW of Ludlow, California",earthquake,,0.412,,50,reviewed,ci,ci
1999-12-29T00:53:40.800Z,34.727,-116.066,1.872,2.5,mc,0,124.7,,0.136,ci,ci9131361,2016-02-17T04:40:12.347Z,"9km E of Ludlow, California",earthquake,,0.475,,39,reviewed,ci,ci
1999-12-28T15:51:38.620Z,34.572,-116.292,-0.8,2.78,ml,0,54.1,,0.166,ci,ci9131216,2016-02-16T09:13:10.906Z,"20km SW of Ludlow, California",earthquake,,0.47,,7,reviewed,ci,ci
1999-12-28T15:51:18.400Z,34.572,-116.292,-0.423,2.76,mc,0,72.8,0.1603,0.155,ci,ci3321766,2016-02-16T06:54:07.474Z,"20km SW of Ludlow, California",earthquake,,1.259,,59,reviewed,ci,ci
1999-12-28T05:44:48.730Z,34.494,-116.334,4.448,2.62,ml,0,53.8,,0.181,ci,ci9131157,2016-02-17T09:26:38.274Z,"30km SSW of Ludlow, California",earthquake,,9.256,,6,reviewed,ci,ci
1999-12-27T21:57:13.690Z,33.707,-116.763,16.656,2.6,mc,0,43.8,,0.199,ci,ci9131109,2016-02-16T06:54:03.408Z,"6km SW of Idyllwild, California",earthquake,,0.574,,54,reviewed,ci,ci
1999-12-27T19:47:28.170Z,34.552,-116.508,5.551,2.56,ml,0,44.9,,0.181,ci,ci9131080,2016-02-16T06:54:00.865Z,"37km WSW of Ludlow, California",earthquake,,7.305,,121,reviewed,ci,ci
1999-12-27T18:25:52.970Z,34.518,-116.309,-0.072,2.6,ml,0,55.8,,0.173,ci,ci9131071,2016-02-16T06:53:59.452Z,"26km SSW of Ludlow, California",earthquake,,0.588,,114,reviewed,ci,ci
1999-12-26T20:21:21.480Z,34.813,-116.355,3.251,3.84,ml,0,56.3,,0.185,ci,ci3321763,2016-04-02T19:51:34.216Z,"20km WNW of Ludlow, CA",earthquake,,0.326,,218,reviewed,ci,ci
1999-12-26T20:21:04.350Z,34.8075,-116.3265,4.063,2.77,ml,21,66,,0.22,ci,ci9130956,2016-02-17T02:17:04.935Z,"18km WNW of Ludlow, California",earthquake,0.39,0.3,0.332,123,reviewed,ci,ci
1999-12-26T20:12:32.480Z,34.809,-116.361,2.404,2.74,ml,0,88.7,0.02874,0.175,ci,ci9130952,2016-02-17T07:03:22.514Z,"21km WNW of Ludlow, California",earthquake,,0.666,,18,reviewed,ci,ci
1999-12-26T15:14:07.640Z,34.797,-116.371,0.074,3.39,ml,0,62.7,,0.18,ci,ci9130917,2016-04-02T16:53:26.768Z,"21km WNW of Ludlow, CA",earthquake,,0.316,,212,reviewed,ci,ci
1999-12-25T23:20:04.030Z,34.684,-116.298,4.324,2.67,ml,0,40.7,,0.195,ci,ci9130840,2016-02-16T23:50:34.515Z,"13km WSW of Ludlow, California",earthquake,,0.708,,150,reviewed,ci,ci
1999-12-25T21:10:07.670Z,34.823,-116.332,4.899,2.69,ml,0,124.5,,0.236,ci,ci9130814,2016-02-16T21:21:35.097Z,"19km NW of Ludlow, California",earthquake,,0.498,,148,reviewed,ci,ci
1999-12-25T18:26:53.840Z,34.4538333,-116.2611667,-0.902,2.9,ml,42,40,,0.28,ci,ci9130803,2016-04-01T19:57:16.208Z,"31km SSW of Ludlow, CA",earthquake,0.28,0.63,,168,reviewed,ci,ci
1999-12-25T12:12:34.040Z,34.458,-116.474,1.59,2.86,ml,0,27.8,,0.18,ci,ci9130785,2016-02-17T02:16:53.613Z,"38km N of Yucca Valley, California",earthquake,,0.278,,170,reviewed,ci,ci
1999-12-25T00:39:15.510Z,34.241,-116.746,8.562,2.56,ml,0,26.4,,0.173,ci,ci9130731,2016-02-16T02:13:03.126Z,"9km ESE of Big Bear City, California",earthquake,,0.542,,154,reviewed,ci,ci
1999-12-24T13:26:53.510Z,34.703,-116.352,4.249,2.54,ml,0,74.8,,0.173,ci,ci9130634,2016-02-17T09:26:10.723Z,"18km W of Ludlow, California",earthquake,,1.346,,131,reviewed,ci,ci
1999-12-24T00:43:56.860Z,34.654,-116.292,2.894,3.24,ml,0,39.7,,0.197,ci,ci9130550,2016-04-02T00:50:26.270Z,"14km WSW of Ludlow, CA",earthquake,,0.542,,16,reviewed,ci,ci
1999-12-24T00:16:22.160Z,34.529,-116.241,4.387,2.98,ml,0,61.4,,0.173,ci,ci9130526,2016-02-16T18:51:52.149Z,"23km SSW of Ludlow, California",earthquake,,0.696,,3,reviewed,ci,ci
1999-12-23T22:19:10.500Z,34.585,-116.285,-0.161,2.6,mc,0,58.4,,0.205,ci,ci9130496,2016-02-16T13:56:58.300Z,"19km SW of Ludlow, California",earthquake,,0.38,,52,reviewed,ci,ci
1999-12-23T14:30:54.380Z,34.592,-116.265,6.53,4.03,ml,0,41.4,,0.161,ci,ci9130422,2016-04-02T16:51:16.481Z,"17km SW of Ludlow, CA",earthquake,,2.538,,209,reviewed,ci,ci
1999-12-23T09:56:29.920Z,34.783,-116.294,3.694,2.57,ml,0,66.9,,0.177,ci,ci9130398,2016-02-16T16:24:44.150Z,"14km WNW of Ludlow, California",earthquake,,0.128,,121,reviewed,ci,ci
1999-12-22T12:34:00.540Z,33.5701675,-115.862999,-0.818,2.61,ml,0,156,0.2499,0.68,ci,ci9526857,2016-02-16T04:33:00.741Z,"8km NE of North Shore, California",earthquake,3.32,17.5,0.1,100,automatic,ci,ci
1999-12-22T12:15:17.480Z,34.21,-116.802,-0.892,2.65,ml,0,23.8,,0.166,ci,ci9130270,2016-02-16T18:51:44.398Z,"7km SE of Big Bear City, California",earthquake,,0.274,,129,reviewed,ci,ci
1999-12-22T09:16:59.300Z,34.618,-116.25,-0.89,3.16,ml,0,42.1,,0.176,ci,ci9130277,2016-04-02T04:01:23.370Z,"14km SW of Ludlow, CA",earthquake,,0.459,,14,reviewed,ci,ci
1999-12-22T09:11:00.630Z,34.619,-116.251,-0.89,3.03,ml,0,99,,0.157,ci,ci9130273,2016-04-02T19:51:43.964Z,"14km SW of Ludlow, CA",earthquake,,0.616,,156,reviewed,ci,ci
1999-12-22T04:43:18.430Z,34.111,-117.014,4.806,2.58,ml,0,209.4,,0.148,ci,ci9130241,2016-02-17T09:25:58.347Z,"9km NNE of Yucaipa, California",earthquake,,,,4,reviewed,ci,ci
1999-12-21T11:14:23.770Z,34.6166667,-116.2851667,2.064,2.72,ml,24,69,,0.17,ci,ci9130116,2016-04-01T23:13:55.365Z,"16km SW of Ludlow, CA",earthquake,0.4,0.92,,160,reviewed,ci,ci
1999-12-20T20:44:12.040Z,34.8523333,-116.3446667,4.99,3.33,ml,45,49,,0.17,ci,ci9130027,2016-04-02T08:53:42.887Z,"22km NW of Ludlow, CA",earthquake,0.2,31.61,0.17,77,reviewed,ci,ci
1999-12-20T14:18:46.500Z,34.531,-116.298,-1.187,2.53,ml,0,150.1,,0.136,ci,ci9129962,2016-02-17T04:39:31.084Z,"25km SSW of Ludlow, California",earthquake,,4.897,,119,reviewed,ci,ci
1999-12-20T12:07:13.170Z,34.695,-116.314,1.431,3.37,ml,51,88,,0.15,ci,ci3321716,2016-04-02T07:45:47.371Z,"14km WSW of Ludlow, CA",earthquake,0.14,0.33,0.14,77,reviewed,ci,ci
1999-12-20T12:05:54.930Z,34.692,-116.312,0.161,2.98,ml,0,73.6,,0.155,ci,ci9129969,2016-02-16T23:49:56.279Z,"14km WSW of Ludlow, California",earthquake,,0.359,,85,reviewed,ci,ci
1999-12-20T02:39:46.330Z,34.52,-116.27,-1.12,2.82,ml,0,136.2,,0.172,ci,ci9129933,2016-02-16T06:53:11.868Z,"24km SSW of Ludlow, California",earthquake,,2.486,,141,reviewed,ci,ci
1999-12-19T20:14:41.430Z,34.418,-116.47,2.18,2.76,ml,0,51.6,,0.156,ci,ci9129887,2016-02-17T07:02:43.689Z,"34km N of Yucca Valley, California",earthquake,,0.471,,3,reviewed,ci,ci
1999-12-18T15:20:33.970Z,34.305,-116.449,4.776,2.79,ml,0,26.3,,0.169,ci,ci9129710,2016-02-16T02:12:18.424Z,"21km N of Yucca Valley, California",earthquake,,,,156,reviewed,ci,ci
1999-12-18T03:48:22.520Z,34.5805,-116.2601667,0,2.58,ml,26,54,,0.17,ci,ci9129632,2016-04-01T19:58:37.756Z,"18km SSW of Ludlow, CA",earthquake,0.29,0.66,,137,reviewed,ci,ci
1999-12-18T03:41:41.820Z,34.992,-116.468,1.155,2.64,mc,0,146.2,0.1941,0.135,ci,ci3321717,2016-02-17T11:48:35.346Z,"36km SSE of Fort Irwin, California",earthquake,,1.714,,6,reviewed,ci,ci
1999-12-18T02:35:08.420Z,34.434,-116.286,10.171,2.8,mc,0,79.4,0.0332,0.218,ci,ci9129626,2016-02-17T02:16:22.946Z,"33km N of Joshua Tree, California",earthquake,,0.638,,6,reviewed,ci,ci
1999-12-17T21:37:16.730Z,34.8445,-116.3998333,3.701,2.53,ml,26,128,,0.17,ci,ci9129577,2016-04-01T23:13:46.692Z,"26km WNW of Ludlow, CA",earthquake,0.28,0.43,,133,reviewed,ci,ci
1999-12-17T20:09:14.830Z,33.34,-116.404,5.445,2.9,mc,0,116.5,0.4299,0.119,ci,ci9129558,2016-02-16T18:51:07.126Z,"10km NNW of Borrego Springs, California",earthquake,,,,7,reviewed,ci,ci
1999-12-16T20:29:24.950Z,33.2401657,-115.7028351,0.04,2.58,ml,0,175,0.09619,0.14,ci,ci9525417,2016-02-16T06:52:46.114Z,"12km SSE of Bombay Beach, California",earthquake,4.01,10.52,0.1,100,automatic,ci,ci
1999-12-15T18:30:18.840Z,34.45,-116.243,2.001,2.67,ml,0,67.5,,0.171,ci,ci9129159,2016-02-16T06:52:37.181Z,"31km SSW of Ludlow, California",earthquake,,0.347,,131,reviewed,ci,ci
1999-12-15T13:45:02.600Z,34.608,-116.282,2.029,3.02,ml,0,40.5,,0.204,ci,ci9129139,2016-04-02T00:48:22.699Z,"17km SW of Ludlow, CA",earthquake,,0.485,,177,reviewed,ci,ci
1999-12-15T11:38:08.380Z,34.6468333,-116.2856667,4.307,2.74,ml,26,84,,0.16,ci,ci9129117,2016-04-02T05:44:22.118Z,"14km SW of Ludlow, CA",earthquake,0.31,1.06,,151,reviewed,ci,ci
1999-12-15T06:52:05.480Z,34.335,-116.117,1.791,3.28,ml,0,46.4,,0.24,ci,ci3321650,2016-04-02T07:15:12.388Z,"22km N of Twentynine Palms, CA",earthquake,,0.332,,83,reviewed,ci,ci
1999-12-15T06:51:03.080Z,34.333,-116.113,1.991,3.27,ml,0,45.8,,0.197,ci,ci9129107,2016-04-02T16:51:35.498Z,"22km N of Twentynine Palms, CA",earthquake,,0.291,,113,reviewed,ci,ci
1999-12-15T06:29:48.130Z,34.101,-117.007,1.789,3.09,ml,0,18.3,,0.197,ci,ci9129102,2016-04-02T19:51:31.410Z,"8km NNE of Yucaipa, CA",earthquake,,0.15,,203,reviewed,ci,ci
1999-12-15T03:46:53.170Z,34.857,-116.39,5.88,3.12,ml,0,61.9,,0.178,ci,ci9129090,2016-04-02T00:50:23.406Z,"26km NW of Ludlow, CA",earthquake,,0.833,,193,reviewed,ci,ci
1999-12-15T02:59:29.260Z,34.45,-116.208,4.616,2.85,ml,0,42.9,,0.178,ci,ci9129085,2016-02-16T23:49:15.855Z,"30km S of Ludlow, California",earthquake,,0.318,,149,reviewed,ci,ci
1999-12-15T02:13:37.560Z,33.9685,-116.9546667,16.932,2.73,ml,85,21,,0.17,ci,ci9129078,2016-04-01T23:14:10.458Z,"5km NNE of Beaumont, CA",earthquake,0.14,0.38,0.15,67,reviewed,ci,ci
1999-12-15T00:22:07.990Z,34.405,-116.16,6.054,2.54,ml,0,65.4,,0.16,ci,ci9129051,2016-02-16T13:56:00.534Z,"31km NNW of Twentynine Palms, California",earthquake,,4.566,,109,reviewed,ci,ci
1999-12-14T16:56:48.370Z,34.696,-116.31,5.039,2.66,ml,0,105.2,0.1314,0.115,ci,ci9128966,2016-02-16T13:55:54.787Z,"14km WSW of Ludlow, California",earthquake,,28.195,,113,reviewed,ci,ci
1999-12-14T16:41:49.520Z,34.634,-116.224,2.389,2.67,ml,0,76.4,0.07721,0.148,ci,ci9128963,2016-02-16T21:20:17.490Z,"11km SSW of Ludlow, California",earthquake,,0.411,,115,reviewed,ci,ci
1999-12-14T08:08:29.190Z,34.787,-116.296,3.6,2.69,ml,0,125.9,0.05472,0.118,ci,ci9128923,2016-02-17T07:02:04.029Z,"14km WNW of Ludlow, California",earthquake,,0.348,,142,reviewed,ci,ci
1999-12-13T16:16:35.700Z,34.2533333,-116.431,2.198,2.67,mc,33,26,0.07451,0.21,ci,ci9128803,2016-04-02T05:43:48.004Z,"16km N of Yucca Valley, CA",earthquake,0.42,0.79,,49,reviewed,ci,ci
1999-12-13T14:03:35.790Z,34.1015,-117.0061667,4.701,2.66,mc,34,39,,0.17,ci,ci9128768,2016-04-02T15:18:34.848Z,"8km NNE of Yucaipa, CA",earthquake,0.27,31.61,0.163,0,reviewed,ci,ci
1999-12-13T13:51:56.350Z,34.8571667,-116.3995,4.331,2.88,ml,19,76,,0.16,ci,ci9128766,2016-04-02T02:30:04.131Z,"27km NW of Ludlow, CA",earthquake,0.39,0.7,,44,reviewed,ci,ci
1999-12-13T13:20:16.300Z,34.1013333,-117.0086667,2.021,3.81,ml,77,15,,0.18,ci,ci9128775,2016-04-02T05:43:46.559Z,"8km NNE of Yucaipa, CA",earthquake,0.2,0.45,0.197,195,reviewed,ci,ci
1999-12-13T05:47:38.090Z,34.389,-116.146,4.726,3.35,ml,0,47.7,,0.194,ci,ci9128729,2016-04-02T16:53:23.399Z,"29km NNW of Twentynine Palms, CA",earthquake,,1.912,,201,reviewed,ci,ci
1999-12-12T21:54:55.770Z,34.696,-116.358,1.931,2.6,ml,0,72.6,,0.184,ci,ci9128671,2016-02-16T23:48:56.815Z,"18km W of Ludlow, California",earthquake,,0.415,,138,reviewed,ci,ci
1999-12-12T01:23:05.910Z,34.581,-116.269,-0.053,2.57,ml,0,58.9,,0.172,ci,ci9128524,2016-02-16T06:52:09.911Z,"18km SSW of Ludlow, California",earthquake,,0.586,,122,reviewed,ci,ci
1999-12-12T00:20:54.110Z,34.449,-116.25,2.711,2.56,ml,0,59.1,,0.196,ci,ci9128530,2016-02-16T06:52:07.361Z,"31km SSW of Ludlow, California",earthquake,,0.252,,122,reviewed,ci,ci
1999-12-11T18:36:45.100Z,34.623,-116.257,4.909,2.56,ml,0,95.6,0.1056,0.107,ci,ci9128493,2016-02-17T07:01:42.727Z,"14km SW of Ludlow, California",earthquake,,48.562,,84,reviewed,ci,ci
1999-12-11T17:17:58.980Z,34.4285,-117.7581667,1.787,2.56,ml,50,24,,0.23,ci,ci9128488,2016-04-02T15:18:57.096Z,"8km SSE of Llano, CA",earthquake,0.26,0.44,,147,reviewed,ci,ci
1999-12-11T08:57:18.190Z,34.871,-116.397,3.62,3.09,ml,0,167,0.06394,0.128,ci,ci9128452,2016-04-01T21:33:04.311Z,"27km NW of Ludlow, CA",earthquake,,1.179,,63,reviewed,ci,ci
1999-12-11T08:56:48.810Z,34.858,-116.406,0.6,3.08,ml,0,129,,0.183,ci,ci9128463,2016-04-01T21:34:49.925Z,"27km NW of Ludlow, CA",earthquake,,0.371,,168,reviewed,ci,ci
1999-12-11T03:30:06.320Z,34.727,-116.307,4.439,2.62,ml,0,95.9,,0.145,ci,ci9128431,2016-02-16T11:33:04.917Z,"14km W of Ludlow, California",earthquake,,16.784,,127,reviewed,ci,ci
1999-12-11T02:20:54.090Z,34.61,-116.308,1.679,2.58,ml,0,66.8,,0.146,ci,ci9128429,2016-02-16T09:11:13.281Z,"18km SW of Ludlow, California",earthquake,,0.391,,136,reviewed,ci,ci
1999-12-11T00:09:56.910Z,34.5726667,-116.2643333,0.02,2.86,ml,28,52,,0.19,ci,ci9128411,2016-04-02T18:16:20.070Z,"19km SSW of Ludlow, CA",earthquake,0.35,0.76,,144,reviewed,ci,ci
1999-12-10T10:15:16.260Z,34.655,-116.286,4.429,2.9,ml,0,88.4,,0.147,ci,ci9128335,2016-02-15T23:47:11.513Z,"14km WSW of Ludlow, California",earthquake,,35.313,,174,reviewed,ci,ci
1999-12-10T08:36:42.440Z,34.589,-116.3,-1.051,3.15,ml,0,39.5,,0.166,ci,ci9128326,2016-04-02T10:33:25.272Z,"20km SW of Ludlow, CA",earthquake,,0.613,,198,reviewed,ci,ci
1999-12-10T08:19:16.390Z,34.858,-116.409,0.12,2.55,ml,0,130.5,0.06532,0.151,ci,ci9128314,2016-02-16T16:23:17.429Z,"27km NW of Ludlow, California",earthquake,,0.616,,122,reviewed,ci,ci
1999-12-10T06:31:34.900Z,34.652,-116.294,3.319,2.52,ml,0,85.9,0.1215,0.101,ci,ci9128306,2016-02-16T13:55:25.155Z,"14km WSW of Ludlow, California",earthquake,,0.914,,57,reviewed,ci,ci
1999-12-09T15:27:00.370Z,34.5793333,-116.298,0.554,2.59,ml,22,56,,0.14,ci,ci9128099,2016-04-02T12:06:23.226Z,"20km SW of Ludlow, CA",earthquake,0.33,0.79,,139,reviewed,ci,ci
1999-12-08T22:45:26.760Z,34.642,-116.322,2.048,3.87,mh,0,198.4,0.2424,0.204,ci,ci9127950,2016-04-02T16:53:19.115Z,"17km WSW of Ludlow, CA",earthquake,,1.34,,2,reviewed,ci,ci
1999-12-08T10:54:04.700Z,34.0391667,-117.2435,13.715,3.05,ml,31,87,0.1089,0.19,ci,ci3321780,2016-04-21T18:00:38.540Z,"2km ESE of Loma Linda, CA",earthquake,0.38,0.53,0.215,142,reviewed,ci,ci
1999-12-08T10:53:59.590Z,34.043,-117.247,13.974,3.11,ml,0,28.2,,0.174,ci,ci9127885,2016-04-02T07:13:27.893Z,"1km ESE of Loma Linda, CA",earthquake,,0.105,,228,reviewed,ci,ci
1999-12-08T07:35:54.740Z,34.851,-116.345,4.351,3.74,ml,0,65.9,,0.197,ci,ci9127859,2016-04-02T11:07:54.201Z,"22km NW of Ludlow, CA",earthquake,,0.152,,230,reviewed,ci,ci
1999-12-08T04:08:06.670Z,34.596,-116.274,3.049,2.59,ml,0,76.6,0.1332,0.158,ci,ci9127837,2016-02-17T07:01:15.306Z,"17km SW of Ludlow, California",earthquake,,0.551,,124,reviewed,ci,ci
1999-12-08T02:23:08.240Z,34.666,-116.294,3.469,2.51,ml,0,88.2,,0.138,ci,ci9127830,2016-02-16T18:49:56.934Z,"14km WSW of Ludlow, California",earthquake,,0.865,,117,reviewed,ci,ci
1999-12-07T22:54:53.320Z,34.8681667,-116.3131667,0.671,2.63,ml,18,138,,0.18,ci,ci9127808,2016-04-02T17:23:06.121Z,"22km NW of Ludlow, CA",earthquake,0.48,0.74,,115,reviewed,ci,ci
1999-12-07T21:58:16.160Z,33.811,-117.711,10.9,3.81,ml,0,64.5,,0.242,ci,ci3321584,2022-06-18T00:09:24.941Z,"9km NE of North Tustin, CA",earthquake,,0.248,,219,reviewed,ci,ci
1999-12-07T21:26:01.830Z,34.866,-116.313,1.35,2.63,ml,0,138.5,,0.153,ci,ci9127797,2016-02-16T04:31:41.840Z,"21km NW of Ludlow, California",earthquake,,0.361,,119,reviewed,ci,ci
1999-12-06T22:17:45.250Z,34.689,-116.304,0.48,3.11,mc,0,109.9,0.1259,0.133,ci,ci9127562,2016-04-02T10:33:23.588Z,"14km WSW of Ludlow, CA",earthquake,,1.508,,15,reviewed,ci,ci
1999-12-06T22:15:47.320Z,34.797,-116.286,4.431,2.54,ml,0,129.2,,0.202,ci,ci9127560,2016-02-16T09:10:43.807Z,"14km NW of Ludlow, California",earthquake,,0.251,,111,reviewed,ci,ci
1999-12-06T12:03:51.450Z,34.309,-116.072,2.401,2.56,ml,0,65.5,,0.143,ci,ci9127445,2016-02-17T02:14:45.155Z,"19km N of Twentynine Palms, California",earthquake,,0.242,,134,reviewed,ci,ci
1999-12-06T10:48:46.120Z,34.424,-116.201,-0.174,2.83,ml,0,43.1,,0.182,ci,ci9127443,2016-02-16T04:31:25.080Z,"33km S of Ludlow, California",earthquake,,0.408,,180,reviewed,ci,ci
1999-12-05T12:22:21.590Z,34.865,-116.394,3.62,2.7,ml,0,132.7,,0.206,ci,ci3321587,2016-02-17T02:14:38.412Z,"27km NW of Ludlow, California",earthquake,,0.493,,170,reviewed,ci,ci
1999-12-05T10:56:10.480Z,34.86,-116.409,-0.98,2.6,ml,0,70.4,0.0662,0.181,ci,ci9127247,2016-02-16T11:32:11.717Z,"28km NW of Ludlow, California",earthquake,,1.033,,83,reviewed,ci,ci
1999-12-04T13:10:30.150Z,34.8356667,-116.403,4.46,3.09,ml,58,67,,0.12,ci,ci9127087,2016-04-02T17:23:15.407Z,"26km WNW of Ludlow, CA",earthquake,0.14,0.3,0.118,62,reviewed,ci,ci
1999-12-04T12:56:47.650Z,34.863,-116.399,3.87,2.68,ml,0,132,0.06054,0.16,ci,ci9127072,2016-02-16T13:54:30.019Z,"27km NW of Ludlow, California",earthquake,,0.69,,138,reviewed,ci,ci
1999-12-03T23:32:38.580Z,34.944,-116.406,-1.005,2.52,ml,0,144.1,,0.162,ci,ci9126982,2016-02-17T07:00:33.540Z,"33km NW of Ludlow, California",earthquake,,1.045,,111,reviewed,ci,ci
1999-12-03T22:41:04.100Z,34.62,-116.27,1.949,3.47,ml,0,77.6,0.1162,0.124,ci,ci9126975,2016-02-17T09:23:38.919Z,"15km SW of Ludlow, California",earthquake,,0.762,,5,reviewed,ci,ci
1999-12-03T22:36:57.520Z,34.649,-116.303,10.739,2.52,ml,0,83.3,0.1295,0.15,ci,ci9126974,2016-02-15T23:46:12.393Z,"15km WSW of Ludlow, California",earthquake,,1.453,,115,reviewed,ci,ci
1999-12-03T21:23:03.200Z,34.86,-116.338,4.81,2.7,ml,0,135.9,0.02987,0.165,ci,ci9126967,2016-02-16T16:22:27.200Z,"22km NW of Ludlow, California",earthquake,,1.111,,22,reviewed,ci,ci
1999-12-03T17:50:00.820Z,34.8351667,-116.4061667,4.32,2.89,ml,45,125,0.05699,0.14,ci,ci9126951,2016-04-01T22:06:23.110Z,"26km WNW of Ludlow, CA",earthquake,0.15,0.33,0.206,48,reviewed,ci,ci
1999-12-03T10:07:34.400Z,34.88,-116.343,3.016,2.6,ml,0,138.9,,0.157,ci,ci9126898,2016-02-15T23:46:02.915Z,"24km NW of Ludlow, California",earthquake,,0.288,,141,reviewed,ci,ci
1999-12-03T05:54:55.670Z,34.662,-116.34,1.194,3.09,ml,0,56.5,,0.156,ci,ci9126882,2016-04-02T19:54:24.283Z,"18km WSW of Ludlow, CA",earthquake,,0.318,,117,reviewed,ci,ci
1999-12-03T04:03:23.140Z,34.865,-116.397,3.45,2.68,ml,0,132.5,0.0603,0.147,ci,ci9126852,2016-02-16T21:18:49.753Z,"27km NW of Ludlow, California",earthquake,,0.334,,145,reviewed,ci,ci
1999-12-02T23:20:12.260Z,34.202,-117.577,4.407,2.5,ml,0,22.6,,0.248,ci,ci9126822,2016-02-16T11:31:55.493Z,"9km N of Rancho Cucamonga, California",earthquake,,0.095,,139,reviewed,ci,ci
1999-12-02T21:22:26.120Z,34.411,-116.16,6.276,2.53,ml,0,65.7,0.08053,0.191,ci,ci9126799,2016-02-16T23:47:42.054Z,"31km NNW of Twentynine Palms, California",earthquake,,1.544,,102,reviewed,ci,ci
1999-12-02T05:15:57.120Z,34.438,-116.258,6.141,2.65,ml,0,58.1,,0.182,ci,ci9126670,2016-02-16T11:31:46.483Z,"33km SSW of Ludlow, California",earthquake,,1.151,,142,reviewed,ci,ci
1999-12-02T02:19:23.990Z,34.1531667,-117.4478333,11.718,3.07,ml,81,23,,0.24,ci,ci9126657,2016-04-02T17:22:40.173Z,"6km N of Fontana, CA",earthquake,0.26,0.57,,236,reviewed,ci,ci
1999-12-01T17:39:57.850Z,34.6931667,-116.3101667,0.984,2.5,ml,21,86,,0.17,ci,ci9126535,2016-04-02T07:45:34.781Z,"14km WSW of Ludlow, CA",earthquake,0.39,0.85,,120,reviewed,ci,ci
1999-12-01T16:44:30.110Z,34.8495,-116.3495,4.943,3.58,ml,26,89,,0.18,ci,ci9126544,2016-04-02T04:33:25.052Z,"22km NW of Ludlow, CA",earthquake,0.46,0.59,,210,reviewed,ci,ci
1999-11-29T04:58:14.720Z,34.414,-116.169,6.236,2.62,ml,0,65,,0.16,ci,ci9125980,2016-02-16T13:53:33.218Z,"32km NNW of Twentynine Palms, California",earthquake,,1.375,,156,reviewed,ci,ci
1999-11-28T02:37:28.280Z,34.628,-116.249,5.1,3.15,ml,0,75,,0.187,ci,ci9125758,2016-04-02T00:48:20.928Z,"13km SW of Ludlow, CA",earthquake,,,,194,reviewed,ci,ci
1999-11-27T18:38:56.090Z,34.6693333,-116.3086667,0.534,2.76,ml,26,83,,0.15,ci,ci3324576,2016-04-02T18:26:43.677Z,"15km WSW of Ludlow, CA",earthquake,0.29,0.76,0.227,57,reviewed,ci,ci
1999-11-27T18:38:05.850Z,34.63,-116.2345,1.54,3.02,ml,23,74,,0.15,ci,ci3324575,2016-04-02T15:18:24.952Z,"12km SW of Ludlow, CA",earthquake,0.28,0.72,0.337,10,reviewed,ci,ci
1999-11-27T18:36:46.270Z,34.669,-116.309,0.764,3.28,ml,0,84.3,,0.182,ci,ci9125672,2016-04-02T19:50:52.400Z,"15km WSW of Ludlow, CA",earthquake,,0.375,,198,reviewed,ci,ci
1999-11-27T01:30:46.970Z,34.478,-116.248,0.708,2.63,ml,0,41,,0.166,ci,ci9125510,2016-02-16T11:30:51.856Z,"28km SSW of Ludlow, California",earthquake,,0.554,,150,reviewed,ci,ci
1999-11-26T07:31:48.980Z,34.781,-116.338,-0.98,2.8,ml,0,86.9,,0.379,ci,ci9125331,2016-02-17T09:22:10.082Z,"18km WNW of Ludlow, California",earthquake,,0.611,,167,reviewed,ci,ci
1999-11-25T21:48:11.230Z,34.585,-116.249,0.05,2.6,ml,0,62.4,0.1265,0.143,ci,ci9125247,2016-02-16T13:52:51.788Z,"17km SSW of Ludlow, California",earthquake,,0.599,,162,reviewed,ci,ci
1999-11-25T18:01:32.790Z,34.8266667,-116.3828333,3.481,2.78,ml,25,83,,0.18,ci,ci9125210,2016-04-02T02:29:25.001Z,"24km WNW of Ludlow, CA",earthquake,0.42,0.54,0.258,60,reviewed,ci,ci
1999-11-25T17:12:29.650Z,34.5731667,-116.2541667,0.09,2.57,ml,26,60.4,,0.15,ci,ci9125201,2016-04-02T12:08:28.935Z,"19km SSW of Ludlow, CA",earthquake,0.32,0.65,0.158,57,reviewed,ci,ci
1999-11-25T12:26:35.470Z,33.4675,-116.5878333,10.473,2.52,ml,47,32,,0.23,ci,ci9125155,2016-04-02T08:52:54.274Z,"13km SE of Anza, CA",earthquake,0.29,0.52,0.243,54,reviewed,ci,ci
1999-11-25T11:15:17.110Z,34.8083333,-116.2971667,7.171,2.69,ml,20,142,,0.17,ci,ci9125147,2016-04-02T02:29:22.016Z,"16km NW of Ludlow, CA",earthquake,0.41,0.58,0.223,62,reviewed,ci,ci
1999-11-25T07:40:57.270Z,34.558,-116.261,5.027,2.54,ml,0,59.7,,0.141,ci,ci9125132,2016-02-16T02:08:57.325Z,"20km SSW of Ludlow, California",earthquake,,28.988,,161,reviewed,ci,ci
1999-11-25T05:18:59.570Z,34.838,-116.409,5.041,3.46,ml,0,59.9,,0.176,ci,ci9125125,2016-04-02T04:01:20.369Z,"26km WNW of Ludlow, CA",earthquake,,0.842,,229,reviewed,ci,ci
1999-11-25T04:22:17.100Z,34.46,-116.245,0.558,2.68,ml,0,40.7,,0.188,ci,ci9125118,2016-02-17T09:21:55.492Z,"30km SSW of Ludlow, California",earthquake,,0.277,,152,reviewed,ci,ci
1999-11-25T04:12:26.100Z,34.459,-116.247,0.608,2.71,ml,0,40.6,,0.196,ci,ci9125112,2016-02-16T16:20:35.399Z,"30km SSW of Ludlow, California",earthquake,,0.242,,169,reviewed,ci,ci
1999-11-25T03:10:59.370Z,34.4141667,-116.4881667,4.34,2.52,ml,38,33,,0.15,ci,ci9125097,2016-04-02T05:42:16.262Z,"34km N of Yucca Valley, CA",earthquake,0.24,14.2,0.226,57,reviewed,ci,ci
1999-11-24T11:21:43.600Z,34.8261667,-116.4061667,6.221,2.78,ml,23,55,,0.15,ci,ci9124947,2016-04-02T15:17:03.447Z,"25km WNW of Ludlow, CA",earthquake,0.31,0.86,0.203,67,reviewed,ci,ci
1999-11-24T09:18:01.300Z,34.7996667,-116.3353333,2.011,2.98,ml,27,65,,0.15,ci,ci9124937,2016-04-02T08:52:09.282Z,"18km WNW of Ludlow, CA",earthquake,0.29,0.44,0.208,69,reviewed,ci,ci
1999-11-24T04:02:09.340Z,34.104,-117.008,2.341,2.86,ml,0,18.3,,0.186,ci,ci9124879,2016-02-16T21:17:05.589Z,"8km NNE of Yucaipa, California",earthquake,,0.113,,190,reviewed,ci,ci
1999-11-23T15:52:33.100Z,34.41,-116.191,7.006,3.03,ml,0,43.7,,0.184,ci,ci9124753,2016-04-02T04:01:31.407Z,"32km NNW of Twentynine Palms, CA",earthquake,,0.878,,155,reviewed,ci,ci
1999-11-23T14:28:35.830Z,34.8393333,-116.3991667,3.421,2.84,ml,26,67,,0.16,ci,ci9124741,2016-04-02T02:28:10.547Z,"26km WNW of Ludlow, CA",earthquake,0.31,0.44,0.25,59,reviewed,ci,ci
1999-11-22T20:38:36.520Z,34.5271667,-116.2765,4.21,2.8,ml,31,42,,0.21,ci,ci9124618,2016-04-02T02:29:55.678Z,"24km SSW of Ludlow, CA",earthquake,0.39,1.13,0.247,58,reviewed,ci,ci
1999-11-22T19:25:14.160Z,34.824,-116.3415,6.871,2.65,ml,20,68,,0.16,ci,ci9124604,2016-04-02T12:09:05.835Z,"20km NW of Ludlow, CA",earthquake,0.35,0.51,0.37,49,reviewed,ci,ci
1999-11-22T17:03:31.720Z,34.6648333,-116.3525,2.374,2.67,ml,19,71,0.1648,0.13,ci,ci9124598,2016-04-02T08:53:30.519Z,"19km WSW of Ludlow, CA",earthquake,0.36,0.97,0.239,103,reviewed,ci,ci
1999-11-22T05:16:41.500Z,34.702,-116.335,2.114,3.15,ml,0,59.1,,0.16,ci,ci9124531,2016-04-02T00:48:19.251Z,"16km W of Ludlow, CA",earthquake,,0.296,,193,reviewed,ci,ci
1999-11-21T22:15:38.330Z,34.6193333,-116.2488333,-0.06,3.19,ml,30,42,,0.15,ci,ci7163776,2016-04-01T19:57:56.296Z,"14km SW of Ludlow, CA",earthquake,0.24,0.49,0.177,8,reviewed,ci,ci
1999-11-20T03:35:56.570Z,34.6861667,-116.3526667,5.994,2.54,ml,17,73,0.1436,0.13,ci,ci9124131,2016-04-02T08:51:30.913Z,"18km WSW of Ludlow, CA",earthquake,0.45,3.77,0.283,54,reviewed,ci,ci
1999-11-19T23:32:13.950Z,34.607,-116.286,2.234,2.71,ml,30,65,,0.15,ci,ci9124095,2016-04-02T02:29:44.021Z,"17km SW of Ludlow, CA",earthquake,0.27,0.66,0.201,48,reviewed,ci,ci
1999-11-19T13:22:42.110Z,34.671,-116.338,1.804,2.76,ml,0,57.1,,0.125,ci,ci9123990,2016-02-17T02:11:31.140Z,"17km WSW of Ludlow, California",earthquake,,0.363,,148,reviewed,ci,ci
1999-11-19T06:05:49.980Z,34.4935,-116.2643333,-0.792,2.83,ml,28,60,,0.27,ci,ci9123921,2016-04-02T18:25:49.074Z,"27km SSW of Ludlow, CA",earthquake,0.45,1,0.194,60,reviewed,ci,ci
1999-11-19T05:57:31.090Z,34.543,-116.305,-0.172,3.63,ml,0,56.3,,0.182,ci,ci9123924,2016-04-02T07:16:20.181Z,"24km SW of Ludlow, CA",earthquake,,0.343,,214,reviewed,ci,ci
1999-11-19T02:56:21.730Z,33.3951667,-116.3836667,11.111,2.74,ml,57,33,,0.24,ci,ci9123892,2016-04-01T23:12:32.841Z,"16km N of Borrego Springs, CA",earthquake,0.31,0.68,0.247,53,reviewed,ci,ci
1999-11-18T21:09:27.550Z,34.8456667,-116.4095,0.841,2.76,ml,22,77,,0.21,ci,ci3323781,2016-04-01T19:58:11.989Z,"27km WNW of Ludlow, CA",earthquake,0.46,0.87,0.311,61,reviewed,ci,ci
1999-11-18T19:15:34.680Z,34.6266667,-116.6506667,5.863,2.78,ml,42,49,,0.17,ci,ci9123805,2016-04-01T19:57:14.197Z,"36km NE of Lucerne Valley, CA",earthquake,0.21,0.79,0.272,56,reviewed,ci,ci
1999-11-18T17:14:09.720Z,33.324,-116.3485,14.8,2.5,ml,37,36,,0.2,ci,ci9123770,2016-04-02T12:08:16.363Z,"8km NNE of Borrego Springs, CA",earthquake,0.3,1.56,0.449,30,reviewed,ci,ci
1999-11-18T13:37:36.270Z,34.8455,-116.3456667,2.541,2.57,ml,17,132,,0.17,ci,ci9123737,2016-04-02T05:42:39.309Z,"22km NW of Ludlow, CA",earthquake,0.47,0.35,0.25,50,reviewed,ci,ci
1999-11-18T07:18:06.100Z,34.569,-116.267,0.73,2.69,ml,0,59.2,,0.164,ci,ci9123655,2016-02-16T16:19:30.929Z,"20km SSW of Ludlow, California",earthquake,,0.386,,145,reviewed,ci,ci
1999-11-18T07:09:04.020Z,34.87,-116.398,-0.609,3.49,ml,0,69.1,,0.174,ci,ci9123647,2016-04-02T10:33:18.755Z,"27km NW of Ludlow, CA",earthquake,,0.415,,207,reviewed,ci,ci
1999-11-18T04:21:36.120Z,34.686,-116.296,8.744,2.87,ml,0,60.4,,0.147,ci,ci9123624,2016-02-16T09:07:35.426Z,"13km WSW of Ludlow, California",earthquake,,0.952,,156,reviewed,ci,ci
1999-11-18T03:50:10.330Z,34.767,-116.403,1.501,2.73,ml,25,71,,0.16,ci,ci9123608,2016-04-02T12:08:12.179Z,"23km WNW of Ludlow, CA",earthquake,0.28,0.7,0.311,59,reviewed,ci,ci
1999-11-18T01:03:49.740Z,34.803,-116.361,2.051,2.96,ml,0,72.5,,0.16,ci,ci9123586,2016-02-16T04:28:44.827Z,"20km WNW of Ludlow, California",earthquake,,0.368,,161,reviewed,ci,ci
1999-11-17T15:02:14.800Z,34.575,-116.25,3.82,2.98,ml,0,52.6,,0.143,ci,ci9123447,2016-02-16T16:19:25.022Z,"18km SSW of Ludlow, California",earthquake,,0.322,,153,reviewed,ci,ci
1999-11-17T13:36:33.210Z,34.802,-116.371,1.831,2.85,ml,0,80.5,,0.146,ci,ci9123429,2016-02-16T04:28:40.281Z,"21km WNW of Ludlow, California",earthquake,,0.198,,161,reviewed,ci,ci
1999-11-17T07:14:37.890Z,34.519,-116.258,1.407,2.76,ml,0,59.8,,0.153,ci,ci9123374,2016-02-16T13:51:18.676Z,"24km SSW of Ludlow, California",earthquake,,0.339,,149,reviewed,ci,ci
1999-11-17T06:56:27.190Z,34.709,-116.302,4.014,2.82,ml,0,42.1,,0.142,ci,ci9123381,2016-02-16T18:46:25.699Z,"13km W of Ludlow, California",earthquake,,0.508,,176,reviewed,ci,ci
1999-11-17T05:43:46.570Z,34.635,-115.831,-0.931,2.59,ml,0,114.7,0.2505,0.145,ci,ci9123338,2016-02-16T06:48:11.575Z,"12km NW of Amboy, California",earthquake,,1.077,,113,reviewed,ci,ci
1999-11-16T09:49:08.520Z,34.362,-116.126,5.276,2.53,ml,0,47.7,,0.152,ci,ci9123149,2016-02-16T06:48:07.827Z,"25km N of Twentynine Palms, California",earthquake,,0.843,,133,reviewed,ci,ci
1999-11-16T09:47:42.710Z,34.723,-116.324,7.37,2.54,ml,0,44.3,,0.142,ci,ci9123162,2016-02-16T11:28:55.030Z,"15km W of Ludlow, California",earthquake,,1.568,,113,reviewed,ci,ci
1999-11-16T09:10:42.790Z,34.799,-116.319,5.761,2.84,ml,0,66.4,0.03306,0.143,ci,ci9123150,2016-02-16T04:28:23.906Z,"17km WNW of Ludlow, California",earthquake,,0.312,,175,reviewed,ci,ci
1999-11-16T08:15:17.900Z,34.8011667,-116.372,1.461,2.74,ml,28,62,,0.14,ci,ci9123126,2016-04-01T19:58:07.190Z,"21km WNW of Ludlow, CA",earthquake,0.29,0.57,0.24,64,reviewed,ci,ci
1999-11-16T05:52:41.040Z,34.549,-116.307,1.048,3,ml,0,91.2,0.1488,0.18,ci,ci3321450,2016-04-01T22:03:57.070Z,"23km SW of Ludlow, CA",earthquake,,1.339,0.187,136,reviewed,ci,ci
1999-11-16T05:52:20.620Z,34.813,-116.43,3.701,3.06,ml,0,38.8,,0.16,ci,ci9123112,2016-04-02T04:01:18.764Z,"27km WNW of Ludlow, CA",earthquake,,0.317,,125,reviewed,ci,ci
1999-11-16T01:57:05.090Z,34.957,-116.436,0.121,2.5,ml,0,143.5,0.1505,0.179,ci,ci9123081,2016-02-16T16:19:07.349Z,"36km NW of Ludlow, California",earthquake,,0.475,,113,reviewed,ci,ci
1999-11-15T19:48:33.060Z,34.8345,-116.408,5.371,2.5,ml,22,126,,0.13,ci,ci9123015,2016-04-02T02:29:28.058Z,"26km WNW of Ludlow, CA",earthquake,0.35,1.02,0.263,54,reviewed,ci,ci
1999-11-15T15:02:04.650Z,34.594,-116.2638333,4.64,2.53,ml,24,59,,0.11,ci,ci9122960,2016-04-02T05:43:00.579Z,"17km SW of Ludlow, CA",earthquake,0.32,15.71,0.233,59,reviewed,ci,ci
1999-11-15T11:18:25.220Z,34.6948333,-116.2946667,3.384,2.58,ml,23,91,,0.13,ci,ci9122920,2016-04-02T12:08:37.299Z,"13km WSW of Ludlow, CA",earthquake,0.32,0.69,0.202,57,reviewed,ci,ci
1999-11-15T11:02:24.780Z,34.42,-116.183,4.856,3.04,ml,0,45.3,,0.158,ci,ci9122927,2016-04-02T07:16:18.567Z,"33km NNW of Twentynine Palms, CA",earthquake,,6.251,,9,reviewed,ci,ci
1999-11-15T07:06:45.330Z,34.707,-116.3036667,2.614,2.76,ml,28,87,,0.17,ci,ci9122871,2016-04-02T05:42:47.780Z,"13km W of Ludlow, CA",earthquake,0.31,0.72,0.239,59,reviewed,ci,ci
1999-11-15T06:06:28.840Z,34.6931667,-116.3523333,3.694,2.51,ml,23,72,,0.12,ci,ci9122861,2016-04-02T15:17:57.442Z,"18km W of Ludlow, CA",earthquake,0.33,0.83,0.249,51,reviewed,ci,ci
1999-11-15T05:53:46.970Z,34.803,-116.3641667,1.971,2.51,ml,22,74,,0.15,ci,ci9122859,2016-04-01T19:57:43.944Z,"21km WNW of Ludlow, CA",earthquake,0.3,0.56,0.262,53,reviewed,ci,ci
1999-11-15T04:14:27.000Z,34.85,-116.3541667,6.201,2.56,ml,20,86,0.02431,0.15,ci,ci9122832,2016-04-02T18:26:14.222Z,"23km NW of Ludlow, CA",earthquake,0.39,0.49,0.254,52,reviewed,ci,ci
1999-11-15T00:17:50.550Z,34.4613333,-116.2735,7.608,2.67,ml,43,39,,0.18,ci,ci9122797,2016-04-02T08:52:47.481Z,"31km SSW of Ludlow, CA",earthquake,0.28,1.44,0.252,51,reviewed,ci,ci
1999-11-14T20:59:28.830Z,34.529,-116.278,0.43,2.93,ml,0,40.2,,0.186,ci,ci9122775,2016-02-16T11:28:27.200Z,"24km SSW of Ludlow, California",earthquake,,0.331,,142,reviewed,ci,ci
1999-11-14T19:05:25.120Z,34.489,-116.265,0.728,3.13,ml,0,40.2,,0.168,ci,ci9122756,2016-04-02T19:51:38.371Z,"28km SSW of Ludlow, CA",earthquake,,0.382,,123,reviewed,ci,ci
1999-11-14T18:52:03.710Z,34.49,-116.267,-0.482,2.86,ml,0,40.2,,0.21,ci,ci9122751,2016-02-17T06:57:06.295Z,"28km SSW of Ludlow, California",earthquake,,0.332,,7,reviewed,ci,ci
1999-11-14T14:27:44.840Z,34.8306667,-116.4125,4.481,2.68,ml,21,76,,0.14,ci,ci9122696,2016-04-01T23:12:17.776Z,"26km WNW of Ludlow, CA",earthquake,0.45,0.53,0.285,48,reviewed,ci,ci
1999-11-14T14:20:09.410Z,34.836,-116.405,5.301,4.42,ml,0,60.2,,0.181,ci,ci9122706,2017-02-09T01:06:34.417Z,"26km WNW of Ludlow, CA",earthquake,,0.806,,117,reviewed,ci,ci
1999-11-14T13:47:15.620Z,33.218,-116.066,13.976,2.66,ml,0,34,0.2074,0.199,ci,ci9122689,2016-02-16T06:47:44.966Z,"10km NE of Ocotillo Wells, California",earthquake,,0.855,,6,reviewed,ci,ci
1999-11-14T12:21:51.750Z,34.579,-116.263,3.53,2.59,mc,0,55.1,0.1386,0.165,ci,ci9122680,2016-02-16T09:06:41.476Z,"18km SSW of Ludlow, California",earthquake,,0.257,,58,reviewed,ci,ci
1999-11-14T10:52:35.060Z,34.8346667,-116.3836667,3.041,2.5,mc,18,81,,0.17,ci,ci9122664,2016-02-17T04:33:11.362Z,"24km WNW of Ludlow, California",earthquake,0.53,0.5,,48,reviewed,ci,ci
1999-11-14T04:06:04.680Z,34.8633333,-116.408,0.911,2.53,ml,22,75,,0.19,ci,ci9122599,2016-04-02T15:16:49.568Z,"28km NW of Ludlow, CA",earthquake,0.37,0.73,0.271,38,reviewed,ci,ci
1999-11-14T00:55:00.040Z,34.437,-116.254,7.981,3.18,ml,0,39.5,,0.189,ci,ci9122588,2016-04-02T19:54:20.181Z,"33km SSW of Ludlow, CA",earthquake,,0.451,,160,reviewed,ci,ci
1999-11-13T14:19:49.430Z,34.159,-116.822,1.435,3.12,ml,0,26.5,,0.191,ci,ci9122477,2016-04-02T19:50:17.173Z,"12km S of Big Bear City, CA",earthquake,,0.165,,213,reviewed,ci,ci
1999-11-13T06:33:36.930Z,34.638,-116.288,2.314,2.99,ml,0,79.8,,0.143,ci,ci9122409,2016-02-17T11:42:39.201Z,"15km SW of Ludlow, California",earthquake,,0.406,,171,reviewed,ci,ci
1999-11-13T06:09:12.360Z,34.6788333,-116.3075,3.874,2.96,ml,32,59,,0.16,ci,ci9122392,2016-04-02T08:52:14.659Z,"14km WSW of Ludlow, CA",earthquake,0.24,0.54,0.224,68,reviewed,ci,ci
1999-11-13T05:05:16.170Z,34.371,-116.193,1.916,2.53,ml,0,47.2,,0.187,ci,ci9122379,2016-02-16T18:45:38.501Z,"28km NNW of Twentynine Palms, California",earthquake,,0.254,,121,reviewed,ci,ci
1999-11-12T20:45:26.980Z,34.403,-116.158,6.526,2.52,ml,0,65.5,,0.176,ci,ci9122299,2016-02-17T02:10:02.346Z,"30km NNW of Twentynine Palms, California",earthquake,,1.07,,130,reviewed,ci,ci
1999-11-12T17:53:20.950Z,34.6825,-116.3555,7.284,2.64,ml,20,72,,0.16,ci,ci9122243,2016-04-02T02:28:31.614Z,"18km WSW of Ludlow, CA",earthquake,0.37,2.25,0.493,31,reviewed,ci,ci
1999-11-12T17:11:24.620Z,34.811,-116.436,1.591,2.56,ml,0,108.9,0.08351,0.102,ci,ci9122245,2016-02-16T04:27:38.397Z,"27km WNW of Ludlow, California",earthquake,,0.84,,56,reviewed,ci,ci
1999-11-12T08:21:21.490Z,34.646,-115.836,-0.974,2.53,ml,0,101.2,,0.166,ci,ci9122135,2016-02-15T23:42:33.626Z,"13km NW of Amboy, California",earthquake,,0.955,,119,reviewed,ci,ci
1999-11-12T05:41:22.910Z,34.0491667,-117.2641667,12.94,3.22,ml,79,26,,0.18,ci,ci9122121,2016-04-02T02:29:06.160Z,"0km WNW of Loma Linda, CA",earthquake,0.21,0.38,0.218,64,reviewed,ci,ci
1999-11-11T22:54:36.370Z,34.8591667,-116.4236667,1.161,2.76,ml,25,129,,0.16,ci,ci9122030,2016-04-02T08:52:34.558Z,"29km WNW of Ludlow, CA",earthquake,0.34,0.64,0.307,52,reviewed,ci,ci
1999-11-11T11:51:11.400Z,34.521,-116.272,4.726,2.58,ml,0,72.7,,0.159,ci,ci9121899,2016-02-16T02:05:51.882Z,"24km SSW of Ludlow, California",earthquake,,14.633,,144,reviewed,ci,ci
1999-11-11T06:07:12.350Z,34.849,-116.348,5.311,3.1,ml,0,90.7,,0.202,ci,ci9121853,2016-04-02T07:12:05.209Z,"22km NW of Ludlow, CA",earthquake,,0.241,,198,reviewed,ci,ci
1999-11-11T02:00:17.630Z,34.517,-116.195,4.347,2.64,mc,0,65.5,,0.174,ci,ci7161146,2016-02-16T16:17:51.828Z,"23km S of Ludlow, California",earthquake,,0.391,,52,reviewed,ci,ci
1999-11-11T01:15:40.290Z,34.6495,-116.2901667,4.464,3.15,ml,34,84,,0.16,ci,ci7161143,2016-04-01T19:57:54.741Z,"14km WSW of Ludlow, CA",earthquake,0.24,18.39,0.155,7,reviewed,ci,ci
1999-11-11T00:39:18.390Z,34.351,-116.464,7.196,3.51,ml,0,25.4,,0.198,ci,ci9121805,2016-04-02T13:39:24.452Z,"26km N of Yucca Valley, CA",earthquake,,1.111,,197,reviewed,ci,ci
1999-11-10T22:49:45.660Z,34.8476667,-116.4076667,1.601,2.94,ml,28,128,,0.22,ci,ci9121768,2016-04-02T05:41:30.451Z,"27km WNW of Ludlow, CA",earthquake,0.4,0.73,0.251,58,reviewed,ci,ci
1999-11-10T14:55:07.110Z,34.827,-116.388,0.223,3.21,ml,0,123.3,0.04367,0.297,ci,ci9121677,2016-04-01T21:32:06.423Z,"24km WNW of Ludlow, CA",earthquake,,0.732,,147,reviewed,ci,ci
1999-11-10T11:57:53.370Z,34.724,-116.066,0.312,2.75,mc,0,124.2,,0.159,ci,ci9121636,2016-02-16T02:05:36.000Z,"9km E of Ludlow, California",earthquake,,0.908,,61,reviewed,ci,ci
1999-11-10T07:38:27.920Z,34.86,-116.396,5.351,2.59,ml,0,46.9,,0.147,ci,ci9121601,2016-02-17T02:09:26.486Z,"26km NW of Ludlow, California",earthquake,,0.998,,137,reviewed,ci,ci
1999-11-10T04:15:26.460Z,34.524,-116.287,-0.192,3.36,ml,0,39.7,,0.155,ci,ci9121568,2016-04-02T16:51:12.865Z,"25km SSW of Ludlow, CA",earthquake,,0.388,,195,reviewed,ci,ci
1999-11-10T01:43:35.470Z,34.503,-115.938,0.744,2.71,ml,0,102.3,,0.141,ci,ci9121513,2016-02-16T13:50:06.189Z,"19km WSW of Amboy, California",earthquake,,0.537,,98,reviewed,ci,ci
1999-11-10T01:41:16.420Z,34.5043333,-115.943,0.544,2.79,ml,23,83,0.1821,0.14,ci,ci9121524,2016-04-01T19:56:18.158Z,"19km WSW of Amboy, CA",earthquake,0.33,0.74,0.179,55,reviewed,ci,ci
1999-11-09T20:25:19.850Z,34.5553333,-116.2616667,3.67,2.74,ml,29,41,,0.14,ci,ci9121452,2016-04-01T23:11:48.551Z,"21km SSW of Ludlow, CA",earthquake,0.29,0.67,0.276,54,reviewed,ci,ci
1999-11-09T17:54:26.470Z,34.531,-116.264,4.42,2.83,ml,0,41,,0.172,ci,ci9121433,2016-02-16T13:49:58.461Z,"23km SSW of Ludlow, California",earthquake,,3.894,,143,reviewed,ci,ci
1999-11-09T17:18:38.080Z,34.2948333,-116.0758333,-0.619,2.56,ml,24,63,,0.17,ci,ci9121415,2016-04-02T02:28:04.508Z,"17km N of Twentynine Palms, CA",earthquake,0.31,0.74,0.441,46,reviewed,ci,ci
1999-11-09T12:04:19.960Z,34.2983333,-116.0765,-0.839,2.98,ml,42,42,,0.23,ci,ci9121347,2016-04-01T23:13:34.596Z,"18km N of Twentynine Palms, CA",earthquake,0.34,0.92,0.184,64,reviewed,ci,ci
1999-11-09T11:02:51.280Z,34.671,-116.289,1.874,2.79,ml,0,59.8,,0.195,ci,ci9121333,2016-02-16T16:17:33.378Z,"13km WSW of Ludlow, California",earthquake,,0.656,,154,reviewed,ci,ci
1999-11-09T09:38:32.720Z,34.67,-116.292,1.114,2.76,ml,0,49,,0.176,ci,ci9121314,2016-02-16T18:44:45.112Z,"13km WSW of Ludlow, California",earthquake,,0.489,,152,reviewed,ci,ci
1999-11-09T07:04:32.460Z,34.85,-116.3301667,1.491,2.6,ml,19,134,,0.2,ci,ci9121278,2016-04-02T18:26:50.334Z,"21km NW of Ludlow, CA",earthquake,0.7,0.29,0.231,52,reviewed,ci,ci
1999-11-09T03:20:37.380Z,34.8156667,-116.2838333,2.651,2.85,ml,11,139,0.04427,0.11,ci,ci3321291,2016-04-01T18:50:00.452Z,"15km NW of Ludlow, CA",earthquake,0.7,0.4,0.395,23,reviewed,ci,ci
1999-11-09T03:20:20.780Z,34.6788333,-116.2906667,0.964,2.5,ml,16,90,,0.16,ci,ci9121224,2016-04-01T19:58:13.377Z,"13km WSW of Ludlow, CA",earthquake,0.41,0.92,0.291,36,reviewed,ci,ci
1999-11-09T01:53:50.700Z,34.352,-116.138,1.656,2.66,mc,0,45.8,,0.201,ci,ci9121221,2016-02-16T23:43:11.963Z,"24km NNW of Twentynine Palms, California",earthquake,,0.22,,48,reviewed,ci,ci
1999-11-08T22:34:21.070Z,34.6306667,-116.3053333,6.844,2.54,ml,24,74,,0.12,ci,ci9121183,2016-04-02T05:43:10.754Z,"17km SW of Ludlow, CA",earthquake,0.25,2.21,0.29,50,reviewed,ci,ci
1999-11-08T16:31:19.900Z,34.601,-116.275,-0.61,3.43,ml,0,40.8,,0.182,ci,ci9121111,2016-02-16T23:43:05.693Z,"17km SW of Ludlow, California",earthquake,,0.339,,179,reviewed,ci,ci
1999-11-08T12:32:28.150Z,34.8005,-116.2883333,3.501,2.68,ml,24,69,,0.17,ci,ci9121075,2016-04-02T18:26:26.546Z,"15km NW of Ludlow, CA",earthquake,0.31,0.47,0.211,59,reviewed,ci,ci
1999-11-08T08:00:00.070Z,34.542,-116.266,0.617,2.51,ml,0,59.3,,0.164,ci,ci9121013,2016-02-15T23:41:36.243Z,"22km SSW of Ludlow, California",earthquake,,0.419,,135,reviewed,ci,ci
1999-11-08T07:44:40.240Z,34.7785,-116.3483333,2.681,3.31,ml,36,45,,0.17,ci,ci9121024,2016-04-02T15:17:32.210Z,"18km WNW of Ludlow, CA",earthquake,0.27,0.42,0.163,76,reviewed,ci,ci
1999-11-08T05:28:11.150Z,34.8038333,-116.2583333,3.821,2.61,ml,19,102,,0.12,ci,ci9120990,2016-04-02T15:17:28.945Z,"13km NW of Ludlow, CA",earthquake,0.48,0.38,0.184,53,reviewed,ci,ci
1999-11-08T04:52:24.040Z,34.6678333,-116.2993333,2.024,2.67,ml,26,59,,0.14,ci,ci9120986,2016-04-01T19:57:28.402Z,"14km WSW of Ludlow, CA",earthquake,0.29,0.7,0.23,57,reviewed,ci,ci
1999-11-08T02:48:56.070Z,34.5235,-116.204,8.737,2.57,ml,28,64,,0.15,ci,ci9120952,2016-04-02T15:17:27.138Z,"22km S of Ludlow, CA",earthquake,0.29,1.64,0.242,55,reviewed,ci,ci
1999-11-07T21:40:18.280Z,35.0216667,-116.4075,3.271,2.51,ml,19,156,,0.15,ci,ci9120897,2016-04-02T08:51:42.645Z,"37km SE of Fort Irwin, CA",earthquake,0.44,0.46,0.24,47,reviewed,ci,ci
1999-11-07T18:53:59.910Z,34.7815,-116.2906667,4.374,2.56,ml,25,100,,0.15,ci,ci9120848,2016-04-02T15:16:42.517Z,"14km WNW of Ludlow, CA",earthquake,0.37,0.42,0.244,53,reviewed,ci,ci
1999-11-07T17:36:34.310Z,34.784,-116.291,4.434,2.91,ml,0,79,0.05799,0.143,ci,ci9120850,2016-02-16T06:46:27.170Z,"14km WNW of Ludlow, California",earthquake,,0.2,,170,reviewed,ci,ci
1999-11-07T16:17:21.900Z,34.8423333,-116.3618333,4.411,2.9,ml,24,131,,0.16,ci,ci9120825,2016-04-02T18:25:27.065Z,"23km NW of Ludlow, CA",earthquake,0.45,0.22,0.21,65,reviewed,ci,ci
1999-11-07T11:37:57.700Z,34.6356667,-116.3218333,1.764,3.1,ml,22,74,0.1482,0.21,ci,ci9120783,2016-04-02T18:25:25.523Z,"18km WSW of Ludlow, CA",earthquake,0.35,0.89,0.183,4,reviewed,ci,ci
1999-11-07T11:36:49.230Z,34.6,-116.218,6.31,2.9,ml,0,54.4,,0.139,ci,ci9120795,2016-04-01T23:11:59.666Z,"14km SSW of Ludlow, CA",earthquake,,2.843,,174,reviewed,ci,ci
1999-11-07T10:23:41.350Z,34.8415,-116.3626667,4.231,2.87,ml,21,85,,0.17,ci,ci9120768,2016-04-02T12:07:30.737Z,"23km NW of Ludlow, CA",earthquake,0.49,0.31,0.224,69,reviewed,ci,ci
1999-11-07T09:20:52.410Z,34.605,-116.307,-0.486,3.21,ml,0,39.2,,0.174,ci,ci9120780,2016-04-02T10:36:34.840Z,"19km SW of Ludlow, CA",earthquake,,0.401,,207,reviewed,ci,ci
1999-11-07T09:03:44.860Z,34.6831667,-116.3085,0.754,2.8,ml,23,85,,0.15,ci,ci9120758,2016-04-02T18:26:40.668Z,"14km WSW of Ludlow, CA",earthquake,0.32,0.71,0.193,66,reviewed,ci,ci
1999-11-07T09:01:47.390Z,34.79,-116.2961667,3.391,2.9,ml,27,60,,0.16,ci,ci9120757,2016-04-01T23:13:26.662Z,"15km WNW of Ludlow, CA",earthquake,0.31,0.4,0.179,68,reviewed,ci,ci
1999-11-07T07:58:09.710Z,34.865,-116.4,2.023,3.03,ml,0,70.9,0.06418,0.203,ci,ci9120762,2016-04-02T07:16:13.834Z,"27km NW of Ludlow, CA",earthquake,,1.349,,174,reviewed,ci,ci
1999-11-07T06:47:49.700Z,34.79,-116.292,4.061,4.03,ml,0,67.5,,0.141,ci,ci9120741,2016-04-02T00:51:17.563Z,"14km WNW of Ludlow, CA",earthquake,,0.195,,236,reviewed,ci,ci
1999-11-07T01:38:38.800Z,34.8511667,-116.2868333,5.751,2.8,ml,21,137,,0.16,ci,ci9120658,2016-04-02T18:26:37.945Z,"18km NW of Ludlow, CA",earthquake,0.43,0.63,0.229,65,reviewed,ci,ci
1999-11-06T23:06:11.740Z,34.6503333,-116.292,4.164,2.53,ml,14,85,0.1204,0.13,ci,ci9120632,2016-04-02T02:29:45.799Z,"14km WSW of Ludlow, CA",earthquake,0.46,0.89,0.287,12,reviewed,ci,ci
1999-11-06T22:15:48.390Z,34.5706667,-116.263,0.47,2.95,ml,32,51,,0.14,ci,ci9120623,2016-04-02T08:52:44.691Z,"19km SSW of Ludlow, CA",earthquake,0.26,0.57,0.207,69,reviewed,ci,ci
1999-11-06T19:19:39.360Z,34.6833333,-116.3055,0.814,2.69,ml,30,59,,0.16,ci,ci9120582,2016-04-02T15:17:52.135Z,"14km WSW of Ludlow, CA",earthquake,0.3,0.62,0.202,63,reviewed,ci,ci
1999-11-06T17:57:23.280Z,34.833,-116.334,4.661,3.36,ml,0,48.2,,0.184,ci,ci9120584,2016-04-02T19:50:49.620Z,"20km NW of Ludlow, CA",earthquake,,0.181,,199,reviewed,ci,ci
1999-11-06T03:47:34.160Z,34.83,-116.383,2.921,3.5,ml,0,64.9,,0.173,ci,ci9120440,2016-04-02T04:03:57.652Z,"24km WNW of Ludlow, CA",earthquake,,0.171,,199,reviewed,ci,ci
1999-11-06T01:27:47.390Z,34.517,-116.253,4.29,2.96,ml,0,41.5,,0.155,ci,ci9120402,2016-02-16T13:49:22.349Z,"24km SSW of Ludlow, California",earthquake,,0.435,,171,reviewed,ci,ci
1999-11-06T00:12:16.660Z,34.504,-116.252,1.247,3.08,ml,0,60.2,,0.215,ci,ci7159793,2016-04-02T00:48:07.125Z,"26km SSW of Ludlow, CA",earthquake,,0.294,,13,reviewed,ci,ci
1999-11-05T22:25:10.730Z,34.555,-116.267,8.8,2.5,ml,0,48.3,,0.136,ci,ci9120357,2016-02-17T09:17:59.061Z,"21km SSW of Ludlow, California",earthquake,,1.751,,130,reviewed,ci,ci
1999-11-05T20:58:55.640Z,34.85,-116.347,0.391,2.57,ml,0,133.8,0.02146,0.191,ci,ci9120336,2016-02-17T09:17:56.440Z,"22km NW of Ludlow, California",earthquake,,0.2,,132,reviewed,ci,ci
1999-11-05T18:02:57.520Z,34.6168333,-116.2908333,3.254,3.36,ml,35,45,,0.17,ci,ci9120287,2016-04-01T23:12:55.023Z,"17km SW of Ludlow, CA",earthquake,0.33,1.2,0.186,76,reviewed,ci,ci
1999-11-05T17:21:28.010Z,34.8,-116.309,3.231,3.04,ml,0,47.3,,0.152,ci,ci9120276,2016-02-16T11:26:13.988Z,"16km WNW of Ludlow, California",earthquake,,0.148,,185,reviewed,ci,ci
1999-11-04T23:49:59.580Z,34.847,-116.349,-0.009,2.99,ml,0,90.5,,0.23,ci,ci9120037,2016-02-16T21:13:07.343Z,"22km NW of Ludlow, California",earthquake,,0.321,,169,reviewed,ci,ci
1999-11-04T23:11:29.970Z,34.7495,-116.3418333,0.759,2.65,ml,21,64,,0.14,ci,ci9120013,2016-04-02T02:28:01.669Z,"17km W of Ludlow, CA",earthquake,0.33,0.77,0.25,49,reviewed,ci,ci
1999-11-04T19:22:11.290Z,34.8373333,-116.3888333,2.994,2.74,ml,23,81,,0.15,ci,ci9119940,2016-04-02T02:27:58.506Z,"25km WNW of Ludlow, CA",earthquake,0.35,0.41,0.372,49,reviewed,ci,ci
1999-11-04T19:10:56.710Z,34.839,-116.3873333,2.601,3.31,ml,28,66,,0.21,ci,ci9119958,2016-04-02T02:28:00.153Z,"25km WNW of Ludlow, CA",earthquake,0.36,0.62,0.243,71,reviewed,ci,ci
1999-11-04T16:38:08.890Z,35.7406667,-116.5526667,5.354,2.56,mc,15,73,0.2756,0.21,ci,ci9119923,2016-02-17T06:55:09.148Z,"32km WSW of Tecopa, California",earthquake,0.48,31.61,,41,reviewed,ci,ci
1999-11-04T14:03:31.090Z,34.2996667,-116.0756667,-0.769,2.89,ml,40,42,,0.19,ci,ci9119886,2016-04-02T12:07:12.222Z,"18km N of Twentynine Palms, CA",earthquake,0.26,0.63,0.217,60,reviewed,ci,ci
1999-11-04T10:04:39.890Z,34.8448333,-116.3593333,5.414,2.56,mc,17,85,0.02344,0.19,ci,ci9119827,2016-02-16T11:25:48.444Z,"23km NW of Ludlow, California",earthquake,0.55,0.65,,51,reviewed,ci,ci
1999-11-04T05:00:01.030Z,34.708,-116.302,2.204,3.53,ml,0,61.5,,0.209,ci,ci9119773,2016-02-16T16:15:58.951Z,"13km W of Ludlow, California",earthquake,,0.312,,212,reviewed,ci,ci
1999-11-04T03:09:25.340Z,34.556,-116.245,4.06,2.77,ml,0,46.5,0.1483,0.165,ci,ci9119749,2016-02-16T23:41:56.649Z,"20km SSW of Ludlow, California",earthquake,,0.246,,151,reviewed,ci,ci
1999-11-03T18:52:23.280Z,34.7081667,-116.2826667,2.354,3.2,ml,25,62,,0.15,ci,ci9119651,2016-04-01T19:57:33.386Z,"11km W of Ludlow, CA",earthquake,0.28,0.59,0.238,71,reviewed,ci,ci
1999-11-03T13:37:12.410Z,34.8325,-116.3185,3.904,2.83,ml,20,93,,0.15,ci,ci9119563,2016-04-01T19:57:31.172Z,"19km NW of Ludlow, CA",earthquake,0.47,0.23,0.232,65,reviewed,ci,ci
1999-11-03T08:23:07.390Z,34.8458333,-116.36,5.194,2.56,ml,18,131,0.02449,0.15,ci,ci9119493,2016-04-02T12:08:31.794Z,"23km NW of Ludlow, CA",earthquake,0.54,0.78,0.227,57,reviewed,ci,ci
1999-11-03T04:37:45.490Z,34.685,-116.375,0.344,3.21,ml,0,66.3,,0.136,ci,ci9119438,2016-04-01T21:33:32.010Z,"20km WSW of Ludlow, CA",earthquake,,0.413,,15,reviewed,ci,ci
1999-11-03T04:08:34.330Z,34.8448333,-116.3615,5.114,2.95,ml,23,46,,0.19,ci,ci9119426,2016-04-02T02:29:26.578Z,"23km NW of Ludlow, CA",earthquake,0.45,0.73,0.24,65,reviewed,ci,ci
1999-11-03T03:30:00.830Z,34.8483333,-116.362,5.734,3.46,ml,21,84,,0.16,ci,ci3321414,2016-04-01T22:03:52.712Z,"23km NW of Ludlow, CA",earthquake,0.43,0.62,0.239,67,reviewed,ci,ci
1999-11-03T03:27:57.030Z,34.8473333,-116.357,5.224,4.04,ml,52,48,,0.21,ci,ci9119414,2016-04-02T15:18:02.046Z,"23km NW of Ludlow, CA",earthquake,0.38,0.78,0.124,223,reviewed,ci,ci
1999-11-03T02:55:05.730Z,34.7986667,-116.2833333,3.494,3.77,ml,21,100,,0.11,ci,ci3321426,2016-04-02T14:11:05.897Z,"14km NW of Ludlow, CA",earthquake,0.43,0.41,0.183,76,reviewed,ci,ci
1999-11-03T02:52:22.670Z,34.798,-116.284,3.069,3.29,ml,0,129.4,,0.133,ci,ci3321425,2016-04-02T19:52:07.504Z,"14km NW of Ludlow, CA",earthquake,,0.317,,190,reviewed,ci,ci
1999-11-03T02:06:52.820Z,34.823,-116.249,-1.094,2.73,ml,0,135.3,,0.165,ci,ci7158823,2016-02-17T02:07:47.025Z,"14km NW of Ludlow, California",earthquake,,0.724,,125,reviewed,ci,ci
1999-11-03T01:28:07.200Z,34.527,-116.295,-0.002,2.61,ml,0,55.6,,0.168,ci,ci7158832,2016-02-17T02:07:45.676Z,"25km SSW of Ludlow, California",earthquake,,0.42,,144,reviewed,ci,ci
1999-11-03T00:32:46.870Z,34.644,-116.29,2.789,3.02,ml,0,82.8,,0.143,ci,ci7158805,2016-04-02T07:13:51.523Z,"15km SW of Ludlow, CA",earthquake,,1.11,,175,reviewed,ci,ci
1999-11-03T00:12:24.910Z,34.8218333,-116.3325,1.599,2.54,ml,20,78,,0.17,ci,ci7158798,2016-04-01T19:57:53.238Z,"19km NW of Ludlow, CA",earthquake,0.32,0.42,0.295,53,reviewed,ci,ci
1999-11-02T17:57:23.340Z,34.6513333,-116.2956667,4.569,2.89,ml,23,84,,0.16,ci,ci7158686,2016-04-02T02:28:53.243Z,"15km WSW of Ludlow, CA",earthquake,0.26,14.24,0.252,59,reviewed,ci,ci
1999-11-02T16:58:05.150Z,34.826,-116.339,4.456,2.87,mc,0,77.7,,0.192,ci,ci7158672,2016-02-17T11:40:18.476Z,"20km NW of Ludlow, California",earthquake,,0.46,,67,reviewed,ci,ci
1999-11-02T12:03:11.230Z,34.829,-116.372,5.096,2.63,ml,0,125.7,0.02867,0.152,ci,ci9119320,2016-02-17T06:54:48.740Z,"23km WNW of Ludlow, California",earthquake,,0.949,,149,reviewed,ci,ci
1999-11-02T10:00:13.280Z,34.684,-116.307,0.184,2.98,ml,0,40.5,,0.171,ci,ci9119299,2016-02-16T02:03:33.625Z,"14km WSW of Ludlow, California",earthquake,,0.313,,8,reviewed,ci,ci
1999-11-02T09:08:51.580Z,34.682,-116.304,0.154,3.44,ml,0,59.7,,0.18,ci,ci9119285,2016-04-02T16:52:04.407Z,"14km WSW of Ludlow, CA",earthquake,,0.328,,224,reviewed,ci,ci
1999-11-02T05:54:30.880Z,34.797,-116.309,2.364,2.76,ml,0,66.5,,0.156,ci,ci9119249,2016-02-16T23:41:21.658Z,"16km WNW of Ludlow, California",earthquake,,0.163,,164,reviewed,ci,ci
1999-11-02T04:08:37.510Z,34.571,-116.271,0.39,2.91,ml,0,41,,0.182,ci,ci9119220,2016-02-15T23:39:59.082Z,"20km SSW of Ludlow, California",earthquake,,0.384,,163,reviewed,ci,ci
1999-11-02T03:36:47.990Z,34.831,-116.363,0.345,2.77,ml,0,129.7,,0.17,ci,ci9119202,2016-02-16T04:25:11.971Z,"22km WNW of Ludlow, California",earthquake,,1.995,,149,reviewed,ci,ci
1999-11-01T22:43:12.710Z,34.693,-116.31,1.066,2.57,mc,0,88.3,,0.133,ci,ci9119146,2016-02-17T02:07:24.539Z,"14km WSW of Ludlow, California",earthquake,,0.989,,54,reviewed,ci,ci
1999-11-01T20:37:06.400Z,34.6213333,-116.2681667,-1.111,2.67,mc,18,85,,0.14,ci,ci9119118,2016-02-17T09:16:46.710Z,"15km SW of Ludlow, California",earthquake,0.46,1.02,,59,reviewed,ci,ci
1999-11-01T20:19:10.670Z,33.1593333,-116.0195,5.533,3.51,ml,36,30,,0.26,ci,ci9119111,2016-04-02T05:41:45.312Z,"11km E of Ocotillo Wells, CA",earthquake,0.38,24.87,0.137,8,reviewed,ci,ci
1999-11-01T19:42:47.620Z,34.392,-116.233,-0.382,2.66,ml,0,62.3,,0.167,ci,ci9119104,2016-02-16T06:44:51.906Z,"30km NNE of Joshua Tree, California",earthquake,,0.602,,113,reviewed,ci,ci
1999-11-01T19:11:55.300Z,34.429,-116.193,2.216,3,ml,0,44.3,,0.228,ci,ci9119106,2016-04-02T00:46:49.230Z,"33km S of Ludlow, CA",earthquake,,0.213,,152,reviewed,ci,ci
1999-11-01T11:05:02.500Z,34.777,-116.311,-1.071,2.85,ml,0,109.3,,0.191,ci,ci9119000,2016-02-17T09:16:44.157Z,"15km WNW of Ludlow, California",earthquake,,0.67,,203,reviewed,ci,ci
1999-11-01T09:13:19.300Z,34.8005,-116.2566667,2.919,2.56,ml,18,130,,0.14,ci,ci9118969,2016-04-02T08:51:28.516Z,"12km NW of Ludlow, CA",earthquake,0.34,0.48,0.195,57,reviewed,ci,ci
1999-11-01T08:21:47.090Z,34.553,-116.263,0.79,3.27,ml,0,47.5,,0.15,ci,ci9118972,2016-04-02T00:47:34.117Z,"21km SSW of Ludlow, CA",earthquake,,0.353,,219,reviewed,ci,ci
1999-11-01T07:17:25.570Z,34.6723333,-116.2881667,2.684,2.94,ml,23,76,,0.16,ci,ci9118945,2016-04-01T19:56:14.990Z,"13km WSW of Ludlow, CA",earthquake,0.4,0.78,0.202,66,reviewed,ci,ci
1999-11-01T07:04:22.580Z,34.567,-116.267,0.25,2.87,ml,0,51.5,0.1499,0.145,ci,ci9118954,2016-02-16T18:42:55.257Z,"20km SSW of Ludlow, California",earthquake,,0.458,,181,reviewed,ci,ci
1999-11-01T04:43:36.070Z,34.326,-116.118,1.471,2.74,ml,0,61.1,0.04716,0.197,ci,ci9118924,2016-02-17T06:54:30.122Z,"21km NNW of Twentynine Palms, California",earthquake,,0.373,,81,reviewed,ci,ci
1999-11-01T04:43:24.550Z,34.8035,-116.3053333,2.704,2.75,mc,16,128,,0.11,ci,ci3321399,2016-04-02T14:11:04.062Z,"16km NW of Ludlow, CA",earthquake,0.44,0.4,,64,reviewed,ci,ci
1999-11-01T03:11:47.280Z,34.778,-116.354,0.664,2.64,mc,0,50.5,,0.122,ci,ci9118881,2016-02-16T23:40:59.986Z,"19km WNW of Ludlow, California",earthquake,,0.269,,62,reviewed,ci,ci
1999-11-01T02:00:28.580Z,34.323,-116.118,-0.839,3.42,ml,0,41.4,,0.207,ci,ci9118869,2016-04-02T00:48:50.109Z,"21km NNW of Twentynine Palms, CA",earthquake,,0.313,,201,reviewed,ci,ci
1999-11-01T01:59:23.100Z,34.482,-116.235,9.617,2.94,ml,0,61.3,,0.167,ci,ci9118840,2016-02-16T11:24:59.009Z,"28km SSW of Ludlow, California",earthquake,,0.504,,14,reviewed,ci,ci
1999-11-01T01:53:46.400Z,34.305,-116.851,-1.336,3.15,ml,0,24.7,,0.182,ci,ci9118857,2016-04-02T19:52:06.112Z,"5km N of Big Bear City, CA",earthquake,,0.365,,201,reviewed,ci,ci
1999-10-31T22:16:49.350Z,34.83,-116.338,4.016,3.08,ml,0,131.3,,0.127,ci,ci9118759,2016-04-01T21:31:27.800Z,"20km NW of Ludlow, CA",earthquake,,0.207,,215,reviewed,ci,ci
1999-10-31T20:44:46.000Z,34.7,-116.375,1.952,3.24,ml,0,74.1,,0.16,ci,ci9118726,2016-04-02T13:41:08.083Z,"20km W of Ludlow, CA",earthquake,,0.79,,8,reviewed,ci,ci
1999-10-31T20:44:37.440Z,34.817,-116.401,-0.218,2.5,mh,0,110.9,0.05411,0.217,ci,ci3326700,2016-02-16T23:40:52.366Z,"24km WNW of Ludlow, California",earthquake,,0.77,,0,reviewed,ci,ci
1999-10-31T20:41:34.280Z,34.771,-116.412,0.946,2.5,ml,0,77.6,,0.146,ci,ci9118704,2016-02-17T02:07:03.185Z,"24km WNW of Ludlow, California",earthquake,,0.624,,138,reviewed,ci,ci
1999-10-31T19:55:42.360Z,34.772,-116.415,0.736,2.65,ml,0,79.2,,0.22,ci,ci9118693,2016-02-17T04:30:22.378Z,"24km WNW of Ludlow, California",earthquake,,0.417,,162,reviewed,ci,ci
1999-10-31T18:59:25.880Z,34.425,-116.184,2.748,3.44,ml,0,43.3,,0.205,ci,ci9118682,2016-04-02T07:12:03.313Z,"33km S of Ludlow, CA",earthquake,,0.202,,187,reviewed,ci,ci
1999-10-31T15:11:39.700Z,34.634,-116.322,1.186,2.5,ml,0,77.4,,0.185,ci,ci9118616,2016-02-15T23:39:40.191Z,"18km WSW of Ludlow, California",earthquake,,0.46,,146,reviewed,ci,ci
1999-10-31T13:38:27.480Z,34.698,-116.289,3.146,2.76,ml,0,95.8,,0.134,ci,ci9118593,2016-02-15T23:39:37.307Z,"12km WSW of Ludlow, California",earthquake,,1.493,,159,reviewed,ci,ci
1999-10-31T11:56:53.120Z,34.867,-116.395,1.994,3.26,ml,0,68.7,,0.308,ci,ci9118584,2016-04-02T10:31:54.162Z,"27km NW of Ludlow, CA",earthquake,,0.464,,215,reviewed,ci,ci
1999-10-31T07:00:56.630Z,34.581,-116.265,-0.563,3.23,ml,0,41.3,,0.169,ci,ci9118527,2016-04-02T19:51:24.702Z,"18km SSW of Ludlow, CA",earthquake,,0.418,,208,reviewed,ci,ci
1999-10-31T06:28:02.870Z,34.826,-116.387,6.034,2.6,ml,0,54.1,,0.133,ci,ci9118517,2016-02-16T02:02:47.241Z,"24km WNW of Ludlow, California",earthquake,,0.637,,163,reviewed,ci,ci
1999-10-31T02:09:58.930Z,34.527,-116.121,3.364,2.81,ml,0,87.1,,0.191,ci,ci9118453,2016-02-16T21:11:13.764Z,"22km S of Ludlow, California",earthquake,,0.359,,148,reviewed,ci,ci
1999-10-31T01:33:54.600Z,34.604,-116.293,-0.124,2.59,ml,0,79.6,,0.177,ci,ci9118447,2016-02-16T13:48:00.709Z,"18km SW of Ludlow, California",earthquake,,0.426,,134,reviewed,ci,ci
1999-10-31T00:25:44.490Z,34.816,-116.386,1.146,2.7,ml,0,106.1,,0.168,ci,ci9118428,2016-02-16T21:11:12.502Z,"23km WNW of Ludlow, California",earthquake,,0.443,,144,reviewed,ci,ci
1999-10-30T21:01:10.790Z,34.7861671,-116.2955017,2.429,2.78,ml,0,124,,0.18,ci,ci9636328,2016-02-16T04:24:40.704Z,"14km WNW of Ludlow, California",earthquake,0.43,0.54,0.1,100,automatic,ci,ci
1999-10-30T20:46:38.900Z,34.548,-116.316,-0.424,2.52,ml,0,69.6,,0.177,ci,ci9118370,2016-02-17T11:39:41.560Z,"24km SW of Ludlow, California",earthquake,,0.474,,125,reviewed,ci,ci
1999-10-30T19:32:33.330Z,34.696,-116.303,2.696,2.79,ml,0,91,,0.135,ci,ci9118347,2016-02-16T13:47:53.438Z,"13km WSW of Ludlow, California",earthquake,,1.758,,140,reviewed,ci,ci
1999-10-30T11:18:57.080Z,34.709,-116.307,5.879,3.84,ml,0,61.3,,0.18,ci,ci9118257,2016-04-02T13:41:06.741Z,"14km W of Ludlow, CA",earthquake,,3.094,,249,reviewed,ci,ci
1999-10-30T09:33:56.810Z,34.855,-116.409,2.451,3.27,ml,0,130.1,,0.186,ci,ci9118228,2016-04-02T16:52:02.808Z,"27km WNW of Ludlow, CA",earthquake,,0.474,,220,reviewed,ci,ci
1999-10-30T05:16:31.650Z,34.884,-116.256,4.84,2.68,ml,0,145.4,,0.322,ci,ci9118144,2016-02-17T09:15:57.971Z,"20km NNW of Ludlow, California",earthquake,,,,6,reviewed,ci,ci
1999-10-30T03:32:59.220Z,34.848,-116.355,6.594,4.11,ml,0,64.9,,0.202,ci,ci9118145,2016-04-01T21:32:50.295Z,"23km NW of Ludlow, CA",earthquake,,0.176,,233,reviewed,ci,ci
1999-10-30T02:08:47.060Z,34.458,-116.242,5.72,2.59,mc,0,137.8,0.06833,0.185,ci,ci3326056,2016-02-16T13:47:35.697Z,"30km SSW of Ludlow, California",earthquake,,1.586,,8,reviewed,ci,ci
1999-10-30T01:44:08.420Z,34.53,-116.282,-1.084,2.62,ml,0,72.1,,0.244,ci,ci9118115,2016-02-16T04:24:26.902Z,"24km SSW of Ludlow, California",earthquake,,1.061,,92,reviewed,ci,ci
1999-10-29T23:45:05.910Z,34.581,-116.273,-0.864,2.76,ml,0,79.6,,0.181,ci,ci9118081,2016-02-16T13:47:33.156Z,"19km SSW of Ludlow, California",earthquake,,0.78,,125,reviewed,ci,ci
1999-10-29T23:27:12.640Z,34.592,-116.231,2.966,2.54,ml,0,87.5,,0.216,ci,ci9118076,2016-02-16T04:24:22.611Z,"16km SSW of Ludlow, California",earthquake,,0.759,,25,reviewed,ci,ci
1999-10-29T23:26:02.880Z,34.809,-116.294,2.989,3.28,ml,0,130.6,0.0394,0.074,ci,ci9118092,2016-04-02T04:02:21.699Z,"16km NW of Ludlow, CA",earthquake,,0.446,,3,reviewed,ci,ci
1999-10-29T20:57:46.910Z,34.562,-116.229,9.077,3.05,ml,0,82.7,,0.159,ci,ci9118062,2016-04-02T10:31:52.498Z,"19km SSW of Ludlow, CA",earthquake,,2.572,,152,reviewed,ci,ci
1999-10-29T19:04:39.360Z,34.606,-116.308,-0.564,2.69,ml,0,77,,0.159,ci,ci9118016,2016-02-17T09:15:47.151Z,"19km SW of Ludlow, California",earthquake,,0.608,,70,reviewed,ci,ci
1999-10-29T18:20:49.620Z,34.795,-116.31,-0.604,2.55,ml,0,121.8,,0.146,ci,ci9118008,2016-02-16T02:02:18.668Z,"16km WNW of Ludlow, California",earthquake,,1.924,,118,reviewed,ci,ci
1999-10-29T18:02:23.630Z,34.405,-116.192,1.988,2.5,ml,0,66.1,0.07896,0.156,ci,ci9118002,2016-02-16T11:24:20.903Z,"32km NNW of Twentynine Palms, California",earthquake,,0.44,,95,reviewed,ci,ci
1999-10-29T17:43:16.220Z,34.795,-116.317,2.649,3.08,ml,0,111.8,0.03738,0.125,ci,ci9118012,2016-04-02T04:01:17.215Z,"16km WNW of Ludlow, CA",earthquake,,0.371,,151,reviewed,ci,ci
1999-10-29T17:41:33.400Z,34.803,-116.318,2.366,2.6,ml,0,119.8,,0.192,ci,ci9117986,2016-02-16T18:42:10.936Z,"17km WNW of Ludlow, California",earthquake,,0.638,,112,reviewed,ci,ci
1999-10-29T16:22:51.240Z,34.566,-116.258,-0.123,3.52,ml,0,79.5,,0.191,ci,ci9117998,2016-04-01T21:32:48.630Z,"19km SSW of Ludlow, CA",earthquake,,0.772,,197,reviewed,ci,ci
1999-10-29T16:05:59.600Z,34.526,-116.241,6.427,3.47,ml,0,76.1,,0.171,ci,ci9117989,2016-04-02T19:50:46.670Z,"23km SSW of Ludlow, CA",earthquake,,2.643,,193,reviewed,ci,ci
1999-10-29T15:52:59.870Z,34.599,-116.287,-0.594,2.63,mc,0,79.8,,0.171,ci,ci9117968,2016-02-17T06:53:53.788Z,"18km SW of Ludlow, California",earthquake,,0.436,,48,reviewed,ci,ci
1999-10-29T14:11:01.600Z,34.793,-116.277,1.786,2.56,ml,0,129,,0.128,ci,ci9117949,2016-02-15T23:39:11.842Z,"13km NW of Ludlow, California",earthquake,,0.643,,106,reviewed,ci,ci
1999-10-29T13:59:15.740Z,34.669,-116.297,1.566,2.59,ml,0,88.1,,0.184,ci,ci9117940,2016-02-15T23:39:10.409Z,"14km WSW of Ludlow, California",earthquake,,0.711,,107,reviewed,ci,ci
1999-10-29T13:19:49.250Z,34.801,-116.307,2.446,2.65,ml,0,130.2,,0.167,ci,ci9117935,2016-02-17T04:29:51.981Z,"16km WNW of Ludlow, California",earthquake,,0.577,,128,reviewed,ci,ci
1999-10-29T13:13:47.800Z,34.525,-116.283,-0.384,2.85,ml,0,71.6,,0.174,ci,ci9117934,2016-02-16T13:47:25.586Z,"24km SSW of Ludlow, California",earthquake,,0.426,,137,reviewed,ci,ci
1999-10-29T12:36:37.510Z,34.522,-116.273,-0.533,4.31,ml,0,40.4,,0.194,ci,ci9117942,2017-02-09T00:45:41.737Z,"24km SSW of Ludlow, CA",earthquake,,0.354,,162,reviewed,ci,ci
1999-10-29T09:36:18.510Z,34.561,-116.263,-0.134,2.65,mc,0,78.3,,0.168,ci,ci9117881,2016-02-17T02:06:22.905Z,"20km SSW of Ludlow, California",earthquake,,0.469,,48,reviewed,ci,ci
1999-10-29T05:30:46.780Z,34.366,-116.144,2.991,2.96,ml,0,64.1,,0.166,ci,ci9117844,2016-02-16T18:41:57.836Z,"26km NNW of Twentynine Palms, California",earthquake,,0.181,,180,reviewed,ci,ci
1999-10-29T04:23:03.830Z,34.569,-116.24,9.867,2.55,ml,0,82.4,0.1724,0.128,ci,ci9117827,2016-02-16T04:24:10.952Z,"18km SSW of Ludlow, California",earthquake,,2.027,,78,reviewed,ci,ci
1999-10-29T04:21:14.660Z,34.473,-116.27,5.486,2.58,ml,0,67.4,,0.15,ci,ci9117804,2016-02-16T11:24:05.796Z,"29km SSW of Ludlow, California",earthquake,,1.763,,120,reviewed,ci,ci
1999-10-29T03:19:16.340Z,34.515,-116.276,3.759,2.51,ml,0,70.9,0.1144,0.2,ci,ci9117806,2016-02-16T02:02:06.628Z,"25km SSW of Ludlow, California",earthquake,,0.429,,6,reviewed,ci,ci
1999-10-28T22:36:15.200Z,34.509,-116.271,0.329,3.1,ml,0,70.9,,0.199,ci,ci9117730,2016-04-02T13:41:25.252Z,"26km SSW of Ludlow, CA",earthquake,,0.311,,116,reviewed,ci,ci
1999-10-28T19:09:20.700Z,34.791,-116.371,-0.311,2.59,ml,0,70.2,,0.159,ci,ci9117668,2016-02-17T02:06:20.079Z,"21km WNW of Ludlow, California",earthquake,,0.937,,104,reviewed,ci,ci
1999-10-28T17:10:45.810Z,34.537,-116.287,-0.913,3.37,ml,0,72,,0.191,ci,ci9117629,2016-04-01T21:32:04.969Z,"24km SSW of Ludlow, CA",earthquake,,0.401,,198,reviewed,ci,ci
1999-10-28T16:49:31.630Z,34.795,-116.364,0.363,2.57,ml,0,67.7,,0.179,ci,ci9117604,2016-02-17T04:29:35.798Z,"20km WNW of Ludlow, California",earthquake,,0.95,,115,reviewed,ci,ci
1999-10-28T16:39:20.380Z,34.615,-116.268,-1.242,3.13,ml,0,85.4,,0.154,ci,ci9117615,2016-04-02T10:31:50.210Z,"15km SW of Ludlow, CA",earthquake,,0.562,,155,reviewed,ci,ci
1999-10-28T12:57:05.330Z,34.506,-116.276,5.469,2.5,ml,0,70,,0.215,ci,ci9117547,2016-02-17T11:39:13.170Z,"26km SSW of Ludlow, California",earthquake,,3.405,,89,reviewed,ci,ci
1999-10-28T10:55:38.400Z,34.712,-116.295,2.726,2.55,ml,0,97,,0.127,ci,ci9117502,2016-02-16T02:01:53.697Z,"12km W of Ludlow, California",earthquake,,1.457,,68,reviewed,ci,ci
1999-10-28T08:50:04.630Z,34.541,-116.262,4.006,2.73,ml,0,75.9,,0.182,ci,ci9117461,2016-02-16T23:39:54.901Z,"22km SSW of Ludlow, California",earthquake,,0.601,,157,reviewed,ci,ci
1999-10-28T02:29:58.800Z,34.826,-116.384,2.759,3.22,ml,0,79.6,,0.204,ci,ci9117388,2016-04-02T10:33:09.707Z,"24km WNW of Ludlow, CA",earthquake,,0.303,,207,reviewed,ci,ci
1999-10-28T00:42:37.130Z,34.678,-116.362,1.522,3.18,ml,0,56.3,,0.222,ci,ci9117354,2016-04-02T10:34:24.150Z,"19km WSW of Ludlow, CA",earthquake,,0.327,,206,reviewed,ci,ci
1999-10-28T00:33:02.080Z,34.606,-116.284,2.266,2.92,ml,0,81.2,,0.175,ci,ci9117335,2016-02-16T02:01:47.367Z,"17km SW of Ludlow, California",earthquake,,0.474,,144,reviewed,ci,ci
1999-10-27T22:35:38.910Z,34.441,-116.207,-0.082,3.39,ml,0,68.8,,0.216,ci,ci9117315,2016-04-01T21:32:47.144Z,"31km S of Ludlow, CA",earthquake,,0.416,,23,reviewed,ci,ci
1999-10-27T21:57:08.330Z,34.681,-116.281,0.356,2.61,ml,0,94.6,,0.211,ci,ci9117292,2016-02-17T11:39:03.778Z,"12km WSW of Ludlow, California",earthquake,,0.783,,80,reviewed,ci,ci
1999-10-27T21:02:31.150Z,34.86,-116.425,1.935,3.14,ml,0,129.7,,0.186,ci,ci9117265,2016-04-02T16:51:09.934Z,"29km WNW of Ludlow, CA",earthquake,,1.33,,117,reviewed,ci,ci
1999-10-27T20:18:42.130Z,34.53,-116.279,6.047,3.08,ml,0,50.4,,0.167,ci,ci9117273,2016-04-02T19:50:45.105Z,"24km SSW of Ludlow, CA",earthquake,,3.921,,108,reviewed,ci,ci
1999-10-27T19:47:06.260Z,34.623,-116.263,-0.591,3.43,ml,0,41.4,,0.169,ci,ci9117255,2016-04-02T00:46:46.166Z,"14km SW of Ludlow, CA",earthquake,,0.344,,135,reviewed,ci,ci
1999-10-27T18:57:05.600Z,34.421,-116.186,7.128,2.68,ml,0,67.8,,0.163,ci,ci9117230,2016-02-16T13:46:47.369Z,"33km NNW of Twentynine Palms, California",earthquake,,0.794,,83,reviewed,ci,ci
1999-10-27T17:57:18.570Z,34.688,-116.305,4.416,2.57,ml,0,88.9,,0.123,ci,ci9117198,2016-02-16T21:10:18.534Z,"14km WSW of Ludlow, California",earthquake,,19.942,,3,reviewed,ci,ci
1999-10-27T14:28:07.170Z,34.817,-116.39,1.38,2.91,ml,0,108.1,0.04538,0.102,ci,ci7156523,2016-02-16T06:43:22.212Z,"24km WNW of Ludlow, California",earthquake,,1.008,,7,reviewed,ci,ci
1999-10-27T12:42:25.100Z,34.82,-116.388,1.433,2.99,ml,0,112.5,0.04301,0.149,ci,ci7156506,2016-02-17T06:53:10.542Z,"24km WNW of Ludlow, California",earthquake,,0.78,,9,reviewed,ci,ci
1999-10-27T08:40:31.000Z,34.827,-116.38,3.073,2.82,ml,0,122.1,,0.175,ci,ci7156461,2016-02-16T18:41:30.444Z,"23km WNW of Ludlow, California",earthquake,,0.572,,5,reviewed,ci,ci
1999-10-27T08:37:12.760Z,34.825,-116.38,2.833,2.88,ml,0,117.3,,0.157,ci,ci7156460,2016-02-17T09:15:03.643Z,"23km WNW of Ludlow, California",earthquake,,0.63,,5,reviewed,ci,ci
1999-10-27T08:33:02.900Z,34.618,-116.292,-0.452,2.68,ml,0,81.5,,0.143,ci,ci7156459,2016-02-17T06:53:07.261Z,"17km SW of Ludlow, California",earthquake,,0.557,,140,reviewed,ci,ci
1999-10-27T08:22:38.610Z,34.617,-116.242,1.579,3.28,ml,0,71.3,,0.189,ci,ci9117071,2016-04-02T16:49:54.356Z,"14km SSW of Ludlow, CA",earthquake,,0.37,,164,reviewed,ci,ci
1999-10-27T08:18:45.650Z,34.692,-116.324,1.368,2.63,ml,0,83.4,,0.128,ci,ci9117056,2016-02-15T23:38:36.366Z,"15km WSW of Ludlow, California",earthquake,,0.792,,135,reviewed,ci,ci
1999-10-27T05:48:25.060Z,34.617,-116.246,-1.094,2.85,ml,0,89.7,,0.222,ci,ci9117030,2016-02-17T11:38:53.482Z,"14km SW of Ludlow, California",earthquake,,0.604,,147,reviewed,ci,ci
1999-10-27T03:46:26.760Z,34.67,-116.305,0.229,3.21,ml,0,58.8,,0.163,ci,ci9117009,2016-04-02T19:50:43.656Z,"14km WSW of Ludlow, CA",earthquake,,0.642,,165,reviewed,ci,ci
1999-10-27T03:27:33.100Z,34.478,-116.271,5.546,2.89,ml,0,67.8,,0.2,ci,ci9116980,2016-02-17T11:38:52.127Z,"29km SSW of Ludlow, California",earthquake,,1.481,,76,reviewed,ci,ci
1999-10-27T03:26:43.950Z,34.555,-116.264,0.567,3.05,ml,0,52.6,,0.147,ci,ci9116996,2016-04-02T07:12:01.089Z,"21km SSW of Ludlow, CA",earthquake,,0.34,,142,reviewed,ci,ci
1999-10-26T22:44:00.270Z,34.649,-116.293,2.129,3.06,ml,0,58.1,,0.134,ci,ci9116913,2016-04-01T21:31:24.033Z,"15km WSW of Ludlow, CA",earthquake,,0.462,,165,reviewed,ci,ci
1999-10-26T22:22:08.070Z,34.699,-116.364,1.652,3.07,ml,0,57.3,,0.142,ci,ci9116905,2016-04-02T04:00:11.894Z,"19km W of Ludlow, CA",earthquake,,0.517,,178,reviewed,ci,ci
1999-10-26T20:16:14.390Z,34.667,-116.301,1.889,2.7,ml,0,86.1,,0.138,ci,ci9116854,2016-02-16T09:01:58.058Z,"14km WSW of Ludlow, California",earthquake,,1.534,,145,reviewed,ci,ci
1999-10-26T19:46:53.590Z,34.831,-116.352,1.536,3.06,ml,0,130.6,,0.136,ci,ci9116822,2016-04-02T16:49:50.665Z,"21km NW of Ludlow, CA",earthquake,,0.301,,173,reviewed,ci,ci
1999-10-26T16:45:23.200Z,34.101,-117.004,3.245,2.59,ml,0,33.7,,0.199,ci,ci9116760,2016-02-16T16:13:55.904Z,"8km NNE of Yucaipa, California",earthquake,,0.352,,74,reviewed,ci,ci
1999-10-26T14:57:15.940Z,34.624,-116.274,1.626,2.97,ml,0,71.7,,0.152,ci,ci9116744,2016-02-16T09:01:48.955Z,"15km SW of Ludlow, California",earthquake,,0.541,,130,reviewed,ci,ci
1999-10-26T14:27:01.880Z,34.616,-116.284,2.986,2.58,ml,0,45.9,,0.18,ci,ci9116730,2016-02-16T06:42:57.784Z,"16km SW of Ludlow, California",earthquake,,1.104,,74,reviewed,ci,ci
1999-10-26T13:31:52.450Z,34.541,-116.305,4.116,2.62,ml,0,70.4,,0.211,ci,ci9116693,2016-02-17T09:14:45.180Z,"24km SSW of Ludlow, California",earthquake,,5.748,,135,reviewed,ci,ci
1999-10-26T09:51:22.570Z,34.821,-116.389,5.173,2.55,ml,0,113,0.04359,0.107,ci,ci9116651,2016-02-16T23:39:26.065Z,"24km WNW of Ludlow, California",earthquake,,1.399,,122,reviewed,ci,ci
1999-10-26T08:28:33.370Z,34.862,-116.401,1.621,2.81,ml,0,131.7,,0.168,ci,ci9116627,2016-02-17T04:29:00.374Z,"27km NW of Ludlow, California",earthquake,,0.572,,100,reviewed,ci,ci
1999-10-26T06:31:11.750Z,34.835,-116.375,4.53,2.56,ml,0,129.6,,0.207,ci,ci9116582,2016-02-16T16:13:46.534Z,"23km WNW of Ludlow, California",earthquake,,1.192,,98,reviewed,ci,ci
1999-10-26T06:05:32.760Z,35.512,-116.867,1.91,2.54,ml,0,165,,0.162,ci,ci9116571,2016-02-17T04:28:57.446Z,"32km NNW of Fort Irwin, California",earthquake,,1.839,,116,reviewed,ci,ci
1999-10-26T06:02:33.750Z,34.838,-116.359,0.426,2.71,ml,0,131.2,,0.22,ci,ci9116570,2016-02-17T04:28:55.962Z,"22km NW of Ludlow, California",earthquake,,0.331,,156,reviewed,ci,ci
1999-10-26T05:32:01.910Z,34.606,-116.276,-0.381,2.87,ml,0,82.2,,0.205,ci,ci9116585,2016-02-17T06:52:51.478Z,"17km SW of Ludlow, California",earthquake,,0.518,,155,reviewed,ci,ci
1999-10-26T04:29:02.590Z,34.626,-116.242,-1.021,3.18,ml,0,58.6,,0.175,ci,ci9116574,2016-04-02T07:12:33.057Z,"13km SW of Ludlow, CA",earthquake,,0.459,,206,reviewed,ci,ci
1999-10-26T03:56:47.870Z,34.696,-116.297,1.206,2.91,ml,0,92.8,,0.14,ci,ci9116519,2016-02-16T21:09:47.067Z,"13km WSW of Ludlow, California",earthquake,,0.711,,191,reviewed,ci,ci
1999-10-26T03:51:20.510Z,34.521,-116.271,-0.474,3.29,ml,0,72.4,,0.183,ci,ci9116552,2016-04-01T21:33:36.152Z,"24km SSW of Ludlow, CA",earthquake,,0.394,,208,reviewed,ci,ci
1999-10-26T03:21:45.960Z,34.839,-116.402,0.135,2.6,ml,0,128.2,,0.178,ci,ci3321050,2016-02-16T06:42:51.073Z,"26km WNW of Ludlow, California",earthquake,,0.449,,150,reviewed,ci,ci
1999-10-26T03:19:15.270Z,34.818,-116.381,2.999,3.28,ml,0,107.5,,0.169,ci,ci9116536,2016-04-02T16:49:49.332Z,"23km WNW of Ludlow, CA",earthquake,,0.383,,220,reviewed,ci,ci
1999-10-26T03:12:16.630Z,34.861,-116.399,2.425,2.72,ml,0,131.8,,0.152,ci,ci9116499,2016-02-17T04:28:52.428Z,"27km NW of Ludlow, California",earthquake,,0.636,,171,reviewed,ci,ci
1999-10-26T00:22:34.660Z,34.86,-116.427,2.056,2.9,mc,0,129.5,0.07969,0.134,ci,ci9116436,2016-02-16T04:23:23.753Z,"29km WNW of Ludlow, California",earthquake,,0.925,,73,reviewed,ci,ci
1999-10-25T23:48:44.430Z,34.391,-115.806,1.042,2.85,ml,0,90.8,0.1701,0.131,ci,ci9116434,2016-02-15T23:38:06.873Z,"19km SSW of Amboy, California",earthquake,,0.637,,163,reviewed,ci,ci
1999-10-25T23:22:24.080Z,34.611,-116.292,4.906,2.5,ml,0,80.6,,0.15,ci,ci9116410,2016-02-16T09:01:37.338Z,"17km SW of Ludlow, California",earthquake,,,,145,reviewed,ci,ci
1999-10-25T22:53:26.440Z,34.667,-116.295,4.566,2.61,ml,0,88.1,,0.137,ci,ci9116402,2016-02-16T09:01:36.005Z,"14km WSW of Ludlow, California",earthquake,,0.057,,149,reviewed,ci,ci
1999-10-25T21:26:58.600Z,34.602,-116.295,-0.864,2.77,ml,0,78.9,,0.17,ci,ci9116386,2016-02-15T23:38:04.095Z,"18km SW of Ludlow, California",earthquake,,0.611,,157,reviewed,ci,ci
1999-10-25T20:17:14.090Z,34.859,-116.399,0.145,2.69,ml,0,131.4,,0.204,ci,ci9116368,2016-02-17T04:28:40.914Z,"27km NW of Ludlow, California",earthquake,,0.704,,133,reviewed,ci,ci
1999-10-25T20:02:34.000Z,34.49,-116.266,1.029,3.69,mh,0,139.5,0.09078,0.16,ci,ci9116365,2016-04-02T13:39:14.733Z,"28km SSW of Ludlow, CA",earthquake,,3.027,,1,reviewed,ci,ci
1999-10-25T18:49:43.360Z,34.618,-116.285,2.276,2.59,ml,0,82.8,,0.159,ci,ci9116341,2016-02-17T02:05:28.550Z,"16km SW of Ludlow, California",earthquake,,0.703,,110,reviewed,ci,ci
1999-10-25T18:31:10.050Z,34.677,-116.3,-0.732,2.59,mc,0,88.6,0.1557,0.125,ci,ci3326839,2016-02-17T02:05:27.071Z,"14km WSW of Ludlow, California",earthquake,,1.195,,28,reviewed,ci,ci
1999-10-25T18:26:00.630Z,34.617,-116.243,-0.764,4.63,ml,0,90,,0.199,ci,ci3321011,2017-02-09T14:19:09.859Z,"14km SSW of Ludlow, CA",earthquake,,0.501,,125,reviewed,ci,ci
1999-10-25T18:24:45.780Z,34.53,-116.29,-0.251,3.65,ml,0,50.1,,0.193,ci,ci9116355,2016-04-01T21:32:03.426Z,"24km SSW of Ludlow, CA",earthquake,,0.35,,94,reviewed,ci,ci
1999-10-25T17:50:39.510Z,34.624,-116.268,-1.074,2.63,ml,0,87,,0.242,ci,ci9116321,2016-02-17T11:38:24.091Z,"15km SW of Ludlow, California",earthquake,,0.641,,66,reviewed,ci,ci
1999-10-25T17:17:58.480Z,34.645,-116.316,-1.111,3.16,ml,0,79.3,,0.173,ci,ci9116328,2016-04-02T07:11:56.045Z,"17km WSW of Ludlow, CA",earthquake,,0.525,,101,reviewed,ci,ci
1999-10-25T16:32:22.850Z,34.708,-116.342,6.749,3.36,ml,0,51.1,,0.187,ci,ci9116308,2016-04-02T19:50:09.904Z,"17km W of Ludlow, CA",earthquake,,1.342,,141,reviewed,ci,ci
1999-10-25T15:58:45.760Z,34.341,-116.114,0.611,2.51,ml,0,62.6,,0.135,ci,ci9116279,2016-02-16T21:09:33.958Z,"23km N of Twentynine Palms, California",earthquake,,0.585,,72,reviewed,ci,ci
1999-10-25T15:50:47.740Z,34.702,-116.29,0.799,2.71,ml,0,78.9,,0.142,ci,ci9116292,2016-02-16T09:01:30.955Z,"12km W of Ludlow, California",earthquake,,0.519,,99,reviewed,ci,ci
1999-10-25T15:47:27.370Z,34.804,-116.259,2.973,2.89,ml,0,131.6,,0.188,ci,ci9116276,2016-02-17T06:52:43.655Z,"13km NW of Ludlow, California",earthquake,,0.697,,127,reviewed,ci,ci
1999-10-25T14:44:59.540Z,34.445,-116.217,8.978,2.76,ml,0,68.7,,0.157,ci,ci9116262,2016-02-17T11:38:21.257Z,"31km S of Ludlow, California",earthquake,,0.713,,4,reviewed,ci,ci
1999-10-25T13:16:34.760Z,34.591,-116.276,-0.917,2.57,mc,0,80.7,,0.211,ci,ci9116240,2016-02-16T02:01:03.577Z,"18km SW of Ludlow, California",earthquake,,1.494,,42,reviewed,ci,ci
1999-10-25T12:16:42.770Z,34.812,-116.281,1.829,2.59,mc,0,131.8,,0.295,ci,ci9116224,2016-02-17T04:28:38.332Z,"15km NW of Ludlow, California",earthquake,,1.35,,50,reviewed,ci,ci
1999-10-25T09:12:33.930Z,34.673,-116.358,-0.452,2.8,mc,0,83.4,0.1576,0.111,ci,ci9116177,2016-02-16T11:23:06.303Z,"19km WSW of Ludlow, California",earthquake,,3.516,,9,reviewed,ci,ci
1999-10-25T08:11:23.410Z,34.543,-116.261,-0.294,2.62,ml,0,76.4,,0.179,ci,ci9116160,2016-02-16T09:01:23.271Z,"22km SSW of Ludlow, California",earthquake,,0.469,,118,reviewed,ci,ci
1999-10-25T07:20:46.230Z,34.613,-116.293,-1.084,3.03,ml,0,80.5,,0.207,ci,ci9116171,2016-04-02T07:11:54.463Z,"17km SW of Ludlow, CA",earthquake,,0.486,,114,reviewed,ci,ci
1999-10-25T06:23:13.290Z,34.675,-116.284,0.466,2.61,ml,0,92.5,,0.147,ci,ci9116148,2016-02-16T04:23:19.990Z,"12km WSW of Ludlow, California",earthquake,,0.882,,85,reviewed,ci,ci
1999-10-25T05:30:24.720Z,34.699,-116.283,0.056,2.52,ml,0,97.8,,0.174,ci,ci9116128,2016-02-17T02:05:13.569Z,"12km WSW of Ludlow, California",earthquake,,0.534,,131,reviewed,ci,ci
1999-10-25T02:24:49.900Z,34.818,-116.389,1.656,2.76,ml,0,110.1,,0.199,ci,ci9116078,2016-02-16T23:38:56.182Z,"24km WNW of Ludlow, California",earthquake,,0.39,,129,reviewed,ci,ci
1999-10-25T00:22:59.040Z,34.841,-116.398,3.283,2.54,mc,0,128.9,0.05121,0.133,ci,ci9116037,2016-02-16T02:00:43.024Z,"26km WNW of Ludlow, California",earthquake,,0.678,,41,reviewed,ci,ci
1999-10-25T00:12:50.820Z,34.836,-116.399,2.966,2.95,ml,0,128.1,,0.143,ci,ci9116052,2016-02-17T02:05:08.335Z,"25km WNW of Ludlow, California",earthquake,,0.435,,8,reviewed,ci,ci
1999-10-25T00:12:20.070Z,34.688,-116.37,1.158,2.92,ml,0,73.7,,0.147,ci,ci9116035,2016-02-16T09:01:16.795Z,"20km W of Ludlow, California",earthquake,,1.276,,6,reviewed,ci,ci
1999-10-24T23:06:58.220Z,34.681,-116.321,1.539,3.12,ml,0,82.3,,0.127,ci,ci9116041,2016-04-02T10:31:44.196Z,"15km WSW of Ludlow, CA",earthquake,,1.127,,173,reviewed,ci,ci
1999-10-24T22:40:58.530Z,34.374,-116.469,-0.88,2.66,ml,0,45.2,,0.158,ci,ci9116020,2016-02-17T09:14:23.057Z,"29km N of Yucca Valley, California",earthquake,,0.377,,57,reviewed,ci,ci
1999-10-24T21:15:42.710Z,34.595,-116.285,1.826,2.62,ml,0,79.6,,0.208,ci,ci9115991,2016-02-16T06:42:23.927Z,"18km SW of Ludlow, California",earthquake,,0.521,,142,reviewed,ci,ci
1999-10-24T21:11:39.420Z,34.554,-116.261,6.877,2.89,ml,0,77.5,,0.145,ci,ci9116002,2016-02-16T06:42:22.568Z,"21km SSW of Ludlow, California",earthquake,,6.112,,44,reviewed,ci,ci
1999-10-24T19:00:39.650Z,34.805,-116.336,1.927,2.76,ml,0,64.7,0.02436,0.135,ci,ci9115963,2016-02-17T11:38:09.972Z,"19km WNW of Ludlow, California",earthquake,,0.318,,71,reviewed,ci,ci
1999-10-24T18:58:23.650Z,34.796,-116.328,0.349,2.71,ml,0,101.6,,0.177,ci,ci9115934,2016-02-16T04:23:03.747Z,"18km WNW of Ludlow, California",earthquake,,0.635,,121,reviewed,ci,ci
1999-10-24T18:21:27.490Z,34.839,-116.3,4.437,2.76,ml,0,135,0.03034,0.169,ci,ci9115941,2016-02-16T16:13:18.693Z,"18km NW of Ludlow, California",earthquake,,0.354,,137,reviewed,ci,ci
1999-10-24T18:19:38.410Z,34.363,-116.146,2.991,2.94,ml,0,63.6,,0.19,ci,ci9115936,2016-02-17T02:05:02.205Z,"26km NNW of Twentynine Palms, California",earthquake,,0.167,,148,reviewed,ci,ci
1999-10-24T18:00:29.930Z,34.656,-116.308,1.259,3.03,ml,0,44,,0.147,ci,ci9115929,2016-04-01T21:31:18.784Z,"15km WSW of Ludlow, CA",earthquake,,0.455,,110,reviewed,ci,ci
1999-10-24T17:14:47.530Z,34.42,-116.187,5.578,2.68,ml,0,67.6,0.08517,0.168,ci,ci3323974,2016-02-16T18:40:52.052Z,"33km NNW of Twentynine Palms, California",earthquake,,2.411,,43,reviewed,ci,ci
1999-10-24T17:14:16.010Z,34.425,-116.185,4.478,2.63,ml,0,68.3,,0.172,ci,ci9115907,2016-02-17T11:38:08.563Z,"33km S of Ludlow, California",earthquake,,0.121,,62,reviewed,ci,ci
1999-10-24T16:02:49.030Z,34.675,-116.298,0.276,2.78,ml,0,88.9,,0.166,ci,ci9115866,2016-02-16T02:00:37.877Z,"14km WSW of Ludlow, California",earthquake,,0.62,,107,reviewed,ci,ci
1999-10-24T15:41:52.720Z,34.805,-116.343,3.669,3.34,ml,0,46.4,,0.148,ci,ci9115875,2016-04-02T16:49:47.777Z,"19km WNW of Ludlow, CA",earthquake,,0.122,,114,reviewed,ci,ci
1999-10-24T14:53:45.390Z,34.62,-116.289,-0.774,2.72,mc,0,82.3,,0.148,ci,ci9115843,2016-02-17T09:14:11.934Z,"16km SW of Ludlow, California",earthquake,,0.649,,52,reviewed,ci,ci
1999-10-24T13:52:25.270Z,34.84,-116.397,3.11,2.5,mc,0,128.8,0.0502,0.126,ci,ci9115825,2016-02-16T11:22:52.532Z,"25km WNW of Ludlow, California",earthquake,,0.841,,45,reviewed,ci,ci
1999-10-24T12:13:24.210Z,34.842,-116.399,3.234,3.58,ml,0,68.1,,0.165,ci,ci9115808,2016-04-02T10:33:04.538Z,"26km WNW of Ludlow, CA",earthquake,,0.195,,24,reviewed,ci,ci
1999-10-24T10:39:06.370Z,34.725,-116.299,1.737,3.29,ml,0,62.9,,0.268,ci,ci9115772,2016-04-02T07:13:59.063Z,"13km W of Ludlow, CA",earthquake,,0.443,,129,reviewed,ci,ci
1999-10-24T08:42:55.580Z,34.086,-117.45,2.113,2.57,ml,0,35,,0.203,ci,ci9115714,2016-02-16T09:00:56.180Z,"2km SSE of Fontana, California",earthquake,,0.169,,172,reviewed,ci,ci
1999-10-24T07:56:27.170Z,34.828,-116.391,1.081,3.52,ml,0,123.4,,0.242,ci,ci9115701,2016-04-02T10:32:28.306Z,"24km WNW of Ludlow, CA",earthquake,,1.244,,3,reviewed,ci,ci
1999-10-24T06:11:59.620Z,34.725,-116.299,2.899,2.74,ml,0,97.9,0.1083,0.122,ci,ci3323973,2016-02-17T02:04:47.365Z,"13km W of Ludlow, California",earthquake,,1.144,,3,reviewed,ci,ci
1999-10-24T05:22:46.480Z,34.858,-116.419,-1.107,2.57,ml,0,129.8,,0.215,ci,ci9115656,2016-02-16T23:38:32.608Z,"28km WNW of Ludlow, California",earthquake,,1.194,,77,reviewed,ci,ci
1999-10-24T04:25:28.940Z,34.367,-116.194,0.858,3.36,ml,0,61.9,,0.177,ci,ci9115657,2016-04-02T04:00:07.261Z,"28km NNW of Twentynine Palms, CA",earthquake,,0.268,,222,reviewed,ci,ci
1999-10-24T02:28:30.710Z,34.672,-116.35,2.103,2.54,ml,0,73.8,,0.154,ci,ci9115615,2016-02-17T06:52:15.733Z,"18km WSW of Ludlow, California",earthquake,,0.954,,87,reviewed,ci,ci
1999-10-24T02:21:59.620Z,34.668,-116.289,0.949,3.48,ml,0,89.4,,0.146,ci,ci9115626,2016-04-02T19:51:23.135Z,"13km WSW of Ludlow, CA",earthquake,,0.376,,203,reviewed,ci,ci
1999-10-24T01:48:54.640Z,34.086,-117.449,3.145,3.06,ml,0,26.4,,0.243,ci,ci9115618,2016-04-02T10:31:42.615Z,"2km SSE of Fontana, CA",earthquake,,0.067,,223,reviewed,ci,ci
1999-10-24T01:35:04.980Z,34.818,-116.388,1.666,2.98,ml,0,109.1,,0.143,ci,ci9115609,2016-02-17T11:37:53.596Z,"23km WNW of Ludlow, California",earthquake,,0.449,,7,reviewed,ci,ci
1999-10-24T00:40:44.830Z,34.331,-116.475,3.316,2.7,ml,0,87.2,0.105,0.174,ci,ci9115589,2016-02-15T23:37:40.281Z,"24km N of Yucca Valley, California",earthquake,,0.273,,28,reviewed,ci,ci
1999-10-24T00:08:29.280Z,34.819,-116.387,1.867,3.02,ml,0,110.3,,0.17,ci,ci9115577,2016-04-02T00:46:43.312Z,"23km WNW of Ludlow, CA",earthquake,,0.242,,132,reviewed,ci,ci
1999-10-23T20:00:57.340Z,34.656,-116.275,-1.242,2.61,ml,0,91.2,,0.313,ci,ci9115483,2016-02-16T18:40:28.294Z,"13km SW of Ludlow, California",earthquake,,1.012,,145,reviewed,ci,ci
1999-10-23T18:50:23.490Z,34.602,-116.232,4.707,2.95,ml,0,88.9,,0.172,ci,ci9115484,2016-02-16T21:08:50.262Z,"15km SSW of Ludlow, California",earthquake,,0.01,,179,reviewed,ci,ci
1999-10-23T17:24:16.640Z,34.836,-116.41,1.019,2.53,ml,0,127.2,0.0602,0.106,ci,ci9115442,2016-02-16T04:22:40.056Z,"26km WNW of Ludlow, California",earthquake,,0.999,,136,reviewed,ci,ci
1999-10-23T17:19:02.650Z,34.436,-116.258,5.21,2.72,ml,0,64.8,,0.156,ci,ci9115438,2016-02-17T04:28:02.093Z,"33km SSW of Ludlow, California",earthquake,,0.881,,150,reviewed,ci,ci
1999-10-23T16:47:26.620Z,34.65,-116.328,2.169,2.64,ml,0,38.9,,0.142,ci,ci9115441,2016-02-17T09:13:46.429Z,"17km WSW of Ludlow, California",earthquake,,0.383,,154,reviewed,ci,ci
1999-10-23T16:10:34.960Z,34.826,-116.406,-0.877,2.5,ml,0,120.1,0.05677,0.116,ci,ci9115417,2016-02-16T04:22:35.397Z,"25km WNW of Ludlow, California",earthquake,,1.008,,89,reviewed,ci,ci
1999-10-23T15:50:20.650Z,34.394,-116.197,0.468,2.62,ml,0,64.6,,0.169,ci,ci9115411,2016-02-17T02:04:33.650Z,"31km NNW of Twentynine Palms, California",earthquake,,0.566,,171,reviewed,ci,ci
1999-10-23T14:06:59.150Z,34.857,-116.418,0.097,2.93,ml,0,87.9,,0.157,ci,ci9115394,2016-02-16T13:45:25.443Z,"28km WNW of Ludlow, California",earthquake,,0.663,,161,reviewed,ci,ci
1999-10-23T13:58:56.570Z,34.86,-116.403,0.45,3.22,ml,0,70.4,,0.189,ci,ci9115387,2016-04-02T10:34:17.405Z,"27km NW of Ludlow, CA",earthquake,,0.56,,216,reviewed,ci,ci
1999-10-23T13:06:12.320Z,34.77,-116.405,-0.174,2.5,ml,0,74.6,,0.296,ci,ci9115329,2016-02-16T09:00:34.362Z,"23km WNW of Ludlow, California",earthquake,,0.545,,148,reviewed,ci,ci
1999-10-23T13:02:44.450Z,34.436,-116.261,4.42,3.09,ml,0,64.4,,0.187,ci,ci9115373,2016-04-02T13:39:12.093Z,"33km SSW of Ludlow, CA",earthquake,,0.847,,204,reviewed,ci,ci
1999-10-23T12:16:25.100Z,34.34,-116.136,1.871,3.19,ml,0,61.8,,0.188,ci,ci3326001,2016-04-01T21:31:17.263Z,"23km NNW of Twentynine Palms, CA",earthquake,,0.238,,208,reviewed,ci,ci
1999-10-23T12:13:10.110Z,34.84,-116.41,-1.099,3.05,ml,0,137.4,,0.131,ci,ci9115335,2016-04-02T10:31:40.975Z,"26km WNW of Ludlow, CA",earthquake,,0.841,,206,reviewed,ci,ci
1999-10-23T11:22:04.300Z,34.843,-116.404,0.146,2.61,ml,0,232.9,0.05647,0.119,ci,ci3326000,2016-02-17T09:13:42.309Z,"26km WNW of Ludlow, California",earthquake,,1.688,,49,reviewed,ci,ci
1999-10-23T11:21:39.850Z,34.443,-116.262,3.91,2.5,ml,0,65.2,,0.217,ci,ci9115296,2016-02-16T06:41:54.654Z,"32km SSW of Ludlow, California",earthquake,,0.207,,136,reviewed,ci,ci
1999-10-23T10:48:20.340Z,34.805,-116.347,5.956,2.94,ml,0,72.4,,0.15,ci,ci9115286,2016-02-16T23:38:16.056Z,"20km WNW of Ludlow, California",earthquake,,2.363,,200,reviewed,ci,ci
1999-10-23T10:38:56.690Z,34.532,-116.295,4.206,2.7,ml,0,70.9,,0.204,ci,ci9115284,2016-02-16T16:12:52.022Z,"24km SSW of Ludlow, California",earthquake,,5.473,,182,reviewed,ci,ci
1999-10-23T10:20:16.170Z,34.667,-116.304,2.509,2.87,ml,0,58.7,,0.15,ci,ci9115292,2016-02-17T06:51:58.871Z,"14km WSW of Ludlow, California",earthquake,,0.728,,184,reviewed,ci,ci
1999-10-23T10:15:14.700Z,34.617,-116.287,2.276,2.6,ml,0,82.5,,0.184,ci,ci9115275,2016-02-17T02:04:28.549Z,"16km SW of Ludlow, California",earthquake,,0.796,,169,reviewed,ci,ci
1999-10-23T09:22:25.850Z,34.556,-116.259,-0.174,2.55,ml,0,78.3,,0.147,ci,ci9115254,2016-02-16T09:00:23.582Z,"20km SSW of Ludlow, California",earthquake,,0.475,,158,reviewed,ci,ci
1999-10-23T08:23:47.520Z,34.372,-116.139,4.131,2.52,mc,0,96.3,,0.2,ci,ci9115245,2016-02-16T18:40:14.091Z,"27km NNW of Twentynine Palms, California",earthquake,,0.239,,44,reviewed,ci,ci
1999-10-23T06:43:49.260Z,34.686,-116.294,2.089,2.59,ml,0,91.1,0.147,0.1,ci,ci9115223,2016-02-16T16:12:49.308Z,"13km WSW of Ludlow, California",earthquake,,1.475,,158,reviewed,ci,ci
1999-10-23T06:43:31.020Z,34.41,-116.181,4.948,2.61,ml,0,107.4,0.08842,0.12,ci,ci9115208,2016-02-16T06:41:51.943Z,"32km NNW of Twentynine Palms, California",earthquake,,5.854,,72,reviewed,ci,ci
1999-10-23T06:40:45.580Z,34.837,-116.404,-0.539,2.54,ml,0,127.8,,0.148,ci,ci9115207,2016-02-17T04:27:54.897Z,"26km WNW of Ludlow, California",earthquake,,0.926,,149,reviewed,ci,ci
1999-10-23T05:49:02.330Z,34.825,-116.391,1.333,2.7,ml,0,118.5,,0.212,ci,ci9115198,2016-02-16T21:08:36.269Z,"24km WNW of Ludlow, California",earthquake,,0.571,,162,reviewed,ci,ci
1999-10-23T04:29:30.960Z,34.823,-116.404,1.406,2.98,ml,0,117,,0.184,ci,ci9115176,2016-02-16T16:12:45.035Z,"25km WNW of Ludlow, California",earthquake,,0.344,,196,reviewed,ci,ci
1999-10-23T04:01:14.810Z,34.413,-116.176,5.508,2.63,ml,0,67.7,,0.166,ci,ci9115154,2016-02-17T04:27:52.812Z,"32km NNW of Twentynine Palms, California",earthquake,,1.689,,25,reviewed,ci,ci
1999-10-23T03:52:28.340Z,34.529,-116.29,-0.704,2.96,ml,0,71.1,,0.185,ci,ci9115150,2016-02-17T09:13:32.496Z,"24km SSW of Ludlow, California",earthquake,,0.377,,194,reviewed,ci,ci
1999-10-23T03:29:08.700Z,34.815,-116.393,1.966,3.01,ml,0,106.7,,0.182,ci,ci9115144,2016-04-02T13:39:10.611Z,"24km WNW of Ludlow, CA",earthquake,,0.413,,209,reviewed,ci,ci
1999-10-23T02:33:23.400Z,34.575,-116.241,3.503,2.61,ml,0,83.4,,0.195,ci,ci9115125,2016-02-16T04:22:20.470Z,"18km SSW of Ludlow, California",earthquake,,6.749,,164,reviewed,ci,ci
1999-10-23T02:22:49.200Z,34.61,-116.289,4.783,2.56,ml,0,80.9,0.2088,0.122,ci,ci9115124,2016-02-16T06:41:47.798Z,"17km SW of Ludlow, California",earthquake,,355.209,,138,reviewed,ci,ci
1999-10-23T01:50:58.730Z,34.715,-116.306,1.618,2.63,ml,0,158.7,0.1176,0.238,ci,ci3320990,2016-02-17T02:04:23.224Z,"13km W of Ludlow, California",earthquake,,4.394,,6,reviewed,ci,ci
1999-10-23T01:50:25.040Z,34.605,-116.285,-1.252,2.81,ml,0,80.9,,0.162,ci,ci7154715,2016-02-16T16:12:40.324Z,"17km SW of Ludlow, California",earthquake,,0.605,,10,reviewed,ci,ci
1999-10-23T00:23:14.890Z,34.529,-116.267,-1.169,2.56,ml,0,152.9,,0.173,ci,ci9115087,2016-02-16T16:12:37.718Z,"24km SSW of Ludlow, California",earthquake,,1.215,,139,reviewed,ci,ci
1999-10-23T00:21:03.730Z,34.583,-116.29,-1.032,2.54,ml,0,157.1,,0.113,ci,ci9115081,2016-02-16T01:59:51.907Z,"19km SW of Ludlow, California",earthquake,,0.789,,127,reviewed,ci,ci
1999-10-22T23:43:36.120Z,34.532,-116.258,-1.179,2.67,ml,0,84.9,,0.191,ci,ci7154663,2016-02-17T02:04:20.612Z,"23km SSW of Ludlow, California",earthquake,,0.752,,154,reviewed,ci,ci
1999-10-22T23:30:30.010Z,34.665,-116.266,3.486,2.57,ml,0,95,,0.208,ci,ci9115058,2016-02-16T09:00:16.925Z,"12km WSW of Ludlow, California",earthquake,,6.866,,140,reviewed,ci,ci
1999-10-22T23:11:32.750Z,34.663,-116.284,-0.702,3.06,ml,0,90.2,,0.159,ci,ci9115061,2016-04-02T00:48:53.149Z,"13km WSW of Ludlow, CA",earthquake,,1.636,,177,reviewed,ci,ci
1999-10-22T23:10:26.850Z,33.78,-116.125,2.217,2.73,ml,0,89,,0.173,ci,ci9115052,2016-02-17T11:37:22.972Z,"11km NE of Indio, California",earthquake,,1.016,,12,reviewed,ci,ci
1999-10-22T23:03:17.980Z,34.845,-116.291,-1.307,2.53,ml,0,136.5,0.04079,0.169,ci,ci9115050,2016-02-17T04:27:47.450Z,"18km NW of Ludlow, California",earthquake,,2.438,,144,reviewed,ci,ci
1999-10-22T22:14:32.200Z,34.6549988,-116.3388367,4.268,3.34,ml,0,105,,0.27,ci,ci9623368,2016-04-02T16:52:12.581Z,"18km WSW of Ludlow, CA",earthquake,0.33,25.77,0.1,100,automatic,ci,ci
1999-10-22T22:08:15.580Z,34.854,-116.427,1.243,3.35,ml,0,127.8,,0.212,ci,ci9115037,2016-04-02T13:41:17.643Z,"28km WNW of Ludlow, CA",earthquake,,0.44,,217,reviewed,ci,ci
1999-10-22T21:56:15.770Z,34.614,-116.297,-1.332,2.59,ml,0,145,0.2716,0.225,ci,ci9115022,2016-02-17T04:27:43.735Z,"17km SW of Ludlow, California",earthquake,,2.49,,123,reviewed,ci,ci
1999-10-22T21:24:10.600Z,34.817,-116.343,-0.833,2.95,ml,0,128.9,,0.136,ci,ci9115007,2016-02-17T04:27:41.182Z,"20km WNW of Ludlow, California",earthquake,,2.137,,142,reviewed,ci,ci
1999-10-22T20:59:56.460Z,34.858,-116.393,0.731,3.84,ml,0,67.7,,0.208,ci,ci9114995,2016-04-02T16:50:58.727Z,"26km NW of Ludlow, CA",earthquake,,0.525,,241,reviewed,ci,ci
1999-10-22T20:53:17.700Z,34.792,-116.287,2.536,2.68,mc,0,128.3,,0.107,ci,ci3325994,2016-02-16T16:12:34.775Z,"14km NW of Ludlow, California",earthquake,,0.938,,28,reviewed,ci,ci
1999-10-22T20:18:48.360Z,34.856,-116.4,-0.837,3.28,ml,0,152.8,0.05779,0.113,ci,ci3323837,2016-04-02T04:02:17.550Z,"27km NW of Ludlow, CA",earthquake,,1.042,,25,reviewed,ci,ci
1999-10-22T20:17:30.150Z,34.861,-116.388,1.743,4.18,ml,0,130.6,,0.202,ci,ci3320954,2016-04-02T13:39:09.168Z,"26km NW of Ludlow, CA",earthquake,,0.85,,225,reviewed,ci,ci
1999-10-22T20:16:01.090Z,34.87,-116.396,0.361,4.06,ml,0,69,,0.214,ci,ci3320940,2016-04-01T21:31:14.072Z,"27km NW of Ludlow, CA",earthquake,,0.486,,207,reviewed,ci,ci
1999-10-22T20:14:57.480Z,34.863,-116.419,-0.469,3.25,ml,0,46.2,,0.161,ci,ci3326886,2016-04-02T13:41:16.090Z,"28km NW of Ludlow, CA",earthquake,,0.664,,39,reviewed,ci,ci
1999-10-22T19:57:44.280Z,34.858,-116.406,-1.107,2.98,ml,0,130.8,,0.185,ci,ci9114962,2016-02-16T04:22:15.149Z,"27km NW of Ludlow, California",earthquake,,0.874,,144,reviewed,ci,ci
1999-10-22T19:41:41.500Z,34.821,-116.389,1.936,2.51,ml,0,113.3,,0.165,ci,ci9114957,2016-02-16T04:22:12.601Z,"24km WNW of Ludlow, California",earthquake,,0.47,,72,reviewed,ci,ci
1999-10-22T19:38:04.820Z,34.825,-116.4,0.606,3.29,ml,0,118.9,,0.193,ci,ci9114940,2016-04-02T04:02:16.000Z,"25km WNW of Ludlow, CA",earthquake,,0.651,,186,reviewed,ci,ci
1999-10-22T19:31:57.830Z,34.859,-116.406,-1.073,2.59,mc,0,153.5,,0.151,ci,ci9114935,2016-02-17T09:13:23.003Z,"27km NW of Ludlow, California",earthquake,,1.426,,58,reviewed,ci,ci
1999-10-22T19:20:26.960Z,34.248,-116.463,0.015,2.89,ml,0,52.1,,0.178,ci,ci9114924,2016-02-17T02:04:18.032Z,"15km N of Yucca Valley, California",earthquake,,0.253,,183,reviewed,ci,ci
1999-10-22T19:03:06.350Z,34.633,-116.318,1.204,2.55,ml,0,132,0.1964,0.13,ci,ci9114916,2016-02-17T09:13:21.669Z,"18km SW of Ludlow, California",earthquake,,1.553,,79,reviewed,ci,ci
1999-10-22T17:51:40.750Z,34.869,-116.397,-0.107,2.79,ml,0,166.4,,0.238,ci,ci9114897,2016-02-15T23:37:03.477Z,"27km NW of Ludlow, California",earthquake,,0.839,,134,reviewed,ci,ci
1999-10-22T17:31:36.980Z,34.872,-116.404,-1.083,2.8,ml,0,164.5,,0.193,ci,ci9114898,2016-02-16T16:12:33.313Z,"28km NW of Ludlow, California",earthquake,,1.021,,164,reviewed,ci,ci
1999-10-22T17:28:58.290Z,34.82,-116.394,1.809,2.92,ml,0,112.4,,0.191,ci,ci9114895,2016-02-17T02:04:16.493Z,"24km WNW of Ludlow, California",earthquake,,0.412,,168,reviewed,ci,ci
1999-10-22T17:28:16.480Z,34.78,-116.296,-0.212,2.59,mc,0,187.1,,0.155,ci,ci9114851,2016-02-16T13:45:11.305Z,"14km WNW of Ludlow, California",earthquake,,1.518,,45,reviewed,ci,ci
1999-10-22T16:54:04.570Z,34.861,-116.398,0.621,3.54,ml,0,71.3,,0.216,ci,ci9114865,2016-04-02T16:49:18.519Z,"27km NW of Ludlow, CA",earthquake,,0.489,,210,reviewed,ci,ci
1999-10-22T16:51:36.130Z,34.822,-116.394,1.513,3.68,ml,0,115,,0.18,ci,ci3320951,2016-04-02T10:33:50.083Z,"24km WNW of Ludlow, CA",earthquake,,0.472,,225,reviewed,ci,ci
1999-10-22T16:50:28.770Z,34.826,-116.395,1.033,2.67,mc,0,160.1,0.04775,0.116,ci,ci3320950,2016-02-16T06:41:34.243Z,"24km WNW of Ludlow, California",earthquake,,0.848,,56,reviewed,ci,ci
1999-10-22T16:48:23.190Z,34.827,-116.382,3.302,4.06,ml,0,66.2,,0.205,ci,ci9114858,2016-04-02T04:01:11.408Z,"23km WNW of Ludlow, CA",earthquake,,0.253,,225,reviewed,ci,ci
1999-10-22T16:42:38.230Z,34.582,-116.259,-1.216,3.28,ml,0,99.6,0.2546,0.2,ci,ci9114854,2016-04-02T10:32:54.875Z,"18km SSW of Ludlow, CA",earthquake,,1.164,,201,reviewed,ci,ci
1999-10-22T16:42:19.010Z,34.853,-116.407,-0.394,2.76,ml,17,147,,0.22,ci,ci9114847,2016-04-02T19:51:10.728Z,"27km WNW of Ludlow, CA",earthquake,2.11,31.61,0.345,21,reviewed,ci,ci
1999-10-22T16:39:24.380Z,34.824,-116.387,2.749,3.69,ml,0,41,,0.176,ci,ci9114850,2016-04-02T13:40:27.602Z,"24km WNW of Ludlow, CA",earthquake,,0.553,,220,reviewed,ci,ci
1999-10-22T16:34:49.050Z,34.559,-116.261,-1.159,2.88,ml,0,156.2,,0.108,ci,ci9114839,2016-02-16T21:08:27.350Z,"20km SSW of Ludlow, California",earthquake,,0.955,,145,reviewed,ci,ci
1999-10-22T16:33:58.000Z,34.68,-116.304,-0.842,2.77,mc,0,160.6,,0.129,ci,ci9114837,2016-02-16T13:45:08.326Z,"14km WSW of Ludlow, California",earthquake,,1.244,,15,reviewed,ci,ci
1999-10-22T16:33:14.700Z,34.581,-116.262,-1.169,2.5,mh,0,173.6,,0.09,ci,ci3325991,2016-02-17T11:37:16.018Z,"18km SSW of Ludlow, California",earthquake,,1.833,,0,reviewed,ci,ci
1999-10-22T16:25:03.690Z,34.835,-116.401,-1.107,2.68,ml,0,130.8,0.05274,0.279,ci,ci9114810,2016-02-15T23:37:01.349Z,"25km WNW of Ludlow, California",earthquake,,1.099,,49,reviewed,ci,ci
1999-10-22T16:24:04.060Z,34.85,-116.409,-0.969,3.24,ml,0,70.3,,0.185,ci,ci9114845,2016-04-02T10:32:53.041Z,"27km WNW of Ludlow, CA",earthquake,,0.821,,178,reviewed,ci,ci
1999-10-22T16:21:41.180Z,34.848,-116.409,-0.207,2.73,mc,0,142.4,0.06173,0.128,ci,ci9114808,2016-02-17T11:37:14.854Z,"27km WNW of Ludlow, California",earthquake,,1.443,,42,reviewed,ci,ci
1999-10-22T16:20:10.180Z,34.526,-116.37,-1.372,2.71,ml,0,112.6,,0.173,ci,ci3321605,2016-02-16T18:40:06.485Z,"29km SW of Ludlow, California",earthquake,,0.577,,124,reviewed,ci,ci
1999-10-22T16:17:37.440Z,34.851,-116.382,-1.082,2.75,ml,0,197.1,0.2873,0.124,ci,ci3327175,2016-02-17T04:27:32.860Z,"25km NW of Ludlow, California",earthquake,,2.997,,51,reviewed,ci,ci
1999-10-22T16:16:40.230Z,34.862,-116.406,-1.07,2.76,ml,0,155.8,,0.191,ci,ci3327174,2016-02-15T23:36:59.993Z,"27km NW of Ludlow, California",earthquake,,1.8,,66,reviewed,ci,ci
1999-10-22T16:13:09.250Z,34.856,-116.426,0.993,3.12,ml,0,144.1,0.07751,0.217,ci,ci3321603,2016-04-02T07:13:01.792Z,"28km WNW of Ludlow, CA",earthquake,,0.985,,36,reviewed,ci,ci
1999-10-22T16:08:48.060Z,34.865,-116.409,-0.069,4.99,mw,0,68.9,,0.212,ci,ci9114812,2017-02-09T00:41:14.196Z,"28km NW of Ludlow, California",earthquake,,0.633,,6,reviewed,ci,ci
1999-10-22T15:31:25.500Z,34.715,-116.373,0.808,2.54,ml,0,132.8,,0.15,ci,ci9114800,2016-02-16T18:40:03.539Z,"20km W of Ludlow, California",earthquake,,0.644,,135,reviewed,ci,ci
1999-10-22T15:07:06.290Z,34.567,-116.257,-1.226,3.46,ml,0,98,,0.204,ci,ci9114796,2016-04-02T00:48:44.290Z,"19km SSW of Ludlow, CA",earthquake,,0.726,,210,reviewed,ci,ci
1999-10-22T13:49:29.210Z,34.857,-116.417,2.063,2.99,ml,0,147.6,,0.177,ci,ci9114771,2016-02-16T13:45:05.725Z,"28km WNW of Ludlow, California",earthquake,,2.206,,103,reviewed,ci,ci
1999-10-22T13:48:13.310Z,34.09,-116.878,1.961,2.62,ml,0,32.7,,0.175,ci,ci3320949,2016-02-16T04:22:01.676Z,"16km ENE of Yucaipa, California",earthquake,,0.345,,164,reviewed,ci,ci
1999-10-22T13:43:14.730Z,34.855,-116.398,3.221,3.77,ml,0,83.5,,0.197,ci,ci9114775,2016-04-02T13:38:39.512Z,"26km NW of Ludlow, CA",earthquake,,0.533,,160,reviewed,ci,ci
1999-10-22T13:42:51.890Z,34.412,-116.193,1.634,3.36,ml,0,156.4,,0.16,ci,ci3321597,2016-04-02T00:47:54.595Z,"32km NNW of Twentynine Palms, CA",earthquake,,1.665,,135,reviewed,ci,ci
1999-10-22T12:40:52.530Z,34.336,-116.207,8.35,4.18,ml,0,124.6,,0.212,ci,ci9114763,2016-04-02T16:49:15.725Z,"24km NNE of Joshua Tree, CA",earthquake,,0.897,,260,reviewed,ci,ci
1999-10-22T12:25:27.780Z,34.823,-116.392,1.603,2.78,ml,0,116.9,,0.172,ci,ci9114756,2016-02-16T21:08:19.385Z,"24km WNW of Ludlow, California",earthquake,,0.449,,151,reviewed,ci,ci
1999-10-22T12:15:58.390Z,34.6106682,-116.3694992,4.226,2.8,ml,0,114,,0.51,ci,ci9623100,2016-02-17T02:04:13.746Z,"23km WSW of Ludlow, California",earthquake,0.76,43.95,0.1,100,automatic,ci,ci
1999-10-22T11:34:23.650Z,34.597,-116.266,-1.169,3.79,ml,0,158.3,,0.147,ci,ci3324595,2016-04-02T10:31:04.686Z,"17km SW of Ludlow, CA",earthquake,,0.865,,243,reviewed,ci,ci
1999-10-22T11:13:03.340Z,34.6,-116.301,-1.362,2.68,ml,0,164.6,,0.404,ci,ci3320946,2016-02-17T06:51:34.176Z,"19km SW of Ludlow, California",earthquake,,2.897,,22,reviewed,ci,ci
1999-10-22T11:11:52.320Z,34.391,-115.807,-0.794,2.56,ml,0,99.6,0.3483,0.14,ci,ci9114729,2016-02-16T06:41:28.815Z,"19km SSW of Amboy, California",earthquake,,1.882,,127,reviewed,ci,ci
1999-10-22T10:51:06.250Z,34.534,-116.298,-1.216,2.67,ml,0,87.9,,0.165,ci,ci9114724,2016-02-16T09:00:09.282Z,"24km SSW of Ludlow, California",earthquake,,0.945,,159,reviewed,ci,ci
1999-10-22T09:42:18.170Z,34.531,-116.268,-1.129,2.62,ml,0,152.9,,0.154,ci,ci9114694,2016-02-16T06:41:27.580Z,"23km SSW of Ludlow, California",earthquake,,1.147,,153,reviewed,ci,ci
1999-10-22T09:27:45.200Z,34.86,-116.406,0.933,2.58,ml,0,154.1,,0.217,ci,ci9114688,2016-02-17T06:51:32.837Z,"27km NW of Ludlow, California",earthquake,,0.857,,140,reviewed,ci,ci
1999-10-22T08:08:26.450Z,34.854,-116.429,0.596,2.72,ml,0,138.3,,0.172,ci,ci9114658,2016-02-16T21:08:12.324Z,"29km WNW of Ludlow, California",earthquake,,0.939,,171,reviewed,ci,ci
1999-10-22T07:21:32.230Z,34.411,-116.172,0.421,2.64,mc,0,159.5,,0.107,ci,ci9114639,2016-02-16T09:00:07.606Z,"32km NNW of Twentynine Palms, California",earthquake,,2.129,,50,reviewed,ci,ci
1999-10-22T06:10:23.820Z,34.656,-116.293,-0.382,2.78,mc,0,156.8,,0.176,ci,ci9114610,2016-02-16T09:00:06.054Z,"14km WSW of Ludlow, California",earthquake,,1.515,,65,reviewed,ci,ci
1999-10-22T06:07:38.390Z,34.853,-116.417,0.463,2.54,mc,0,144.2,,0.254,ci,ci9114609,2016-02-16T18:39:55.516Z,"28km WNW of Ludlow, California",earthquake,,1.552,,18,reviewed,ci,ci
1999-10-22T05:54:01.540Z,34.696,-116.36,1.824,3.71,ml,0,54,,0.178,ci,ci9114612,2016-04-02T07:12:59.009Z,"18km W of Ludlow, CA",earthquake,,0.435,,25,reviewed,ci,ci
1999-10-22T05:50:02.800Z,34.578,-116.251,-1.169,2.73,ml,0,163.7,,0.188,ci,ci9114605,2016-02-16T23:37:51.814Z,"18km SSW of Ludlow, California",earthquake,,0.848,,165,reviewed,ci,ci
1999-10-22T04:54:39.790Z,34.854,-116.422,0.2,2.62,ml,0,143.9,,0.215,ci,ci9114579,2016-02-16T09:00:04.709Z,"28km WNW of Ludlow, California",earthquake,,0.607,,146,reviewed,ci,ci
1999-10-22T03:49:33.490Z,34.509,-116.269,-1.169,3.98,ml,0,61.5,,0.214,ci,ci9114563,2016-04-02T13:40:26.090Z,"26km SSW of Ludlow, CA",earthquake,,0.934,,210,reviewed,ci,ci
1999-10-22T03:47:21.270Z,34.856,-116.411,1.717,2.96,ml,0,140.1,,0.162,ci,ci9114557,2016-02-16T01:59:33.599Z,"27km WNW of Ludlow, California",earthquake,,1.427,,171,reviewed,ci,ci
1999-10-22T03:38:08.820Z,34.696,-116.299,0.308,2.53,mc,0,163.4,,0.223,ci,ci9114547,2016-02-16T04:21:56.449Z,"13km WSW of Ludlow, California",earthquake,,2.631,,42,reviewed,ci,ci
1999-10-22T03:27:12.990Z,34.646,-116.301,-1.382,2.67,mc,0,153.5,,0.191,ci,ci9114540,2016-02-16T16:12:19.465Z,"15km WSW of Ludlow, California",earthquake,,0.717,,58,reviewed,ci,ci
1999-10-22T02:53:36.260Z,34.715,-116.35,4.618,2.58,mc,0,142.8,,0.112,ci,ci9114532,2016-02-16T23:37:47.899Z,"17km W of Ludlow, California",earthquake,,49.335,,45,reviewed,ci,ci
1999-10-22T02:38:50.650Z,34.971,-116.458,-1.05,2.85,ml,0,185,,0.124,ci,ci9114534,2016-02-16T09:00:01.552Z,"38km SSE of Fort Irwin, California",earthquake,,2.722,,4,reviewed,ci,ci
1999-10-22T01:58:43.080Z,34.564,-116.262,-1.226,3.95,ml,0,53,,0.189,ci,ci9114515,2016-04-01T21:32:30.527Z,"20km SSW of Ludlow, CA",earthquake,,0.499,,201,reviewed,ci,ci
1999-10-22T01:17:44.250Z,34.521,-116.258,-1.206,3.33,ml,0,92.3,,0.191,ci,ci9114503,2016-04-02T04:01:09.723Z,"24km SSW of Ludlow, CA",earthquake,,0.594,,173,reviewed,ci,ci
1999-10-22T00:33:22.900Z,34.808,-116.352,0.39,2.51,ml,0,131.7,,0.14,ci,ci9114490,2016-02-17T02:04:06.385Z,"20km WNW of Ludlow, California",earthquake,,0.751,,4,reviewed,ci,ci
1999-10-21T23:33:19.000Z,34.674,-116.309,2.299,2.67,ml,0,168.3,,0.093,ci,ci9114472,2016-02-17T06:51:24.220Z,"15km WSW of Ludlow, California",earthquake,,5.371,,127,reviewed,ci,ci
1999-10-21T22:58:34.640Z,34.608,-116.294,1.419,2.5,mh,0,157.8,,0.152,ci,ci3330953,2016-02-16T23:37:43.803Z,"18km SW of Ludlow, California",earthquake,,2.249,,0,reviewed,ci,ci
1999-10-21T22:57:14.700Z,34.3499985,-116.4546661,6.004,3.02,ml,0,266,,0.43,ci,ci9619536,2021-02-18T19:19:16.865Z,"26km N of Yucca Valley, CA",earthquake,4.73,35.57,0.1,100,automatic,ci,ci
1999-10-21T22:57:10.300Z,34.542,-116.309,-0.021,2.98,ml,0,87.3,0.2793,0.22,ci,ci9114468,2021-03-10T00:01:12.464Z,"24km SW of Ludlow, California",earthquake,,2.671,,151,reviewed,ci,ci
1999-10-21T22:54:22.510Z,34.828,-116.414,-0.041,2.58,ml,0,122.2,,0.098,ci,ci9114460,2016-02-16T23:37:42.560Z,"26km WNW of Ludlow, California",earthquake,,1.918,,116,reviewed,ci,ci
1999-10-21T22:39:17.800Z,34.382,-116.157,4.813,2.59,ml,0,159.3,,0.167,ci,ci9114454,2016-02-16T13:44:48.557Z,"28km NNW of Twentynine Palms, California",earthquake,,,,125,reviewed,ci,ci
1999-10-21T22:27:24.310Z,34.536,-116.31,-1.171,2.81,ml,0,169.7,,0.128,ci,ci9114450,2016-02-16T23:37:41.185Z,"25km SSW of Ludlow, California",earthquake,,2.246,,145,reviewed,ci,ci
1999-10-21T21:31:12.190Z,34.639,-116.287,0.868,2.52,ml,0,85.6,,0.142,ci,ci9114414,2016-02-15T23:36:47.267Z,"15km SW of Ludlow, California",earthquake,,1.725,,106,reviewed,ci,ci
1999-10-21T20:55:36.090Z,34.86,-116.38,4.34,2.89,ml,0,133,0.04618,0.251,ci,ci9114397,2016-02-16T23:37:39.392Z,"25km NW of Ludlow, California",earthquake,,0.547,,134,reviewed,ci,ci
1999-10-21T20:44:52.160Z,34.854,-116.402,3.057,2.68,ml,0,130.5,0.05842,0.126,ci,ci9114401,2016-02-16T01:59:23.605Z,"27km NW of Ludlow, California",earthquake,,0.741,,124,reviewed,ci,ci
1999-10-21T20:24:14.790Z,34.868,-116.4,1.323,2.95,ml,0,132.7,,0.262,ci,ci9114392,2016-02-16T23:37:36.823Z,"27km NW of Ludlow, California",earthquake,,1.16,,157,reviewed,ci,ci
1999-10-21T17:50:16.360Z,34.698,-116.285,-1.221,2.62,ml,0,97.1,,0.167,ci,ci9114334,2016-02-17T09:13:04.923Z,"12km WSW of Ludlow, California",earthquake,,1.312,,70,reviewed,ci,ci
1999-10-21T17:27:11.380Z,34.857,-116.36,1.753,2.77,ml,0,133.9,,0.168,ci,ci9114324,2016-02-16T01:59:18.323Z,"24km NW of Ludlow, California",earthquake,,0.492,,134,reviewed,ci,ci
1999-10-21T17:07:32.920Z,34.8,-116.345,2.203,2.67,ml,0,77.5,,0.187,ci,ci9114310,2016-02-16T18:39:32.159Z,"19km WNW of Ludlow, California",earthquake,,0.475,,119,reviewed,ci,ci
1999-10-21T14:59:11.900Z,34.654,-116.292,0.349,3.16,ml,0,86.8,,0.183,ci,ci9114252,2016-04-02T07:12:31.466Z,"14km WSW of Ludlow, CA",earthquake,,0.717,,136,reviewed,ci,ci
1999-10-21T14:43:39.700Z,34.833,-116.396,2.903,2.7,ml,0,127.8,,0.204,ci,ci9114248,2016-02-16T04:21:37.536Z,"25km WNW of Ludlow, California",earthquake,,0.6,,128,reviewed,ci,ci
1999-10-21T14:17:48.800Z,34.69,-116.306,1.884,3.35,ml,0,60.1,,0.169,ci,ci9114237,2016-04-02T10:32:26.711Z,"14km WSW of Ludlow, CA",earthquake,,0.649,,177,reviewed,ci,ci
1999-10-21T14:15:11.570Z,34.864,-116.393,0.023,2.71,ml,0,132.6,,0.224,ci,ci9114232,2016-02-17T02:03:54.675Z,"27km NW of Ludlow, California",earthquake,,0.432,,6,reviewed,ci,ci
1999-10-21T14:01:52.440Z,34.604,-116.286,-0.841,2.52,mc,0,80.7,,0.168,ci,ci7153820,2016-02-16T04:21:36.170Z,"17km SW of Ludlow, California",earthquake,,0.561,,40,reviewed,ci,ci
1999-10-21T13:46:37.130Z,34.588,-116.284,-0.621,2.93,ml,0,78.9,,0.14,ci,ci7153816,2016-02-17T09:12:59.123Z,"19km SW of Ludlow, California",earthquake,,0.512,,8,reviewed,ci,ci
1999-10-21T13:26:50.040Z,34.39,-116.152,-0.842,2.51,ml,0,104,0.1938,0.144,ci,ci9114229,2016-02-16T23:37:29.655Z,"29km NNW of Twentynine Palms, California",earthquake,,0.727,,111,reviewed,ci,ci
1999-10-21T12:13:03.670Z,34.701,-116.347,3.414,2.51,ml,0,75.6,0.1285,0.136,ci,ci9114209,2016-02-16T11:21:43.851Z,"17km W of Ludlow, California",earthquake,,0.909,,80,reviewed,ci,ci
1999-10-21T12:02:30.920Z,34.862,-116.407,-0.487,3.18,ml,0,131.4,,0.19,ci,ci9114192,2016-04-02T16:50:39.689Z,"28km NW of Ludlow, CA",earthquake,,0.88,,177,reviewed,ci,ci
1999-10-21T11:41:26.910Z,34.511,-116.271,-1.221,2.95,ml,0,79.7,,0.149,ci,ci9114184,2016-02-17T09:12:55.053Z,"26km SSW of Ludlow, California",earthquake,,0.6,,159,reviewed,ci,ci
1999-10-21T11:28:10.780Z,34.862,-116.423,1.893,2.61,ml,0,130.1,,0.215,ci,ci9114179,2016-02-17T06:50:59.221Z,"29km WNW of Ludlow, California",earthquake,,1.392,,137,reviewed,ci,ci
1999-10-21T11:01:38.720Z,34.679,-116.298,-0.448,2.64,mc,0,162.4,,0.245,ci,ci9114171,2016-02-16T21:07:57.241Z,"14km WSW of Ludlow, California",earthquake,,5.62,,51,reviewed,ci,ci
1999-10-21T10:46:59.470Z,34.861,-116.405,-1.097,2.65,mc,0,131.3,,0.134,ci,ci9114164,2016-02-17T11:36:44.814Z,"27km NW of Ludlow, California",earthquake,,1.414,,49,reviewed,ci,ci
1999-10-21T10:36:23.250Z,34.647,-116.279,-1.211,2.61,ml,0,88.8,,0.18,ci,ci9114159,2016-02-17T09:12:53.613Z,"14km SW of Ludlow, California",earthquake,,0.884,,132,reviewed,ci,ci
1999-10-21T10:29:13.130Z,34.523,-116.264,0.099,2.68,ml,0,79.5,,0.116,ci,ci9114156,2016-02-16T21:07:53.768Z,"24km SSW of Ludlow, California",earthquake,,0.644,,140,reviewed,ci,ci
1999-10-21T10:17:19.480Z,34.866,-116.407,-0.969,3.5,ml,0,71.2,,0.209,ci,ci9114157,2016-04-02T10:32:20.084Z,"28km NW of Ludlow, CA",earthquake,,0.746,,199,reviewed,ci,ci
1999-10-21T09:46:10.440Z,34.865,-116.41,-0.589,3.47,ml,0,71.1,,0.19,ci,ci9114142,2016-04-02T19:50:40.598Z,"28km NW of Ludlow, CA",earthquake,,0.659,,173,reviewed,ci,ci
1999-10-21T09:30:44.000Z,34.857,-116.405,2.22,2.67,ml,0,130.7,0.06192,0.259,ci,ci9114128,2016-02-16T11:21:41.296Z,"27km NW of Ludlow, California",earthquake,,1.215,,25,reviewed,ci,ci
1999-10-21T08:42:59.120Z,34.659,-116.339,1.748,2.52,mc,0,106,,0.175,ci,ci9114106,2016-02-17T09:12:49.736Z,"18km WSW of Ludlow, California",earthquake,,1.608,,33,reviewed,ci,ci
1999-10-21T08:35:13.780Z,34.677,-116.366,0.898,2.59,mc,0,69.6,,0.196,ci,ci3326809,2016-02-17T02:03:53.254Z,"20km WSW of Ludlow, California",earthquake,,1.019,,58,reviewed,ci,ci
1999-10-21T08:14:37.400Z,34.682,-116.306,-0.806,3.23,ml,0,87.1,,0.172,ci,ci9114115,2016-04-02T10:32:17.186Z,"14km WSW of Ludlow, CA",earthquake,,0.972,,171,reviewed,ci,ci
1999-10-21T08:04:27.040Z,34.359,-116.142,1.236,2.56,ml,0,74.7,,0.134,ci,ci9114102,2016-02-16T23:37:17.574Z,"25km NNW of Twentynine Palms, California",earthquake,,0.501,,99,reviewed,ci,ci
1999-10-21T07:44:19.150Z,34.865,-116.393,1.963,2.57,mc,0,132.8,0.05764,0.208,ci,ci9114075,2016-02-16T04:21:28.843Z,"27km NW of Ludlow, California",earthquake,,1.261,,49,reviewed,ci,ci
1999-10-21T07:32:03.510Z,34.833,-116.345,3.176,2.5,mc,0,131.2,,0.209,ci,ci9114068,2016-02-17T06:50:54.545Z,"21km NW of Ludlow, California",earthquake,,0.217,,33,reviewed,ci,ci
1999-10-21T05:47:38.870Z,34.528,-116.27,-1.063,3.8,ml,0,60.6,,0.227,ci,ci9114042,2016-04-02T07:12:28.580Z,"24km SSW of Ludlow, CA",earthquake,,0.586,,167,reviewed,ci,ci
1999-10-21T05:41:22.690Z,34.856,-116.412,-0.187,3.02,ml,0,130,,0.157,ci,ci9114038,2016-04-01T21:31:55.872Z,"28km WNW of Ludlow, CA",earthquake,,0.982,,129,reviewed,ci,ci
1999-10-21T05:33:39.580Z,34.861,-116.399,2.791,2.96,ml,0,68.3,,0.164,ci,ci9114033,2016-02-16T21:07:46.176Z,"27km NW of Ludlow, California",earthquake,,0.481,,134,reviewed,ci,ci
1999-10-21T05:12:02.080Z,34.847,-116.418,0.853,2.67,ml,0,128.2,,0.219,ci,ci9114014,2016-02-17T06:50:50.847Z,"27km WNW of Ludlow, California",earthquake,,0.537,,113,reviewed,ci,ci
1999-10-21T04:45:42.150Z,34.565,-116.252,-1.211,2.5,mc,0,174.8,,0.176,ci,ci9114004,2016-02-17T04:26:57.685Z,"19km SSW of Ludlow, California",earthquake,,1.614,,39,reviewed,ci,ci
1999-10-21T04:30:55.850Z,34.655,-116.291,2.429,2.52,ml,0,87.3,,0.168,ci,ci9113993,2016-02-15T23:36:24.268Z,"14km WSW of Ludlow, California",earthquake,,5.566,,4,reviewed,ci,ci
1999-10-21T04:28:26.690Z,34.462,-116.228,0.359,2.53,ml,0,87.6,,0.096,ci,ci9113991,2016-02-16T21:07:44.793Z,"30km SSW of Ludlow, California",earthquake,,1.401,,7,reviewed,ci,ci
1999-10-21T04:14:29.690Z,34.644,-116.304,0.284,3.12,ml,0,98,,0.136,ci,ci3324427,2016-04-02T16:50:37.071Z,"16km WSW of Ludlow, CA",earthquake,,1.561,,119,reviewed,ci,ci
1999-10-21T04:13:19.310Z,34.862,-116.399,1.567,2.55,ml,0,131.9,0.06001,0.147,ci,ci9114002,2016-02-16T23:37:13.693Z,"27km NW of Ludlow, California",earthquake,,0.943,,4,reviewed,ci,ci
1999-10-21T04:12:14.570Z,34.855,-116.381,3.173,2.66,ml,0,132.1,0.0438,0.144,ci,ci3320892,2016-02-17T02:03:42.857Z,"25km NW of Ludlow, California",earthquake,,1.988,,5,reviewed,ci,ci
1999-10-21T03:56:59.620Z,34.864,-116.402,0.961,3.58,ml,0,70.8,,0.195,ci,ci9113992,2016-04-02T13:40:05.772Z,"27km NW of Ludlow, CA",earthquake,,0.479,,171,reviewed,ci,ci
1999-10-21T03:48:49.740Z,34.853,-116.409,0.242,2.67,ml,0,129.9,0.06526,0.147,ci,ci9113986,2016-02-16T21:07:43.571Z,"27km WNW of Ludlow, California",earthquake,,0.864,,91,reviewed,ci,ci
1999-10-21T03:48:13.810Z,34.859,-116.414,0.317,2.66,ml,0,130.4,,0.156,ci,ci3324426,2016-02-17T02:03:41.371Z,"28km WNW of Ludlow, California",earthquake,,0.604,,36,reviewed,ci,ci
1999-10-21T03:41:37.830Z,34.861,-116.4,2.783,2.54,mc,0,131.7,,0.153,ci,ci9113976,2016-02-16T23:37:11.117Z,"27km NW of Ludlow, California",earthquake,,0.927,,24,reviewed,ci,ci
1999-10-21T03:37:58.330Z,34.861,-116.408,-0.962,3.01,ml,0,186.6,,0.188,ci,ci9113974,2016-04-02T16:49:14.178Z,"28km NW of Ludlow, CA",earthquake,,1.512,,123,reviewed,ci,ci
1999-10-21T03:21:22.990Z,34.861,-116.396,2.813,2.98,ml,0,131.9,,0.159,ci,ci9113972,2016-02-16T23:37:09.862Z,"27km NW of Ludlow, California",earthquake,,0.725,,136,reviewed,ci,ci
1999-10-21T03:00:08.250Z,34.811,-116.381,1.633,2.52,ml,0,97.1,,0.147,ci,ci9113963,2016-02-16T01:59:02.352Z,"22km WNW of Ludlow, California",earthquake,,0.445,,100,reviewed,ci,ci
1999-10-21T02:43:22.310Z,34.835,-116.394,0.57,2.85,ml,0,128.3,,0.183,ci,ci9113928,2016-02-16T16:11:59.419Z,"25km WNW of Ludlow, California",earthquake,,1.566,,96,reviewed,ci,ci
1999-10-21T02:07:42.010Z,34.874,-116.388,0.143,2.83,mc,0,134.5,0.06057,0.286,ci,ci9113925,2016-02-16T13:44:27.072Z,"27km NW of Ludlow, California",earthquake,,1.637,,15,reviewed,ci,ci
1999-10-21T02:05:09.440Z,34.6204987,-116.6833344,4.173,2.99,ml,0,268,,0.24,ci,ci9619016,2016-02-16T16:11:57.997Z,"33km NE of Lucerne Valley, California",earthquake,3.72,23.76,0.1,100,automatic,ci,ci
1999-10-21T02:04:05.500Z,34.3683319,-116.1920013,-0.893,3.07,ml,0,169,,0.42,ci,ci9619012,2016-04-02T16:49:12.766Z,"28km NNW of Twentynine Palms, CA",earthquake,1.43,2.85,0.1,100,automatic,ci,ci
1999-10-21T02:01:48.380Z,34.853,-116.41,1.228,3.32,ml,0,69.6,0.06603,0.222,ci,ci3320885,2016-04-01T21:31:54.473Z,"27km WNW of Ludlow, CA",earthquake,,0.399,,122,reviewed,ci,ci
1999-10-21T01:57:38.770Z,34.863,-116.395,2.531,4.51,mw,0,43.2,,0.23,ci,ci3320884,2017-02-07T19:06:45.014Z,"27km NW of Ludlow, California",earthquake,,0.407,,6,reviewed,ci,ci
1999-10-21T01:54:34.180Z,34.874,-116.391,0.008,4.98,mw,0,69.1,0.06404,0.243,ci,ci3321590,2017-02-09T14:24:27.971Z,"27km NW of Ludlow, California",earthquake,,1.529,,6,reviewed,ci,ci
1999-10-21T01:54:29.060Z,34.8671667,-116.3895,2.4,3.42,ml,18,71,0.05856,0.21,ci,ci3321595,2017-02-03T20:14:08.739Z,"26km NW of Ludlow, CA",earthquake,0.5,0.74,0.082,1,reviewed,ci,ci
1999-10-21T01:54:06.470Z,34.8675,-116.3958333,3.2,3.77,ml,45,68,,0.14,ci,ci3320883,2017-02-07T19:52:31.949Z,"27km NW of Ludlow, CA",earthquake,0.18,0.59,0.182,10,reviewed,ci,ci
1999-10-21T01:53:07.250Z,34.856,-116.406,2.097,2.7,ml,0,130.5,0.06224,0.187,ci,ci3324425,2016-02-17T06:50:42.449Z,"27km NW of Ludlow, California",earthquake,,0.767,,6,reviewed,ci,ci
1999-10-21T01:52:01.260Z,34.859,-116.406,0.746,3.26,ml,0,130.9,,0.191,ci,ci9113931,2016-04-02T10:31:39.471Z,"27km NW of Ludlow, CA",earthquake,,0.597,,107,reviewed,ci,ci
1999-10-21T01:51:51.660Z,34.846,-116.396,2.367,3.11,ml,0,129.7,0.05093,0.132,ci,ci3355270,2016-04-02T04:01:08.145Z,"26km WNW of Ludlow, CA",earthquake,,1.13,,9,reviewed,ci,ci
1999-10-21T01:25:42.120Z,34.866,-116.397,2.261,4.25,ml,0,47.2,,0.223,ci,ci9113909,2016-04-02T07:11:49.893Z,"27km NW of Ludlow, CA",earthquake,,0.37,,176,reviewed,ci,ci
1999-10-21T01:15:58.190Z,34.511,-116.258,0.151,2.56,ml,0,72.5,,0.219,ci,ci9113903,2016-02-17T02:03:32.680Z,"25km SSW of Ludlow, California",earthquake,,0.557,,93,reviewed,ci,ci
1999-10-21T01:13:57.420Z,34.82,-116.365,5.442,3.27,ml,0,65.1,,0.175,ci,ci9113896,2016-04-02T16:50:55.575Z,"22km WNW of Ludlow, CA",earthquake,,0.312,,153,reviewed,ci,ci
1999-10-21T00:25:55.950Z,34.855,-116.342,4.219,2.56,ml,0,134.8,,0.189,ci,ci9113887,2016-02-17T06:50:41.086Z,"22km NW of Ludlow, California",earthquake,,0.126,,104,reviewed,ci,ci
1999-10-21T00:23:57.190Z,34.846,-116.347,4.238,2.64,mc,0,133.1,,0.189,ci,ci9113873,2016-02-16T11:21:21.859Z,"22km NW of Ludlow, California",earthquake,,0.223,,38,reviewed,ci,ci
1999-10-21T00:18:30.240Z,34.848,-116.402,3.067,2.89,ml,0,129.7,0.05625,0.167,ci,ci9113880,2016-02-17T06:50:39.442Z,"26km WNW of Ludlow, California",earthquake,,0.63,,21,reviewed,ci,ci
1999-10-21T00:12:36.870Z,34.72,-116.297,3.439,2.77,mc,0,98.1,,0.165,ci,ci9113864,2016-02-16T01:58:59.687Z,"12km W of Ludlow, California",earthquake,,1.41,,59,reviewed,ci,ci
1999-10-21T00:04:59.260Z,34.563,-116.254,-1.063,2.61,ml,0,79.6,,0.145,ci,ci9113872,2016-02-16T11:21:20.569Z,"20km SSW of Ludlow, California",earthquake,,0.514,,7,reviewed,ci,ci
1999-10-21T00:01:24.450Z,34.821,-116.387,1.978,2.76,ml,0,65.6,0.04198,0.141,ci,ci9113867,2016-02-16T08:59:41.005Z,"24km WNW of Ludlow, California",earthquake,,0.351,,105,reviewed,ci,ci
1999-10-21T00:00:55.420Z,34.818,-116.379,3.391,3.04,ml,0,105.9,0.03646,0.167,ci,ci3324404,2016-04-02T16:49:40.069Z,"23km WNW of Ludlow, CA",earthquake,,0.424,,13,reviewed,ci,ci
1999-10-20T23:06:22.610Z,34.44,-116.243,-0.192,2.7,ml,0,84.8,,0.165,ci,ci9113835,2016-02-16T23:37:05.995Z,"32km SSW of Ludlow, California",earthquake,,1.067,,5,reviewed,ci,ci
1999-10-20T22:55:29.350Z,34.773,-116.353,0.858,2.99,mc,0,74.1,,0.169,ci,ci9113823,2016-02-16T06:40:53.909Z,"19km WNW of Ludlow, California",earthquake,,0.471,,82,reviewed,ci,ci
1999-10-20T22:38:03.250Z,34.56,-116.268,-1.206,2.6,ml,0,92.5,0.2744,0.156,ci,ci9113826,2016-02-15T23:36:15.701Z,"20km SSW of Ludlow, California",earthquake,,2.76,,15,reviewed,ci,ci
1999-10-20T22:17:45.070Z,34.538,-116.294,-1.211,3.29,ml,0,81.9,,0.19,ci,ci9113811,2016-04-02T00:47:53.187Z,"24km SSW of Ludlow, CA",earthquake,,0.774,,161,reviewed,ci,ci
1999-10-20T21:22:35.950Z,34.607,-116.26,-1.221,2.56,ml,0,85.6,,0.159,ci,ci9113772,2016-02-16T04:21:10.395Z,"16km SW of Ludlow, California",earthquake,,1.215,,94,reviewed,ci,ci
1999-10-20T21:18:31.250Z,34.799,-116.287,3.113,3.09,ml,0,68.6,,0.16,ci,ci9113785,2016-04-02T19:51:09.444Z,"14km NW of Ludlow, CA",earthquake,,0.374,,172,reviewed,ci,ci
1999-10-20T21:06:34.860Z,34.663,-116.289,0.979,2.58,ml,0,89.1,,0.232,ci,ci9113767,2016-02-17T04:26:40.266Z,"13km WSW of Ludlow, California",earthquake,,2.159,,84,reviewed,ci,ci
1999-10-20T20:35:59.690Z,34.827,-116.339,3.388,2.56,mc,0,74.1,0.003413,0.307,ci,ci9113762,2016-02-16T11:21:13.635Z,"20km NW of Ludlow, California",earthquake,,0.183,,47,reviewed,ci,ci
1999-10-20T19:47:23.890Z,34.594,-116.29,0.067,3.58,ml,0,77.2,,0.152,ci,ci9113752,2016-04-02T07:12:53.847Z,"18km SW of Ludlow, CA",earthquake,,0.381,,27,reviewed,ci,ci
1999-10-20T19:25:28.800Z,34.684,-116.298,-0.271,2.99,ml,0,90.3,,0.201,ci,ci9113730,2016-02-17T11:36:25.959Z,"13km WSW of Ludlow, California",earthquake,,1.58,,124,reviewed,ci,ci
1999-10-20T18:52:45.010Z,34.832,-116.388,3.503,3.11,ml,0,128.2,,0.176,ci,ci9113725,2016-04-02T10:32:48.341Z,"24km WNW of Ludlow, CA",earthquake,,0.569,,139,reviewed,ci,ci
1999-10-20T18:13:40.170Z,34.832,-116.404,0.149,3.26,ml,0,127.1,,0.185,ci,ci9113708,2016-04-02T13:39:05.482Z,"26km WNW of Ludlow, CA",earthquake,,0.445,,150,reviewed,ci,ci
1999-10-20T16:45:04.410Z,34.688,-116.285,-0.331,2.78,mc,0,94.9,0.1481,0.13,ci,ci3326803,2016-02-16T21:07:31.838Z,"12km WSW of Ludlow, California",earthquake,,4.449,,12,reviewed,ci,ci
1999-10-20T16:40:57.010Z,34.67,-116.358,1.954,4.12,ml,0,56,,0.161,ci,ci9113677,2016-04-02T00:47:48.709Z,"19km WSW of Ludlow, CA",earthquake,,0.521,,177,reviewed,ci,ci
1999-10-20T16:34:31.360Z,34.685,-116.363,2.674,2.85,ml,0,69.8,,0.162,ci,ci9113672,2016-02-16T23:37:00.586Z,"19km WSW of Ludlow, California",earthquake,,0.485,,7,reviewed,ci,ci
1999-10-20T15:54:11.910Z,34.706,-116.299,0.509,2.76,ml,0,94.1,,0.193,ci,ci9113651,2016-02-17T06:50:27.483Z,"13km W of Ludlow, California",earthquake,,1.806,,99,reviewed,ci,ci
1999-10-20T15:27:57.810Z,34.56,-116.264,-1.221,2.97,ml,0,78.1,,0.177,ci,ci9113631,2016-02-16T18:39:05.541Z,"20km SSW of Ludlow, California",earthquake,,0.743,,115,reviewed,ci,ci
1999-10-20T15:14:39.030Z,34.362,-116.133,1.733,2.69,ml,0,75.2,,0.137,ci,ci9113636,2016-02-16T04:21:01.281Z,"26km NNW of Twentynine Palms, California",earthquake,,0.406,,106,reviewed,ci,ci
1999-10-20T15:09:09.450Z,34.562,-116.257,-1.211,2.55,ml,0,81.5,,0.126,ci,ci9113627,2016-02-17T09:12:33.528Z,"20km SSW of Ludlow, California",earthquake,,0.938,,90,reviewed,ci,ci
1999-10-20T14:21:16.510Z,34.606,-116.298,-1.216,3.08,ml,0,69.8,,0.137,ci,ci9113622,2016-04-02T19:51:07.981Z,"18km SW of Ludlow, CA",earthquake,,0.6,,139,reviewed,ci,ci
1999-10-20T12:59:13.660Z,34.664,-116.357,1.012,2.53,ml,0,71.4,,0.18,ci,ci9113587,2016-02-16T18:38:59.481Z,"19km WSW of Ludlow, California",earthquake,,1.13,,105,reviewed,ci,ci
1999-10-20T12:02:13.800Z,34.65,-116.315,4.659,2.79,ml,0,80.6,,0.144,ci,ci9113568,2016-02-16T23:36:56.222Z,"16km WSW of Ludlow, California",earthquake,,0.039,,132,reviewed,ci,ci
1999-10-20T11:56:54.790Z,34.824,-116.352,3.783,2.54,mc,0,102.6,,0.196,ci,ci9113566,2016-02-16T08:59:26.761Z,"21km WNW of Ludlow, California",earthquake,,0.185,,46,reviewed,ci,ci
1999-10-20T11:13:08.310Z,34.826,-116.352,3.713,2.64,ml,0,109.9,,0.161,ci,ci9113547,2016-02-16T21:07:20.010Z,"21km WNW of Ludlow, California",earthquake,,0.263,,122,reviewed,ci,ci
1999-10-20T10:44:37.050Z,34.51,-116.326,-0.111,3.2,ml,0,151.9,0.2163,0.109,ci,ci3320872,2016-02-16T18:38:55.731Z,"28km SSW of Ludlow, California",earthquake,,1.087,,132,reviewed,ci,ci
1999-10-20T10:44:11.280Z,34.805,-116.258,2.766,3.29,ml,0,131.9,,0.267,ci,ci9113541,2016-04-02T10:31:18.559Z,"13km NW of Ludlow, CA",earthquake,,0.778,,144,reviewed,ci,ci
1999-10-20T10:40:22.420Z,34.799,-116.271,3.856,2.63,ml,0,130.2,,0.128,ci,ci9113540,2016-02-17T06:50:13.612Z,"13km NW of Ludlow, California",earthquake,,0.568,,119,reviewed,ci,ci
1999-10-20T10:26:34.280Z,34.58,-116.307,-0.258,2.64,ml,0,73.9,0.2499,0.138,ci,ci9113542,2016-02-17T06:50:12.250Z,"21km SW of Ludlow, California",earthquake,,1.702,,118,reviewed,ci,ci
1999-10-20T09:46:22.960Z,34.573,-116.267,-1.211,2.53,ml,0,80.1,,0.128,ci,ci9113517,2016-02-16T18:38:50.009Z,"19km SSW of Ludlow, California",earthquake,,0.718,,113,reviewed,ci,ci
1999-10-20T08:52:54.900Z,34.81,-116.376,3.583,2.53,mc,0,93.2,0.0377,0.18,ci,ci9113506,2016-02-15T23:35:57.928Z,"22km WNW of Ludlow, California",earthquake,,0.358,,44,reviewed,ci,ci
1999-10-20T08:32:44.100Z,34.569,-116.253,-1.221,3.21,ml,0,80.8,,0.143,ci,ci3326713,2016-04-02T16:54:33.945Z,"19km SSW of Ludlow, CA",earthquake,,0.712,,134,reviewed,ci,ci
1999-10-20T07:33:08.810Z,34.506,-116.273,-1.221,2.87,ml,0,63.7,,0.184,ci,ci9113483,2016-02-17T02:03:15.292Z,"26km SSW of Ludlow, California",earthquake,,0.452,,119,reviewed,ci,ci
1999-10-20T07:03:27.220Z,34.095,-116.921,2.882,2.58,ml,0,72.5,,0.238,ci,ci9113464,2016-02-16T01:58:36.630Z,"13km ENE of Yucaipa, California",earthquake,,0.285,,124,reviewed,ci,ci
1999-10-20T06:34:24.790Z,34.787,-116.306,1.719,2.53,mc,0,118.8,,0.148,ci,ci9113451,2016-02-16T11:21:01.579Z,"15km WNW of Ludlow, California",earthquake,,0.975,,39,reviewed,ci,ci
1999-10-20T06:28:59.180Z,34.446,-116.246,0.458,2.53,ml,0,89.9,,0.144,ci,ci3325928,2016-02-16T13:44:08.886Z,"32km SSW of Ludlow, California",earthquake,,1.204,,99,reviewed,ci,ci
1999-10-20T05:59:31.980Z,34.671,-116.299,-0.121,2.5,ml,0,87.8,,0.196,ci,ci9113444,2016-02-17T04:26:24.629Z,"14km WSW of Ludlow, California",earthquake,,1.684,,105,reviewed,ci,ci
1999-10-20T05:39:44.490Z,34.552,-116.263,-1.101,2.58,ml,0,170.8,0.268,0.072,ci,ci3325925,2016-02-17T06:50:09.505Z,"21km SSW of Ludlow, California",earthquake,,1.635,,45,reviewed,ci,ci
1999-10-20T04:48:39.050Z,34.92,-116.391,1.918,2.85,ml,0,141.5,,0.171,ci,ci9113407,2016-02-16T08:59:16.228Z,"31km NW of Ludlow, California",earthquake,,0.955,,137,reviewed,ci,ci
1999-10-20T04:42:32.950Z,34.803,-116.261,-0.051,2.68,ml,0,196.3,,0.282,ci,ci9113403,2016-02-16T13:44:02.543Z,"13km NW of Ludlow, California",earthquake,,4.68,,68,reviewed,ci,ci
1999-10-20T04:22:45.190Z,34.603,-116.284,-1.211,3,ml,0,81,,0.158,ci,ci9113394,2016-04-02T04:00:28.226Z,"17km SW of Ludlow, CA",earthquake,,0.796,,128,reviewed,ci,ci
1999-10-20T03:47:11.780Z,34.853,-116.389,3.41,2.52,mc,0,131.3,0.04838,0.138,ci,ci9113386,2016-02-16T18:38:43.464Z,"26km NW of Ludlow, California",earthquake,,0.802,,27,reviewed,ci,ci
1999-10-20T03:35:57.650Z,34.545,-116.316,-1.221,2.54,mc,0,77,0.252,0.357,ci,ci3326796,2016-02-16T04:20:46.833Z,"24km SW of Ludlow, California",earthquake,,1.019,,16,reviewed,ci,ci
1999-10-20T03:15:08.040Z,34.641,-116.307,2.379,2.73,ml,0,81.4,,0.126,ci,ci9113361,2016-02-15T23:35:47.752Z,"16km WSW of Ludlow, California",earthquake,,1.413,,113,reviewed,ci,ci
1999-10-20T02:42:39.090Z,34.593,-116.232,-1.211,3.98,ml,0,87.6,,0.178,ci,ci3324589,2016-04-02T13:38:51.043Z,"16km SSW of Ludlow, CA",earthquake,,0.839,,178,reviewed,ci,ci
1999-10-20T02:39:12.340Z,34.596,-116.232,-1.211,3.56,ml,0,88.1,,0.127,ci,ci3324587,2016-04-02T07:16:42.474Z,"15km SSW of Ludlow, CA",earthquake,,0.806,,161,reviewed,ci,ci
1999-10-20T02:26:44.370Z,34.595,-116.301,-1.211,3.02,ml,0,76.9,,0.15,ci,ci9113342,2016-04-02T10:36:55.309Z,"19km SW of Ludlow, CA",earthquake,,0.844,,125,reviewed,ci,ci
1999-10-20T02:17:49.960Z,34.083,-117.445,2.883,2.7,ml,0,49.6,,0.167,ci,ci9113328,2016-02-17T02:03:07.953Z,"2km SE of Fontana, California",earthquake,,0.123,,8,reviewed,ci,ci
1999-10-20T02:09:27.410Z,34.668,-116.354,1.892,3.39,ml,0,72.3,,0.141,ci,ci3326791,2016-04-02T10:31:16.707Z,"19km WSW of Ludlow, CA",earthquake,,0.804,,150,reviewed,ci,ci
1999-10-20T02:05:24.220Z,34.513,-116.252,0.079,3.23,ml,0,80.9,,0.223,ci,ci9113336,2016-04-02T00:46:19.182Z,"25km SSW of Ludlow, CA",earthquake,,1.15,,18,reviewed,ci,ci
1999-10-20T02:04:52.550Z,34.495,-116.21,5,3.2,ml,,,,0.77,us,usp0009g98,2014-11-07T01:08:44.612Z,"41 km NNE of Joshua Tree, California",earthquake,,,,,reviewed,us,us
1999-10-20T02:02:17.420Z,34.667,-116.308,-0.571,2.53,ml,0,85,,0.176,ci,ci9113322,2016-02-17T09:12:15.680Z,"15km WSW of Ludlow, California",earthquake,,1.662,,100,reviewed,ci,ci
1999-10-20T01:59:16.050Z,34.811,-116.396,1.943,2.51,mc,0,102.9,0.05201,0.152,ci,ci3330626,2016-02-16T06:40:29.492Z,"24km WNW of Ludlow, California",earthquake,,0.368,,36,reviewed,ci,ci
1999-10-20T01:51:31.820Z,34.651,-116.339,-0.272,3.1,ml,0,79.2,,0.152,ci,ci9113294,2016-04-02T00:51:38.836Z,"18km WSW of Ludlow, CA",earthquake,,0.942,,137,reviewed,ci,ci
1999-10-20T01:49:25.290Z,34.86,-116.404,1.933,2.75,ml,0,131.2,,0.218,ci,ci9113293,2016-02-17T11:36:01.532Z,"27km NW of Ludlow, California",earthquake,,0.868,,114,reviewed,ci,ci
1999-10-20T01:15:32.900Z,34.493,-116.26,-1.201,2.98,ml,0,81.3,,0.135,ci,ci9113281,2016-02-17T04:26:17.245Z,"27km SSW of Ludlow, California",earthquake,,0.562,,120,reviewed,ci,ci
1999-10-20T00:48:39.120Z,34.603,-116.281,-1.211,3.55,ml,0,81.4,,0.142,ci,ci3326785,2016-04-01T21:30:59.460Z,"17km SW of Ludlow, CA",earthquake,,0.725,,166,reviewed,ci,ci
1999-10-20T00:47:11.030Z,34.604,-116.269,-1.221,2.62,ml,0,90.2,,0.212,ci,ci3326784,2016-02-16T18:38:39.207Z,"16km SW of Ludlow, California",earthquake,,0.961,,49,reviewed,ci,ci
1999-10-20T00:45:42.370Z,34.613,-116.284,0.406,2.72,ml,0,82.3,,0.149,ci,ci3326783,2016-02-16T23:36:40.079Z,"16km SW of Ludlow, California",earthquake,,1.948,,103,reviewed,ci,ci
1999-10-20T00:43:58.170Z,34.605,-116.281,-1.211,2.67,ml,0,81.6,,0.128,ci,ci3326781,2016-02-16T11:20:49.770Z,"17km SW of Ludlow, California",earthquake,,0.683,,99,reviewed,ci,ci
1999-10-20T00:41:37.690Z,34.609,-116.279,-1.221,2.65,ml,0,82.7,,0.135,ci,ci9113247,2016-02-16T21:07:09.366Z,"16km SW of Ludlow, California",earthquake,,1.142,,96,reviewed,ci,ci
1999-10-20T00:32:12.470Z,34.672,-116.269,-1.221,2.52,ml,0,97.3,0.1674,0.208,ci,ci3330623,2016-02-16T01:58:29.930Z,"11km WSW of Ludlow, California",earthquake,,1.858,,35,reviewed,ci,ci
1999-10-20T00:08:16.540Z,34.591,-116.289,-0.701,3.11,ml,0,78.4,,0.139,ci,ci9113213,2016-04-02T10:36:53.876Z,"19km SW of Ludlow, CA",earthquake,,0.618,,14,reviewed,ci,ci
1999-10-19T23:54:46.000Z,34.553,-116.26,-0.781,2.62,ml,0,81.6,,0.133,ci,ci9113209,2016-02-17T11:35:56.376Z,"21km SSW of Ludlow, California",earthquake,,0.881,,107,reviewed,ci,ci
1999-10-19T22:55:19.660Z,34.374,-116.193,-1.162,2.55,ml,0,91,,0.144,ci,ci9113179,2016-02-16T23:36:38.597Z,"28km NNW of Twentynine Palms, California",earthquake,,1.355,,105,reviewed,ci,ci
1999-10-19T22:21:12.820Z,34.483,-116.265,0.069,3.48,ml,0,152.3,0.2024,0.152,ci,ci9113151,2016-04-02T19:49:50.035Z,"28km SSW of Ludlow, CA",earthquake,,0.934,,6,reviewed,ci,ci
1999-10-19T21:40:19.230Z,34.826,-116.406,4.193,2.83,ml,0,120.8,,0.134,ci,ci9113115,2016-02-16T21:06:58.658Z,"25km WNW of Ludlow, California",earthquake,,0.738,,113,reviewed,ci,ci
1999-10-19T21:34:03.060Z,34.791,-116.366,0.6,2.56,mc,0,67.2,,0.097,ci,ci9113112,2016-02-16T18:38:36.684Z,"20km WNW of Ludlow, California",earthquake,,0.599,,35,reviewed,ci,ci
1999-10-19T21:00:31.000Z,34.58,-116.27,6,2.9,ml,,,,,us,usp0009g8u,2014-11-07T01:08:44.585Z,"49 km N of Joshua Tree, California",earthquake,,,,,reviewed,pas,us
1999-10-19T20:50:21.940Z,34.6759987,-116.2835007,4.381,2.81,ml,0,91,,0.53,ci,ci9606936,2016-02-16T18:38:35.335Z,"12km WSW of Ludlow, California",earthquake,0.99,45.61,0.1,100,automatic,ci,ci
1999-10-19T20:49:53.450Z,34.3909988,-116.4143295,3.156,2.66,ml,0,125,0.1076,0.18,ci,ci9606932,2016-02-17T09:12:11.842Z,"30km NNW of Joshua Tree, California",earthquake,0.76,1.12,0.1,100,automatic,ci,ci
1999-10-19T20:48:43.180Z,34.3086662,-116.086998,4.563,3.09,ml,0,90,,0.25,ci,ci9606928,2016-04-02T00:47:12.726Z,"19km N of Twentynine Palms, CA",earthquake,0.3,24,0.1,100,automatic,ci,ci
1999-10-19T20:11:51.870Z,34.422,-116.194,2.048,3.34,ml,0,157.2,,0.166,ci,ci7152609,2016-04-02T16:54:28.681Z,"33km S of Ludlow, CA",earthquake,,1.219,,115,reviewed,ci,ci
1999-10-19T19:50:44.040Z,34.613,-116.239,-1.211,3.15,ml,0,90.1,,0.185,ci,ci7152605,2016-04-02T13:39:44.482Z,"14km SSW of Ludlow, CA",earthquake,,0.761,,134,reviewed,ci,ci
1999-10-19T19:15:51.760Z,34.617,-116.289,4.774,2.5,mc,0,81.4,0.2153,0.138,ci,ci9113030,2016-02-16T18:38:31.660Z,"16km SW of Ludlow, California",earthquake,,,,43,reviewed,ci,ci
1999-10-19T19:14:01.440Z,34.432,-116.234,-0.462,2.8,ml,0,110.7,0.1702,0.115,ci,ci9113027,2016-02-16T18:38:29.246Z,"33km SSW of Ludlow, California",earthquake,,1.015,,108,reviewed,ci,ci
1999-10-19T19:03:41.550Z,34.82,-116.354,4.501,3.16,ml,0,96.9,,0.26,ci,ci9113016,2016-04-02T00:51:37.352Z,"21km WNW of Ludlow, CA",earthquake,,1.367,,131,reviewed,ci,ci
1999-10-19T18:48:41.050Z,34.856,-116.398,2.226,3.12,ml,0,131,,0.184,ci,ci9112997,2016-04-02T04:04:15.063Z,"26km NW of Ludlow, CA",earthquake,,0.68,,142,reviewed,ci,ci
1999-10-19T18:45:53.500Z,34.86,-116.347,4.158,3.12,ml,0,135.4,,0.182,ci,ci9112994,2016-04-02T19:54:45.564Z,"23km NW of Ludlow, CA",earthquake,,0.242,,145,reviewed,ci,ci
1999-10-19T17:38:51.560Z,34.712,-116.269,4.706,2.62,mc,0,105.7,0.1305,0.16,ci,ci9112953,2016-02-17T11:35:48.318Z,"10km W of Ludlow, California",earthquake,,,,37,reviewed,ci,ci
1999-10-19T17:34:23.960Z,34.607,-116.3,0.432,2.75,ml,0,78.1,,0.123,ci,ci3324339,2016-02-16T16:11:11.947Z,"18km SW of Ludlow, California",earthquake,,1.556,,29,reviewed,ci,ci
1999-10-19T17:33:10.580Z,34.816,-116.398,2.149,2.73,ml,0,108.5,,0.17,ci,ci9112951,2016-02-16T13:43:53.407Z,"24km WNW of Ludlow, California",earthquake,,0.327,,87,reviewed,ci,ci
1999-10-19T16:45:14.280Z,34.683,-116.3,0.369,2.75,ml,0,89.8,,0.183,ci,ci9112908,2016-02-17T09:12:05.199Z,"14km WSW of Ludlow, California",earthquake,,1.062,,109,reviewed,ci,ci
1999-10-19T16:34:32.830Z,34.603,-116.283,-1.211,2.6,ml,0,88.7,,0.105,ci,ci9112904,2016-02-16T01:58:17.026Z,"17km SW of Ludlow, California",earthquake,,0.945,,109,reviewed,ci,ci
1999-10-19T16:22:16.160Z,34.419,-116.193,2.098,2.52,ml,0,92.3,0.1833,0.157,ci,ci9112899,2016-02-16T06:40:18.016Z,"33km NNW of Twentynine Palms, California",earthquake,,0.998,,101,reviewed,ci,ci
1999-10-19T16:15:44.040Z,33.2019997,-115.6591644,29.334,2.59,ml,0,178,,0.23,ci,ci9603552,2016-02-16T11:20:39.846Z,"14km WSW of Niland, California",earthquake,1.91,2.2,0.1,100,automatic,ci,ci
1999-10-19T15:20:52.380Z,34.41,-116.183,1.388,2.52,ml,0,90.7,,0.104,ci,ci3326770,2016-02-17T04:26:01.583Z,"32km NNW of Twentynine Palms, California",earthquake,,0.795,,100,reviewed,ci,ci
1999-10-19T14:53:54.700Z,34.579,-116.271,4.618,2.5,mc,0,126.6,0.2563,0.116,ci,ci9112824,2016-02-16T06:40:16.075Z,"19km SSW of Ludlow, California",earthquake,,,,7,reviewed,ci,ci
1999-10-19T14:48:41.690Z,34.9078331,-116.0623322,5.75,2.5,ml,0,203,0.3607,0.12,ci,ci9603476,2016-02-17T02:02:52.907Z,"23km NNE of Ludlow, California",earthquake,1.57,15.54,0.1,100,automatic,ci,ci
1999-10-19T14:07:36.350Z,34.359,-116.147,0.646,2.91,ml,0,95.5,,0.122,ci,ci9112808,2016-02-16T21:06:51.628Z,"26km NNW of Twentynine Palms, California",earthquake,,0.605,,11,reviewed,ci,ci
1999-10-19T13:46:44.470Z,34.355,-116.15,1.076,2.69,ml,0,189.9,,0.136,ci,ci9112799,2016-02-16T16:11:02.556Z,"25km NNW of Twentynine Palms, California",earthquake,,0.527,,79,reviewed,ci,ci
1999-10-19T13:39:30.780Z,34.797,-116.313,2.099,2.63,ml,0,120.2,,0.139,ci,ci9112797,2016-02-17T02:02:47.241Z,"16km WNW of Ludlow, California",earthquake,,0.654,,117,reviewed,ci,ci
1999-10-19T13:25:08.500Z,34.682,-116.301,-0.036,2.5,ml,0,59.8,,0.148,ci,ci9112787,2016-02-16T08:58:54.837Z,"14km WSW of Ludlow, California",earthquake,,0.676,,115,reviewed,ci,ci
1999-10-19T13:22:38.330Z,34.695,-116.341,1.978,2.52,mc,0,78.2,0.1348,0.244,ci,ci9112779,2016-02-16T16:11:00.952Z,"17km W of Ludlow, California",earthquake,,1.4,,21,reviewed,ci,ci
1999-10-19T13:20:28.100Z,34.571,-116.296,-0.983,2.58,ml,0,74.6,,0.156,ci,ci9112781,2016-02-17T11:35:41.413Z,"21km SW of Ludlow, California",earthquake,,0.622,,90,reviewed,ci,ci
1999-10-19T13:12:25.080Z,34.585,-116.231,-1.221,2.78,ml,0,86.4,,0.124,ci,ci9112772,2016-02-16T08:58:51.808Z,"16km SSW of Ludlow, California",earthquake,,1.339,,136,reviewed,ci,ci
1999-10-19T12:32:13.380Z,34.395,-116.197,-1.162,2.54,ml,0,90.1,,0.186,ci,ci9112734,2016-02-16T01:58:14.307Z,"31km NNW of Twentynine Palms, California",earthquake,,2.176,,102,reviewed,ci,ci
1999-10-19T12:20:44.270Z,34.71,-116.341,6.178,4.49,ml,0,79.4,,0.176,ci,ci9112735,2017-02-09T00:33:26.501Z,"17km W of Ludlow, CA",earthquake,,1.752,,209,reviewed,ci,ci
1999-10-19T12:10:18.840Z,34.811,-116.41,4.612,3,ml,0,64.7,0.06287,0.159,ci,ci3324332,2016-04-01T21:35:50.967Z,"25km WNW of Ludlow, CA",earthquake,,2.389,,112,reviewed,ci,ci
1999-10-19T12:00:06.100Z,34.697,-116.309,-0.021,2.52,mc,0,89.2,,0.165,ci,ci3325879,2016-02-16T08:58:47.793Z,"14km W of Ludlow, California",earthquake,,0.959,,48,reviewed,ci,ci
1999-10-19T10:58:21.590Z,34.692,-116.3,-0.561,2.63,ml,0,92.3,0.1411,0.136,ci,ci3325854,2016-02-17T06:49:42.529Z,"13km WSW of Ludlow, California",earthquake,,1.159,,6,reviewed,ci,ci
1999-10-19T10:56:09.750Z,34.616,-116.29,-0.651,2.53,ml,0,81.6,,0.142,ci,ci9112678,2016-02-16T08:58:44.021Z,"17km SW of Ludlow, California",earthquake,,0.872,,114,reviewed,ci,ci
1999-10-19T10:43:43.180Z,34.603,-116.279,-1.211,2.52,ml,0,81.8,,0.148,ci,ci3326753,2016-02-16T11:20:26.836Z,"17km SW of Ludlow, California",earthquake,,0.848,,89,reviewed,ci,ci
1999-10-19T10:39:40.180Z,34.701,-116.305,-0.541,4.08,ml,0,60.9,,0.206,ci,ci9112663,2016-04-01T21:30:56.470Z,"13km W of Ludlow, CA",earthquake,,0.824,,189,reviewed,ci,ci
1999-10-19T10:39:18.890Z,34.594,-116.297,-0.301,4.14,ml,0,77.4,0.2378,0.121,ci,ci3326751,2016-04-02T19:49:44.383Z,"19km SW of Ludlow, CA",earthquake,,0.779,,50,reviewed,ci,ci
1999-10-19T10:06:58.540Z,34.374,-116.145,0.428,2.52,ml,0,101.4,0.1917,0.162,ci,ci9112644,2016-02-16T04:20:22.079Z,"27km NNW of Twentynine Palms, California",earthquake,,0.687,,74,reviewed,ci,ci
1999-10-19T10:06:05.440Z,34.686,-116.309,4.944,2.77,ml,0,86.8,,0.14,ci,ci9112646,2016-02-16T16:10:53.696Z,"14km WSW of Ludlow, California",earthquake,,43.263,,118,reviewed,ci,ci
1999-10-19T09:54:24.410Z,34.268,-116.444,-1.137,2.79,ml,0,61.1,,0.285,ci,ci9112638,2016-02-16T06:40:06.024Z,"17km N of Yucca Valley, California",earthquake,,0.354,,11,reviewed,ci,ci
1999-10-19T09:54:17.640Z,34.263,-116.448,1.633,2.85,ml,0,88.3,0.08245,0.119,ci,ci9112633,2016-02-16T01:58:10.186Z,"17km N of Yucca Valley, California",earthquake,,0.503,,61,reviewed,ci,ci
1999-10-19T09:38:06.550Z,34.612,-116.301,-1.211,2.61,ml,0,79,,0.2,ci,ci9112626,2016-02-16T06:40:04.575Z,"18km SW of Ludlow, California",earthquake,,0.94,,125,reviewed,ci,ci
1999-10-19T09:23:01.400Z,34.84,-116.394,3.389,2.56,mc,0,128.9,0.04779,0.091,ci,ci9112620,2016-02-16T23:36:20.161Z,"25km WNW of Ludlow, California",earthquake,,0.964,,32,reviewed,ci,ci
1999-10-19T08:54:41.740Z,34.504,-116.25,-1.211,3.22,ml,0,72.7,,0.218,ci,ci9112590,2016-04-02T19:50:31.732Z,"26km SSW of Ludlow, CA",earthquake,,0.51,,159,reviewed,ci,ci
1999-10-19T08:53:08.600Z,34.703,-116.365,6.294,3,ml,0,57.4,,0.164,ci,ci9112593,2016-04-02T00:46:12.261Z,"19km W of Ludlow, CA",earthquake,,6.159,,126,reviewed,ci,ci
1999-10-19T08:51:59.420Z,34.533,-116.273,-1.063,2.53,ml,0,78.4,,0.125,ci,ci9112586,2016-02-16T13:43:38.081Z,"23km SSW of Ludlow, California",earthquake,,0.813,,4,reviewed,ci,ci
1999-10-19T08:46:11.180Z,34.452,-116.244,-0.342,2.75,ml,0,84.3,,0.14,ci,ci9112570,2016-02-17T09:11:45.631Z,"31km SSW of Ludlow, California",earthquake,,0.595,,122,reviewed,ci,ci
1999-10-19T08:40:35.910Z,34.436,-116.249,0.208,3.28,ml,0,84.4,,0.151,ci,ci9112567,2016-04-02T10:31:10.980Z,"33km SSW of Ludlow, CA",earthquake,,0.524,,159,reviewed,ci,ci
1999-10-19T08:31:32.770Z,34.568,-116.271,0.129,2.62,ml,0,91.7,0.2671,0.105,ci,ci9112552,2016-02-17T04:25:49.809Z,"20km SSW of Ludlow, California",earthquake,,1.032,,88,reviewed,ci,ci
1999-10-19T08:08:05.830Z,34.318,-116.07,-0.147,2.54,ml,0,88.6,,0.12,ci,ci9112530,2016-02-15T23:35:21.688Z,"20km N of Twentynine Palms, California",earthquake,,0.601,,83,reviewed,ci,ci
1999-10-19T07:33:24.330Z,34.852,-116.356,5.823,3.18,ml,0,133.4,,0.173,ci,ci9112499,2016-04-02T19:49:41.016Z,"23km NW of Ludlow, CA",earthquake,,0.728,,164,reviewed,ci,ci
1999-10-19T06:30:03.240Z,34.783,-116.351,-1.382,2.77,mc,0,73.9,,0.186,ci,ci3328925,2016-02-16T18:38:16.492Z,"19km WNW of Ludlow, California",earthquake,,0.956,,68,reviewed,ci,ci
1999-10-19T06:29:49.460Z,34.49,-116.27,-0.052,2.62,ml,0,216.7,0.2075,0.121,ci,ci9112455,2016-02-17T06:49:33.611Z,"28km SSW of Ludlow, California",earthquake,,1.222,,4,reviewed,ci,ci
1999-10-19T05:50:04.010Z,34.448,-116.254,0.064,2.55,ml,0,83.7,,0.098,ci,ci9112433,2016-02-16T11:20:08.560Z,"32km SSW of Ludlow, California",earthquake,,1.162,,114,reviewed,ci,ci
1999-10-19T05:40:45.130Z,34.665,-116.323,0.699,2.6,ml,0,80.7,0.1651,0.14,ci,ci9112421,2016-02-17T04:25:44.638Z,"16km WSW of Ludlow, California",earthquake,,1.203,,42,reviewed,ci,ci
1999-10-19T05:39:30.680Z,34.684,-116.306,-0.541,2.95,ml,0,71.3,,0.182,ci,ci9112425,2016-02-17T11:35:23.671Z,"14km WSW of Ludlow, California",earthquake,,1.061,,145,reviewed,ci,ci
1999-10-19T05:37:45.400Z,34.828,-116.338,1.56,2.82,ml,0,77.9,,0.16,ci,ci9112420,2016-02-16T13:43:34.237Z,"20km NW of Ludlow, California",earthquake,,0.231,,128,reviewed,ci,ci
1999-10-19T05:12:11.730Z,34.83,-116.385,6.209,3.03,ml,0,85.2,,0.191,ci,ci9112408,2016-04-02T04:04:13.572Z,"24km WNW of Ludlow, CA",earthquake,,0.534,,150,reviewed,ci,ci
1999-10-19T04:57:21.800Z,34.707,-116.363,0.808,2.67,ml,0,137.6,,0.156,ci,ci9112399,2016-02-16T08:58:31.928Z,"19km W of Ludlow, California",earthquake,,0.919,,109,reviewed,ci,ci
1999-10-19T04:46:26.440Z,34.52,-116.279,-0.181,2.74,ml,0,81.1,,0.198,ci,ci9112388,2016-02-16T13:43:32.887Z,"25km SSW of Ludlow, California",earthquake,,0.66,,120,reviewed,ci,ci
1999-10-19T04:42:56.060Z,34.658,-116.29,-0.716,2.53,ml,0,87.5,,0.145,ci,ci9112390,2016-02-16T11:20:04.018Z,"14km WSW of Ludlow, California",earthquake,,1.621,,107,reviewed,ci,ci
1999-10-19T04:40:05.050Z,34.659,-116.284,-1.221,3.02,ml,0,89.6,,0.159,ci,ci9112379,2016-04-02T00:47:06.710Z,"13km WSW of Ludlow, CA",earthquake,,0.887,,39,reviewed,ci,ci
1999-10-19T04:39:55.800Z,34.532,-116.306,-1.364,2.95,ml,0,131.5,0.2404,0.142,ci,ci3325806,2016-02-16T06:39:54.940Z,"25km SSW of Ludlow, California",earthquake,,1.604,,51,reviewed,ci,ci
1999-10-19T04:26:08.510Z,34.81,-116.348,2.563,2.87,ml,0,66,,0.131,ci,ci9112376,2016-02-16T13:43:31.487Z,"20km WNW of Ludlow, California",earthquake,,0.43,,123,reviewed,ci,ci
1999-10-19T04:16:18.010Z,34.579,-116.274,-1.211,2.56,ml,0,79.3,,0.114,ci,ci9112374,2016-02-16T01:58:01.256Z,"19km SSW of Ludlow, California",earthquake,,1.138,,114,reviewed,ci,ci
1999-10-19T04:01:39.420Z,34.408,-116.183,1.448,2.54,ml,0,72.8,0.1824,0.148,ci,ci9112358,2016-02-16T04:20:09.591Z,"32km NNW of Twentynine Palms, California",earthquake,,0.415,,89,reviewed,ci,ci
1999-10-19T03:32:31.130Z,34.435,-116.262,-0.99,3.07,ml,0,82.9,,0.219,ci,ci9112335,2016-04-02T04:00:47.266Z,"33km SSW of Ludlow, CA",earthquake,,0.66,,27,reviewed,ci,ci
1999-10-19T03:32:21.130Z,34.483,-116.264,-0.273,3.19,ml,0,83.5,0.2028,0.14,ci,ci3323962,2016-04-02T13:43:14.311Z,"28km SSW of Ludlow, CA",earthquake,,0.667,,88,reviewed,ci,ci
1999-10-19T03:15:14.570Z,34.557,-116.277,-0.831,2.79,ml,0,76.9,,0.174,ci,ci9112328,2016-02-16T11:20:02.530Z,"21km SSW of Ludlow, California",earthquake,,0.778,,114,reviewed,ci,ci
1999-10-19T03:07:17.940Z,34.639,-116.321,1.479,2.69,ml,0,78.2,,0.159,ci,ci9112324,2016-02-16T01:57:57.986Z,"17km WSW of Ludlow, California",earthquake,,1.194,,63,reviewed,ci,ci
1999-10-19T03:05:57.450Z,34.802,-116.275,6.102,3.63,ml,0,69.8,,0.216,ci,ci9112323,2016-04-02T03:59:39.400Z,"14km NW of Ludlow, CA",earthquake,,0.644,,164,reviewed,ci,ci
1999-10-19T02:38:52.850Z,34.375,-116.191,-1.152,3.78,ml,0,70.9,,0.183,ci,ci9112308,2016-04-01T22:06:24.899Z,"28km NNW of Twentynine Palms, CA",earthquake,,0.45,0.186,135,reviewed,ci,ci
1999-10-19T02:38:22.670Z,34.7845,-116.3226667,2.922,2.8,ml,11,138,0.04593,0.14,ci,ci3324307,2016-02-17T04:25:43.337Z,"16km WNW of Ludlow, California",earthquake,0.66,0.51,0.212,24,reviewed,ci,ci
1999-10-19T02:21:07.330Z,34.53,-116.258,-1.171,2.57,ml,0,82.6,,0.123,ci,ci9112290,2016-02-16T11:20:01.016Z,"23km SSW of Ludlow, California",earthquake,,0.785,,39,reviewed,ci,ci
1999-10-19T02:15:34.330Z,34.858,-116.397,2.521,3.4,ml,0,70.1,0.05655,0.172,ci,ci3324305,2016-04-02T19:54:34.770Z,"26km NW of Ludlow, CA",earthquake,,0.759,,83,reviewed,ci,ci
1999-10-19T02:14:42.690Z,34.857,-116.402,1.656,3.56,ml,0,131,,0.2,ci,ci9112297,2016-04-02T07:16:36.768Z,"27km NW of Ludlow, CA",earthquake,,0.728,,163,reviewed,ci,ci
1999-10-19T02:02:00.330Z,34.53,-116.282,-1.003,2.63,ml,0,92,,0.143,ci,ci9112260,2016-02-17T09:11:39.769Z,"24km SSW of Ludlow, California",earthquake,,1.172,,108,reviewed,ci,ci
1999-10-19T01:52:19.920Z,34.699,-116.284,-0.356,3.28,ml,0,67.3,,0.166,ci,ci9112249,2016-04-02T07:16:35.155Z,"12km WSW of Ludlow, CA",earthquake,,0.669,,139,reviewed,ci,ci
1999-10-19T01:47:45.550Z,34.7,-116.281,-0.911,2.58,ml,0,98.6,0.1378,0.211,ci,ci9112245,2016-02-16T01:57:55.104Z,"11km WSW of Ludlow, California",earthquake,,1.295,,69,reviewed,ci,ci
1999-10-19T01:12:28.270Z,34.604,-116.298,-1.211,2.92,ml,0,78.7,,0.141,ci,ci9112193,2016-02-17T11:35:16.962Z,"18km SW of Ludlow, California",earthquake,,0.843,,141,reviewed,ci,ci
1999-10-19T01:10:31.990Z,34.556,-116.274,0.099,2.56,ml,0,77.1,,0.109,ci,ci9112190,2016-02-17T02:02:24.544Z,"21km SSW of Ludlow, California",earthquake,,0.83,,107,reviewed,ci,ci
1999-10-19T01:02:31.980Z,34.717,-116.284,3.196,2.7,ml,0,102.2,,0.161,ci,ci9112172,2016-02-16T13:43:28.508Z,"11km W of Ludlow, California",earthquake,,1.391,,114,reviewed,ci,ci
1999-10-19T00:51:33.860Z,34.368,-116.137,-0.047,3.09,ml,0,96.3,,0.107,ci,ci9112165,2016-04-01T21:33:49.162Z,"26km NNW of Twentynine Palms, CA",earthquake,,0.792,,141,reviewed,ci,ci
1999-10-19T00:27:05.320Z,34.821,-116.375,0.463,2.78,ml,0,109.6,,0.197,ci,ci9112146,2016-02-17T04:25:37.951Z,"23km WNW of Ludlow, California",earthquake,,0.413,,123,reviewed,ci,ci
1999-10-19T00:14:31.130Z,34.673,-116.284,-1.211,2.84,ml,0,92,,0.228,ci,ci9112143,2016-02-17T04:25:36.538Z,"12km WSW of Ludlow, California",earthquake,,1.25,,114,reviewed,ci,ci
1999-10-19T00:05:38.870Z,34.308,-116.127,1.153,2.57,ml,0,77.4,,0.179,ci,ci9112140,2016-02-17T11:35:13.017Z,"20km NNW of Twentynine Palms, California",earthquake,,0.667,,90,reviewed,ci,ci
1999-10-19T00:00:48.160Z,34.375,-116.1968333,-1.142,3.12,ml,37,71,,0.17,ci,ci9112136,2016-04-02T17:23:19.355Z,"29km NNW of Twentynine Palms, CA",earthquake,0.24,0.62,,141,reviewed,ci,ci
1999-10-18T23:18:20.680Z,34.673,-116.301,-0.521,2.64,ml,0,87.5,0.1595,0.188,ci,ci9112112,2016-02-17T06:49:18.473Z,"14km WSW of Ludlow, California",earthquake,,2.246,,111,reviewed,ci,ci
1999-10-18T23:15:02.910Z,34.5136681,-116.0806656,5.747,2.64,ml,0,181,,0.27,ci,ci9591016,2016-02-17T06:49:17.152Z,"24km SSE of Ludlow, California",earthquake,2.31,25.24,0.1,100,automatic,ci,ci
1999-10-18T23:01:29.640Z,34.62,-116.257,-1.382,2.94,mc,0,119.7,0.2197,0.225,ci,ci9112088,2016-02-17T04:25:35.074Z,"14km SW of Ludlow, California",earthquake,,3.058,,84,reviewed,ci,ci
1999-10-18T22:54:55.340Z,34.599,-116.279,-0.542,2.66,ml,0,89.3,0.2354,0.103,ci,ci9112086,2016-02-16T16:10:40.215Z,"17km SW of Ludlow, California",earthquake,,0.981,,7,reviewed,ci,ci
1999-10-18T22:42:23.230Z,34.706,-116.35,0.85,2.6,ml,0,75.9,,0.134,ci,ci9112067,2016-02-16T08:58:25.048Z,"17km W of Ludlow, California",earthquake,,1.109,,109,reviewed,ci,ci
1999-10-18T22:31:48.150Z,34.841,-116.365,5.279,2.83,ml,0,83.9,,0.225,ci,ci9112058,2016-02-17T06:49:11.980Z,"23km NW of Ludlow, California",earthquake,,0.313,,109,reviewed,ci,ci
1999-10-18T22:04:16.470Z,34.565,-116.243,-0.371,2.66,ml,0,82.7,,0.143,ci,ci9112043,2016-02-15T23:35:04.857Z,"19km SSW of Ludlow, California",earthquake,,0.812,,107,reviewed,ci,ci
1999-10-18T21:34:18.680Z,34.2976685,-116.9639969,5.897,3.35,ml,0,240,,0.39,ci,ci9590936,2016-04-02T13:40:18.904Z,"8km NW of Big Bear Lake, CA",earthquake,5.08,27.56,0.1,100,automatic,ci,ci
1999-10-18T21:34:15.420Z,34.085,-116.852,1.604,3.25,ml,0,48.3,,0.189,ci,ci9112030,2016-04-02T13:40:53.161Z,"18km N of Banning, CA",earthquake,,0.262,,61,reviewed,ci,ci
1999-10-18T21:34:01.150Z,34.82,-116.34,6.201,3.58,ml,0,65.1,0.01024,0.124,ci,ci3324255,2016-04-01T21:33:47.743Z,"20km NW of Ludlow, CA",earthquake,,0.358,,91,reviewed,ci,ci
1999-10-18T21:27:16.380Z,34.664,-116.29,-0.056,3.34,ml,0,53.4,,0.176,ci,ci9112019,2016-04-01T21:32:14.916Z,"14km WSW of Ludlow, CA",earthquake,,0.878,,162,reviewed,ci,ci
1999-10-18T21:26:31.840Z,33.5376663,-117.2328339,13.026,2.74,ml,0,246,,0.14,ci,ci9590924,2016-02-17T04:25:31.038Z,"2km SW of Murrieta, California",earthquake,2.15,2.87,0.1,100,automatic,ci,ci
1999-10-18T21:24:22.920Z,34.798,-116.337,0.51,3.04,ml,0,90,,0.146,ci,ci9112006,2016-04-02T16:52:37.356Z,"18km WNW of Ludlow, CA",earthquake,,0.554,,124,reviewed,ci,ci
1999-10-18T21:19:02.410Z,34.817,-116.369,4.679,2.58,ml,0,100.3,0.02925,0.165,ci,ci9111996,2016-02-16T18:37:53.881Z,"22km WNW of Ludlow, California",earthquake,,0.761,,5,reviewed,ci,ci
1999-10-18T21:15:17.060Z,34.571,-116.27,-0.383,2.72,ml,0,80,,0.127,ci,ci9111985,2016-02-17T09:11:34.555Z,"20km SSW of Ludlow, California",earthquake,,0.815,,110,reviewed,ci,ci
1999-10-18T20:35:02.090Z,34.625,-116.304,-1.211,2.61,ml,0,80,0.2064,0.151,ci,ci9111949,2016-02-16T06:39:38.379Z,"17km SW of Ludlow, California",earthquake,,0.769,,92,reviewed,ci,ci
1999-10-18T20:02:21.020Z,34.569,-116.266,-1.221,2.54,ml,0,79.1,,0.136,ci,ci9111924,2016-02-16T13:43:18.951Z,"20km SSW of Ludlow, California",earthquake,,1.116,,96,reviewed,ci,ci
1999-10-18T19:56:28.620Z,34.571,-116.273,-1.063,2.7,ml,0,78,,0.121,ci,ci9111921,2016-02-17T06:49:07.870Z,"20km SSW of Ludlow, California",earthquake,,0.856,,113,reviewed,ci,ci
1999-10-18T19:47:39.600Z,34.798,-116.286,3.027,3.22,ml,0,60.7,,0.152,ci,ci9111917,2016-04-02T19:54:31.938Z,"14km NW of Ludlow, CA",earthquake,,0.217,,142,reviewed,ci,ci
1999-10-18T19:43:13.020Z,34.801,-116.284,2.103,2.87,ml,0,129.9,,0.15,ci,ci9111910,2016-02-16T06:39:36.854Z,"14km NW of Ludlow, California",earthquake,,1.265,,117,reviewed,ci,ci
1999-10-18T19:13:22.010Z,34.685,-116.294,-0.901,2.63,ml,0,91.6,,0.19,ci,ci9111887,2016-02-17T06:49:06.415Z,"13km WSW of Ludlow, California",earthquake,,1.184,,89,reviewed,ci,ci
1999-10-18T18:47:58.870Z,34.349,-116.465,6.316,2.88,ml,0,64.1,,0.165,ci,ci9111852,2016-02-16T06:39:30.206Z,"26km N of Yucca Valley, California",earthquake,,1.524,,127,reviewed,ci,ci
1999-10-18T18:28:05.400Z,34.682,-116.299,-0.351,2.56,ml,0,89.6,,0.2,ci,ci9111836,2016-02-17T04:25:25.069Z,"13km WSW of Ludlow, California",earthquake,,1.715,,96,reviewed,ci,ci
1999-10-18T17:17:38.540Z,33.307,-116.298,9.293,3.15,ml,0,32.4,,0.206,ci,ci9111807,2016-04-02T16:52:36.008Z,"9km NE of Borrego Springs, CA",earthquake,,1.372,,133,reviewed,ci,ci
1999-10-18T17:16:55.590Z,34.527,-116.27,-0.181,2.52,mc,0,81.7,0.2425,0.151,ci,ci9111788,2016-02-16T06:39:27.478Z,"24km SSW of Ludlow, California",earthquake,,0.783,,14,reviewed,ci,ci
1999-10-18T17:10:32.280Z,34.453,-116.286,-1.219,3.39,ml,0,63.7,,0.134,ci,ci9111790,2016-04-01T21:33:19.403Z,"32km SSW of Ludlow, CA",earthquake,,0.443,,161,reviewed,ci,ci
1999-10-18T16:53:17.760Z,34.699,-116.296,0.159,2.69,ml,0,93.6,,0.159,ci,ci9111775,2016-02-16T04:19:49.084Z,"13km W of Ludlow, California",earthquake,,1.678,,104,reviewed,ci,ci
1999-10-18T16:44:50.360Z,34.453,-116.291,-1.211,3.65,ml,0,62.6,,0.192,ci,ci9111770,2016-04-02T04:01:41.350Z,"32km SSW of Ludlow, CA",earthquake,,0.347,,160,reviewed,ci,ci
1999-10-18T16:30:38.240Z,34.318,-116.071,-1.027,3.02,ml,0,81.4,,0.254,ci,ci9111756,2016-04-02T16:52:34.536Z,"20km N of Twentynine Palms, CA",earthquake,,0.476,,145,reviewed,ci,ci
1999-10-18T16:22:47.840Z,34.537,-116.257,-1.221,2.77,ml,0,82.5,,0.183,ci,ci9111752,2016-02-17T06:49:00.810Z,"22km SSW of Ludlow, California",earthquake,,0.869,,124,reviewed,ci,ci
1999-10-18T16:05:11.620Z,34.654,-116.302,0.379,3.34,ml,0,57.4,,0.177,ci,ci9111745,2016-04-02T16:54:23.677Z,"15km WSW of Ludlow, CA",earthquake,,0.701,,157,reviewed,ci,ci
1999-10-18T16:03:05.690Z,34.512,-116.267,-1.152,2.93,ml,0,127.4,,0.444,ci,ci9111735,2016-02-16T11:19:32.090Z,"25km SSW of Ludlow, California",earthquake,,1.104,,85,reviewed,ci,ci
1999-10-18T15:48:18.520Z,34.815,-116.339,5.564,2.75,ml,0,78.4,,0.128,ci,ci9111727,2016-02-16T18:37:43.462Z,"19km WNW of Ludlow, California",earthquake,,0.399,,114,reviewed,ci,ci
1999-10-18T15:46:20.160Z,34.513,-116.296,-0.861,2.91,ml,0,77.8,,0.166,ci,ci9111714,2016-02-17T11:34:51.003Z,"26km SSW of Ludlow, California",earthquake,,0.806,,131,reviewed,ci,ci
1999-10-18T15:40:56.930Z,34.735,-116.304,4.853,2.66,ml,0,98.9,,0.188,ci,ci9111707,2016-02-16T08:58:13.155Z,"13km W of Ludlow, California",earthquake,,11.321,,108,reviewed,ci,ci
1999-10-18T14:26:55.510Z,34.85,-116.314,-0.172,3.07,ml,0,135.8,,0.18,ci,ci9111661,2016-04-02T13:40:50.425Z,"20km NW of Ludlow, CA",earthquake,,0.707,,133,reviewed,ci,ci
1999-10-18T14:15:53.880Z,34.826,-116.356,5.112,2.83,ml,0,112.3,0.01601,0.166,ci,ci3324244,2016-02-16T13:43:09.592Z,"21km WNW of Ludlow, California",earthquake,,0.558,,107,reviewed,ci,ci
1999-10-18T14:15:18.300Z,34.829,-116.357,4.119,2.81,ml,0,122.6,0.01635,0.158,ci,ci9111660,2016-02-17T06:48:53.837Z,"22km WNW of Ludlow, California",earthquake,,0.167,,52,reviewed,ci,ci
1999-10-18T14:03:51.760Z,33.21,-115.627,2.508,2.57,ml,0,63.7,0.07701,0.192,ci,ci9111654,2016-02-16T01:57:45.206Z,"11km WSW of Niland, California",earthquake,,0.296,,62,reviewed,ci,ci
1999-10-18T13:55:54.370Z,34.346,-116.121,0.393,2.71,ml,0,101.5,0.2011,0.178,ci,ci9111648,2016-02-16T04:19:44.845Z,"24km N of Twentynine Palms, California",earthquake,,0.781,,95,reviewed,ci,ci
1999-10-18T13:55:26.080Z,34.338,-116.122,0.573,2.71,ml,0,101.2,0.1936,0.177,ci,ci3324243,2016-02-16T21:06:08.274Z,"23km NNW of Twentynine Palms, California",earthquake,,0.579,,89,reviewed,ci,ci
1999-10-18T13:51:54.160Z,34.784,-116.289,2.836,2.95,ml,0,127,,0.192,ci,ci9111644,2016-02-16T04:19:43.437Z,"14km WNW of Ludlow, California",earthquake,,0.513,,132,reviewed,ci,ci
1999-10-18T13:33:37.220Z,34.546,-116.269,-0.871,2.85,ml,0,93,0.2609,0.212,ci,ci9111634,2016-02-16T18:37:40.759Z,"22km SSW of Ludlow, California",earthquake,,0.974,,34,reviewed,ci,ci
1999-10-18T13:32:54.000Z,34.428,-116.203,-0.982,2.87,ml,0,91,0.1837,0.171,ci,ci9111624,2016-02-16T16:10:25.510Z,"33km S of Ludlow, California",earthquake,,0.834,,128,reviewed,ci,ci
1999-10-18T13:25:49.340Z,34.321,-116.667,-1.076,2.64,ml,0,67.7,,0.151,ci,ci9111617,2016-02-17T06:48:52.412Z,"18km ENE of Big Bear City, California",earthquake,,0.441,,127,reviewed,ci,ci
1999-10-18T13:23:39.000Z,34.685,-116.31,1.133,3.08,ml,0,101.5,0.1455,0.195,ci,ci9111612,2016-04-02T13:43:13.057Z,"14km WSW of Ludlow, CA",earthquake,,5.025,,137,reviewed,ci,ci
1999-10-18T13:23:31.220Z,34.589,-116.29,-0.653,2.5,mh,0,77.6,0.2427,0.097,ci,ci3324242,2016-02-16T21:06:06.264Z,"19km SW of Ludlow, California",earthquake,,0.907,,0,reviewed,ci,ci
1999-10-18T13:21:22.000Z,34.325,-116.671,-1.366,3.27,ml,0,44.6,,0.185,ci,ci9111606,2016-04-01T21:33:17.773Z,"18km ENE of Big Bear City, CA",earthquake,,0.285,,165,reviewed,ci,ci
1999-10-18T13:13:08.390Z,34.586,-116.26,-0.791,2.57,ml,0,82.3,0.2517,0.176,ci,ci9111586,2016-02-16T06:39:20.192Z,"18km SSW of Ludlow, California",earthquake,,0.738,,122,reviewed,ci,ci
1999-10-18T13:04:56.290Z,34.624,-116.53,1.5,2.54,ml,0,111.9,,0.195,ci,ci9111579,2016-02-16T08:58:10.534Z,"36km WSW of Ludlow, California",earthquake,,0.723,,106,reviewed,ci,ci
1999-10-18T12:53:42.700Z,34.699,-116.302,4.126,2.61,ml,0,91.8,,0.143,ci,ci9111575,2016-02-16T08:58:09.155Z,"13km W of Ludlow, California",earthquake,,,,118,reviewed,ci,ci
1999-10-18T12:49:18.330Z,34.505,-116.261,-0.962,2.7,ml,0,114.6,,0.214,ci,ci9111573,2016-02-17T09:11:23.891Z,"26km SSW of Ludlow, California",earthquake,,0.912,,124,reviewed,ci,ci
1999-10-18T12:43:48.740Z,34.492,-116.266,-0.981,2.68,ml,0,80.9,,0.163,ci,ci9111569,2016-02-16T23:35:51.468Z,"27km SSW of Ludlow, California",earthquake,,0.708,,126,reviewed,ci,ci
1999-10-18T12:30:08.190Z,34.431,-116.224,-1.003,2.72,ml,0,86.6,,0.141,ci,ci9111561,2016-02-17T11:34:46.977Z,"33km S of Ludlow, California",earthquake,,0.889,,127,reviewed,ci,ci
1999-10-18T12:23:02.860Z,34.505,-116.267,-1.063,3.17,ml,0,70.8,,0.169,ci,ci9111563,2016-04-02T13:42:33.805Z,"26km SSW of Ludlow, CA",earthquake,,0.582,,151,reviewed,ci,ci
1999-10-18T12:10:31.020Z,34.501,-116.282,-1.073,2.62,ml,0,81.3,,0.161,ci,ci9111552,2016-04-02T01:21:16.233Z,"27km SSW of Ludlow, CA",earthquake,,0.448,0.205,86,reviewed,ci,ci
1999-10-18T11:53:01.890Z,34.378,-116.191,-0.862,2.55,ml,0,155.8,0.1599,0.077,ci,ci9111541,2016-02-16T04:19:38.442Z,"29km NNW of Twentynine Palms, California",earthquake,,1.26,,100,reviewed,ci,ci
1999-10-18T11:40:46.630Z,34.5923333,-116.267,4.379,2.8,ml,22,76,,0.16,ci,ci9111534,2016-04-01T22:07:12.214Z,"17km SW of Ludlow, CA",earthquake,0.38,18.01,0.177,50,reviewed,ci,ci
1999-10-18T11:22:54.620Z,34.329,-116.669,-1.346,2.54,ml,0,36.1,,0.139,ci,ci9111533,2016-02-16T21:06:02.320Z,"18km ENE of Big Bear City, California",earthquake,,0.523,,116,reviewed,ci,ci
1999-10-18T11:21:06.570Z,34.824,-116.34,6.268,2.5,mc,0,69.7,,0.168,ci,ci9111527,2016-02-17T04:25:11.351Z,"20km NW of Ludlow, California",earthquake,,0.731,,14,reviewed,ci,ci
1999-10-18T11:18:00.650Z,34.838,-116.313,4.655,2.59,mc,0,134.1,0.3214,0.088,ci,ci9111525,2016-02-17T11:34:45.612Z,"19km NW of Ludlow, California",earthquake,,,,41,reviewed,ci,ci
1999-10-18T11:15:45.180Z,34.693,-116.285,1.774,3.48,ml,0,61.5,,0.198,ci,ci9111526,2016-04-02T19:53:33.347Z,"12km WSW of Ludlow, CA",earthquake,,0.713,,167,reviewed,ci,ci
1999-10-18T11:02:19.910Z,34.856,-116.351,-0.872,4.35,ml,0,65.4,,0.21,ci,ci9111518,2016-04-02T04:04:05.819Z,"23km NW of Ludlow, CA",earthquake,,0.808,,185,reviewed,ci,ci
1999-10-18T10:59:39.760Z,34.493,-116.288,-0.432,2.7,ml,0,88.5,,0.169,ci,ci9111512,2016-02-16T11:19:26.808Z,"28km SSW of Ludlow, California",earthquake,,0.677,,122,reviewed,ci,ci
1999-10-18T10:56:08.430Z,34.501,-116.268,-0.906,2.68,ml,0,82.7,,0.093,ci,ci9111507,2016-02-17T06:48:47.924Z,"26km SSW of Ludlow, California",earthquake,,0.654,,126,reviewed,ci,ci
1999-10-18T10:52:07.450Z,34.791,-116.318,1.499,2.67,ml,0,110.5,,0.183,ci,ci9111505,2016-02-17T02:02:09.203Z,"16km WNW of Ludlow, California",earthquake,,1.042,,121,reviewed,ci,ci
1999-10-18T10:49:12.040Z,34.438,-116.249,-1.172,2.51,ml,0,85.8,,0.126,ci,ci9111503,2016-02-16T06:39:16.308Z,"32km SSW of Ludlow, California",earthquake,,0.673,,95,reviewed,ci,ci
1999-10-18T10:42:33.020Z,34.844,-116.399,3.359,2.55,mc,0,129.2,0.05272,0.177,ci,ci9111500,2016-02-17T11:34:44.243Z,"26km WNW of Ludlow, California",earthquake,,1.103,,30,reviewed,ci,ci
1999-10-18T10:37:00.940Z,34.497,-116.267,-0.271,2.58,ml,0,94.8,,0.148,ci,ci9111497,2016-02-16T08:58:03.047Z,"27km SSW of Ludlow, California",earthquake,,0.68,,116,reviewed,ci,ci
1999-10-18T10:23:58.690Z,34.714,-116.299,2.669,2.87,ml,0,95.9,,0.186,ci,ci9111483,2016-02-16T21:05:59.685Z,"13km W of Ludlow, California",earthquake,,1.275,,133,reviewed,ci,ci
1999-10-18T10:17:40.520Z,34.563,-116.257,-1.063,3.66,ml,0,81.5,,0.138,ci,ci9111484,2016-04-02T04:04:04.232Z,"20km SSW of Ludlow, CA",earthquake,,1.854,,174,reviewed,ci,ci
1999-10-18T10:04:48.800Z,34.81,-116.389,2.993,2.59,ml,0,100.2,,0.284,ci,ci9111467,2016-02-16T01:57:39.789Z,"23km WNW of Ludlow, California",earthquake,,0.869,,85,reviewed,ci,ci
1999-10-18T09:20:49.500Z,34.61,-116.342,-1.356,2.56,ml,0,129.7,,0.105,ci,ci9111450,2016-02-17T04:25:10.011Z,"21km SW of Ludlow, California",earthquake,,1.289,,103,reviewed,ci,ci
1999-10-18T09:13:09.710Z,34.3675,-116.1376667,0.353,2.65,ml,25,80,,0.17,ci,ci9111444,2016-04-02T01:21:01.508Z,"26km NNW of Twentynine Palms, CA",earthquake,0.43,0.85,0.213,46,reviewed,ci,ci
1999-10-18T08:59:52.390Z,33.231,-115.683,2.698,2.71,ml,0,87.6,0.097,0.227,ci,ci9111439,2016-02-16T21:05:54.505Z,"14km SSE of Bombay Beach, California",earthquake,,0.269,,70,reviewed,ci,ci
1999-10-18T08:59:46.330Z,34.813,-116.318,4.15,2.52,mc,0,129.8,0.02321,0.149,ci,ci3325749,2016-02-17T09:11:16.367Z,"18km NW of Ludlow, California",earthquake,,0.378,,23,reviewed,ci,ci
1999-10-18T08:54:57.650Z,34.592,-116.281,4.779,2.55,ml,0,89.5,0.242,0.249,ci,ci3320861,2016-02-17T06:48:42.841Z,"18km SW of Ludlow, California",earthquake,,,,94,reviewed,ci,ci
1999-10-18T08:43:13.600Z,34.578,-116.265,-1.211,2.55,mc,0,80.4,,0.124,ci,ci7151409,2016-02-17T09:11:15.079Z,"19km SSW of Ludlow, California",earthquake,,2.225,,23,reviewed,ci,ci
1999-10-18T08:34:06.230Z,34.589,-116.274,-1.221,2.62,mc,0,183.9,,0.078,ci,ci7151405,2016-02-16T06:39:07.850Z,"18km SW of Ludlow, California",earthquake,,0.892,,30,reviewed,ci,ci
1999-10-18T08:30:31.420Z,34.576,-116.294,-1.211,3.53,ml,0,75.8,,0.203,ci,ci7151403,2016-04-02T19:51:50.183Z,"20km SW of Ludlow, CA",earthquake,,0.642,,28,reviewed,ci,ci
1999-10-18T08:04:57.590Z,34.6291667,-116.2911667,4.379,2.9,ml,20,82,,0.15,ci,ci9111400,2016-04-02T17:23:26.961Z,"16km SW of Ludlow, CA",earthquake,0.39,17.94,0.17,53,reviewed,ci,ci
1999-10-18T08:00:22.380Z,34.7965,-116.271,3.066,2.94,ml,18,128,,0.14,ci,ci9111392,2016-04-02T14:14:09.158Z,"13km NW of Ludlow, CA",earthquake,0.61,31.61,0.148,37,reviewed,ci,ci
1999-10-18T07:58:39.050Z,34.587,-116.283,-0.713,2.75,ml,0,60.8,,0.154,ci,ci9111409,2016-02-16T04:19:34.391Z,"19km SW of Ludlow, California",earthquake,,0.683,,8,reviewed,ci,ci
1999-10-18T07:57:29.180Z,34.607,-116.275,-0.593,2.8,ml,0,82.7,0.2273,0.116,ci,ci9111412,2016-02-16T11:19:21.800Z,"16km SW of Ludlow, California",earthquake,,1.326,,18,reviewed,ci,ci
1999-10-18T07:56:49.730Z,34.561,-116.274,-0.353,2.57,ml,0,76.5,0.2724,0.147,ci,ci9111397,2016-02-16T18:37:30.810Z,"21km SSW of Ludlow, California",earthquake,,0.834,,104,reviewed,ci,ci
1999-10-18T07:10:54.350Z,34.523,-116.251,-0.251,2.72,ml,0,80.5,0.2438,0.111,ci,ci9111365,2016-02-16T08:58:00.516Z,"24km SSW of Ludlow, California",earthquake,,0.967,,115,reviewed,ci,ci
1999-10-18T07:07:36.850Z,34.509,-116.26,-0.671,3.53,ml,0,72.3,,0.193,ci,ci9111372,2016-04-02T07:15:22.190Z,"25km SSW of Ludlow, CA",earthquake,,0.472,,162,reviewed,ci,ci
1999-10-18T07:01:23.660Z,34.538,-116.245,4.279,2.77,ml,0,80.1,,0.197,ci,ci9111360,2016-02-16T08:57:59.175Z,"22km SSW of Ludlow, California",earthquake,,38.927,,143,reviewed,ci,ci
1999-10-18T06:58:28.130Z,34.583,-116.259,-1.063,3.68,ml,0,58.5,,0.224,ci,ci9111366,2016-04-02T16:49:09.547Z,"18km SSW of Ludlow, CA",earthquake,,0.639,,166,reviewed,ci,ci
1999-10-18T06:56:22.850Z,34.706,-116.364,1.528,2.9,ml,0,70.7,,0.168,ci,ci9111352,2016-02-17T09:11:11.153Z,"19km W of Ludlow, California",earthquake,,0.484,,126,reviewed,ci,ci
1999-10-18T06:50:07.310Z,34.682,-116.292,0.896,2.5,mh,0,110.2,0.1523,0.138,ci,ci3325732,2016-02-17T09:11:09.719Z,"13km WSW of Ludlow, California",earthquake,,10.421,,0,reviewed,ci,ci
1999-10-18T06:49:48.390Z,34.489,-116.259,-0.711,2.76,ml,0,83.8,0.2099,0.131,ci,ci9111351,2016-02-16T01:57:35.494Z,"27km SSW of Ludlow, California",earthquake,,0.563,,117,reviewed,ci,ci
1999-10-18T06:35:47.360Z,34.3595,-116.1493333,-0.924,4.59,ml,44,45,,0.2,ci,ci9111353,2017-02-09T00:24:23.523Z,"26km NNW of Twentynine Palms, CA",earthquake,0.3,1.09,0.178,56,reviewed,ci,ci
1999-10-18T06:29:45.280Z,34.617,-116.287,-1.221,2.83,ml,0,82.2,,0.142,ci,ci9111346,2016-02-16T06:39:05.096Z,"16km SW of Ludlow, California",earthquake,,0.91,,146,reviewed,ci,ci
1999-10-18T06:27:45.400Z,34.447,-116.213,1.188,2.5,ml,0,89.5,,0.162,ci,ci9111345,2016-02-16T04:19:29.319Z,"31km S of Ludlow, California",earthquake,,0.84,,95,reviewed,ci,ci
1999-10-18T06:03:54.750Z,34.786,-116.363,5.247,2.56,ml,0,61.2,,0.181,ci,ci9111333,2016-02-16T01:57:32.502Z,"20km WNW of Ludlow, California",earthquake,,0.988,,106,reviewed,ci,ci
1999-10-18T05:38:02.150Z,34.709,-116.297,6.929,2.56,ml,0,95.6,,0.118,ci,ci9111321,2016-02-16T11:19:20.443Z,"13km W of Ludlow, California",earthquake,,6.548,,104,reviewed,ci,ci
1999-10-18T05:11:38.500Z,34.355,-116.124,-0.127,2.68,ml,0,97.8,,0.112,ci,ci9111315,2016-02-15T23:34:46.648Z,"25km N of Twentynine Palms, California",earthquake,,0.758,,123,reviewed,ci,ci
1999-10-18T04:53:28.860Z,34.622,-116.3,1.499,2.65,ml,0,80.5,,0.189,ci,ci9111312,2016-02-16T13:42:56.838Z,"17km SW of Ludlow, California",earthquake,,1.091,,110,reviewed,ci,ci
1999-10-18T04:42:02.020Z,34.424,-116.243,-1.162,3.05,ml,0,66.2,,0.21,ci,ci9111313,2016-04-02T07:11:22.843Z,"33km NNE of Joshua Tree, CA",earthquake,,0.584,,143,reviewed,ci,ci
1999-10-18T04:39:10.930Z,34.3666667,-116.1375,0.233,2.7,ml,23,80,,0.15,ci,ci9111307,2016-04-02T07:47:37.719Z,"26km NNW of Twentynine Palms, CA",earthquake,0.35,0.9,0.221,48,reviewed,ci,ci
1999-10-18T04:33:31.850Z,34.637,-116.297,1.569,3.17,ml,0,83.2,,0.164,ci,ci9111302,2016-04-02T16:53:31.138Z,"16km SW of Ludlow, CA",earthquake,,0.817,,152,reviewed,ci,ci
1999-10-18T04:13:11.930Z,34.737,-116.297,4.529,2.55,ml,0,101.8,0.09734,0.137,ci,ci9111292,2016-02-16T13:42:52.519Z,"13km W of Ludlow, California",earthquake,,32.684,,103,reviewed,ci,ci
1999-10-18T04:08:27.820Z,34.512,-116.3,-0.673,2.69,ml,0,72.5,,0.182,ci,ci9111287,2016-02-16T21:05:44.875Z,"26km SSW of Ludlow, California",earthquake,,0.739,,123,reviewed,ci,ci
1999-10-18T03:16:31.130Z,34.55,-116.308,-1.364,2.5,ml,0,136.2,,0.217,ci,ci9111259,2016-02-16T08:57:51.074Z,"23km SW of Ludlow, California",earthquake,,0.911,,99,reviewed,ci,ci
1999-10-18T03:13:46.680Z,34.474,-116.23,0.329,2.74,ml,0,84.4,,0.13,ci,ci9111247,2016-02-17T11:34:33.906Z,"28km SSW of Ludlow, California",earthquake,,0.909,,118,reviewed,ci,ci
1999-10-18T03:10:51.610Z,34.481,-116.257,-0.221,2.52,ml,0,84.2,,0.155,ci,ci3325722,2016-02-16T04:19:27.944Z,"28km SSW of Ludlow, California",earthquake,,0.886,,100,reviewed,ci,ci
1999-10-18T03:10:14.720Z,34.361,-116.146,0.546,2.77,ml,0,99.3,0.186,0.149,ci,ci9111243,2016-02-16T04:19:26.586Z,"26km NNW of Twentynine Palms, California",earthquake,,0.776,,21,reviewed,ci,ci
1999-10-18T02:57:57.350Z,34.583,-116.263,-0.509,2.5,mh,0,92,0.2539,0.114,ci,ci3321405,2016-04-02T01:35:16.473Z,"18km SSW of Ludlow, CA",earthquake,,1.989,,0,reviewed,ci,ci
1999-10-18T02:56:42.490Z,34.668,-116.276,-1.073,3.73,ml,0,69.9,,0.217,ci,ci9111249,2016-04-02T10:33:32.686Z,"12km WSW of Ludlow, CA",earthquake,,0.488,,186,reviewed,ci,ci
1999-10-18T02:52:30.470Z,34.485,-116.264,-0.021,2.67,ml,0,83.5,0.2046,0.142,ci,ci9111250,2016-02-16T06:39:01.356Z,"28km SSW of Ludlow, California",earthquake,,0.927,,6,reviewed,ci,ci
1999-10-18T02:44:00.790Z,34.751,-116.305,8.666,2.61,ml,0,103.2,,0.175,ci,ci9111238,2016-02-17T09:11:05.873Z,"14km WNW of Ludlow, California",earthquake,,1.436,,113,reviewed,ci,ci
1999-10-18T02:16:35.990Z,34.701,-116.299,0.944,2.67,ml,0,107.6,0.1315,0.147,ci,ci9111223,2016-02-16T21:05:41.556Z,"13km W of Ludlow, California",earthquake,,0.537,,107,reviewed,ci,ci
1999-10-18T02:01:34.890Z,34.832,-116.408,1.595,2.5,mh,0,220.8,0.0583,0.094,ci,ci3327045,2016-02-16T01:57:29.656Z,"26km WNW of Ludlow, California",earthquake,,1.01,,0,reviewed,ci,ci
1999-10-18T02:01:13.560Z,34.609,-116.26,-1.211,2.57,ml,0,103.6,,0.195,ci,ci9111215,2016-02-16T08:57:45.764Z,"16km SW of Ludlow, California",earthquake,,1.339,,64,reviewed,ci,ci
1999-10-18T01:57:35.790Z,34.432,-116.249,-1.162,2.77,ml,0,78.8,,0.156,ci,ci9111212,2016-02-17T09:11:01.860Z,"33km SSW of Ludlow, California",earthquake,,0.475,,113,reviewed,ci,ci
1999-10-18T01:32:32.430Z,34.843,-116.342,4.488,2.67,ml,0,133,,0.153,ci,ci9111201,2016-02-16T08:57:44.504Z,"21km NW of Ludlow, California",earthquake,,0.677,,120,reviewed,ci,ci
1999-10-18T01:18:24.100Z,34.809,-116.433,1.762,2.84,ml,0,106.7,,0.144,ci,ci9111159,2016-02-16T01:57:28.415Z,"27km WNW of Ludlow, California",earthquake,,1.016,,125,reviewed,ci,ci
1999-10-18T00:47:48.410Z,34.617,-116.302,1.479,3.21,ml,0,79.5,,0.198,ci,ci3344738,2016-04-02T16:49:07.074Z,"17km SW of Ludlow, CA",earthquake,,0.787,,20,reviewed,ci,ci
1999-10-18T00:47:09.730Z,34.778,-116.322,1.659,2.96,ml,0,100.6,,0.134,ci,ci3344737,2016-02-16T08:57:42.030Z,"16km WNW of Ludlow, California",earthquake,,0.931,,7,reviewed,ci,ci
1999-10-18T00:46:11.860Z,34.336,-116.997,8.628,3.08,ml,0,37.3,,0.176,ci,ci9111163,2016-04-02T13:38:36.792Z,"12km SSW of Lucerne Valley, CA",earthquake,,0.722,,148,reviewed,ci,ci
1999-10-18T00:33:16.430Z,34.779,-116.352,0.128,2.77,ml,0,73.7,,0.144,ci,ci9111149,2016-02-16T13:42:45.644Z,"19km WNW of Ludlow, California",earthquake,,0.677,,137,reviewed,ci,ci
1999-10-18T00:31:53.050Z,34.684,-116.36,3.388,2.55,ml,0,71.4,,0.139,ci,ci9111148,2016-02-16T01:57:27.021Z,"19km WSW of Ludlow, California",earthquake,,1.831,,65,reviewed,ci,ci
1999-10-18T00:15:13.410Z,34.666,-116.289,0.439,2.73,ml,0,89.5,,0.242,ci,ci9111130,2016-02-16T11:19:16.707Z,"13km WSW of Ludlow, California",earthquake,,2.276,,108,reviewed,ci,ci
1999-10-18T00:02:58.760Z,34.583,-116.319,-1.226,2.58,ml,0,85.6,0.2462,0.101,ci,ci9111135,2016-02-15T23:34:40.095Z,"21km SW of Ludlow, California",earthquake,,1.577,,79,reviewed,ci,ci
1999-10-18T00:01:56.170Z,34.541,-116.269,-0.843,2.93,ml,0,74.8,,0.141,ci,ci9111129,2016-02-16T23:35:31.510Z,"22km SSW of Ludlow, California",earthquake,,0.512,,127,reviewed,ci,ci
1999-10-17T23:56:34.110Z,34.523,-116.259,-1.131,2.79,ml,0,82.8,0.2415,0.154,ci,ci3321400,2016-02-16T16:10:05.822Z,"24km SSW of Ludlow, California",earthquake,,1.848,,24,reviewed,ci,ci
1999-10-17T23:54:46.290Z,34.3636667,-116.1443333,-0.594,3.55,ml,48,74,,0.24,ci,ci9111114,2016-04-02T14:13:39.152Z,"26km NNW of Twentynine Palms, CA",earthquake,0.32,0.82,0.14,68,reviewed,ci,ci
1999-10-17T23:41:41.230Z,34.404,-116.194,2.548,2.85,ml,0,92.2,,0.192,ci,ci9111104,2016-02-16T16:10:02.771Z,"32km NNW of Twentynine Palms, California",earthquake,,0.617,,109,reviewed,ci,ci
1999-10-17T23:29:16.100Z,34.49,-116.269,-1.172,3.22,ml,0,112.6,,0.149,ci,ci9111096,2016-04-02T16:51:44.019Z,"28km SSW of Ludlow, CA",earthquake,,0.817,,154,reviewed,ci,ci
1999-10-17T23:27:42.620Z,34.885,-116.356,3.818,2.76,ml,0,138.6,,0.266,ci,ci9111095,2016-02-16T13:42:40.324Z,"26km NW of Ludlow, California",earthquake,,0.459,,75,reviewed,ci,ci
1999-10-17T23:24:59.100Z,34.569,-116.288,-0.981,2.56,ml,0,89.7,,0.114,ci,ci9111080,2016-02-16T06:38:54.987Z,"21km SW of Ludlow, California",earthquake,,0.759,,4,reviewed,ci,ci
1999-10-17T23:15:51.120Z,34.529,-116.247,-1.121,2.99,ml,0,83.8,,0.125,ci,ci9111066,2016-02-16T13:42:39.051Z,"23km SSW of Ludlow, California",earthquake,,0.629,,127,reviewed,ci,ci
1999-10-17T23:14:43.590Z,34.53,-116.258,-1.151,2.89,ml,0,95.1,0.2484,0.201,ci,ci9111083,2016-02-16T04:19:22.574Z,"23km SSW of Ludlow, California",earthquake,,1.297,,73,reviewed,ci,ci
1999-10-17T23:08:52.300Z,34.636,-116.325,-1.151,2.9,ml,0,76.9,,0.173,ci,ci9111053,2016-02-15T23:34:38.749Z,"18km WSW of Ludlow, California",earthquake,,0.663,,127,reviewed,ci,ci
1999-10-17T22:56:20.400Z,34.5453333,-116.3066667,4.779,3.62,ml,25,78,,0.23,ci,ci3321280,2016-04-02T08:00:49.117Z,"24km SW of Ludlow, CA",earthquake,0.41,31.61,,172,reviewed,ci,ci
1999-10-17T22:55:12.130Z,34.829,-116.346,3.399,2.66,ml,0,87.5,0.007342,0.161,ci,ci3324196,2016-02-16T06:38:53.647Z,"21km NW of Ludlow, California",earthquake,,0.344,,18,reviewed,ci,ci
1999-10-17T22:54:55.990Z,34.574,-116.274,-1.073,2.7,ml,0,78.3,0.2597,0.114,ci,ci9111057,2016-02-16T23:35:27.423Z,"19km SSW of Ludlow, California",earthquake,,1.038,,32,reviewed,ci,ci
1999-10-17T22:50:56.220Z,34.86,-116.344,4.578,2.7,ml,0,135.5,,0.212,ci,ci9111047,2016-02-17T06:48:28.686Z,"23km NW of Ludlow, California",earthquake,,0.516,,102,reviewed,ci,ci
1999-10-17T22:37:30.850Z,34.826,-116.331,-0.785,2.71,ml,0,131,,0.114,ci,ci9111040,2016-02-17T06:48:27.288Z,"20km NW of Ludlow, California",earthquake,,2.666,,111,reviewed,ci,ci
1999-10-17T22:23:14.190Z,34.887,-116.371,2.527,2.81,ml,0,137.8,,0.166,ci,ci9111035,2016-02-17T04:24:56.680Z,"27km NW of Ludlow, California",earthquake,,0.374,,114,reviewed,ci,ci
1999-10-17T22:21:02.810Z,34.889,-116.367,2.638,2.79,ml,0,138.5,,0.137,ci,ci9111025,2016-02-17T09:10:54.519Z,"27km NW of Ludlow, California",earthquake,,0.568,,119,reviewed,ci,ci
1999-10-17T22:12:02.920Z,34.743,-116.321,6.152,2.6,ml,0,76.1,0.08696,0.173,ci,ci9111026,2016-02-16T04:19:20.668Z,"15km W of Ludlow, California",earthquake,,3.739,,103,reviewed,ci,ci
1999-10-17T22:05:31.050Z,34.516,-116.258,-1.211,2.56,ml,0,83.2,,0.336,ci,ci9111018,2016-02-17T02:01:59.143Z,"24km SSW of Ludlow, California",earthquake,,1.102,,86,reviewed,ci,ci
1999-10-17T22:04:46.920Z,34.365,-116.117,-0.087,2.6,ml,0,202.1,0.2099,0.058,ci,ci3325705,2016-02-16T08:57:38.417Z,"26km N of Twentynine Palms, California",earthquake,,3.522,,68,reviewed,ci,ci
1999-10-17T22:03:36.330Z,34.555,-116.27,0.087,2.57,ml,0,76.5,0.2693,0.086,ci,ci9111008,2016-02-16T06:38:52.367Z,"21km SSW of Ludlow, California",earthquake,,0.834,,76,reviewed,ci,ci
1999-10-17T21:52:37.480Z,34.674,-116.343,2.058,3,ml,0,75.8,,0.191,ci,ci9110996,2016-04-02T10:35:49.342Z,"18km WSW of Ludlow, CA",earthquake,,0.93,,149,reviewed,ci,ci
1999-10-17T21:50:16.270Z,34.853,-116.343,4.463,2.59,ml,0,134.5,0.02337,0.189,ci,ci9110991,2016-02-17T06:48:23.300Z,"22km NW of Ludlow, California",earthquake,,1.183,,107,reviewed,ci,ci
1999-10-17T21:45:55.910Z,34.379,-116.19,-1.162,2.61,ml,0,91.2,,0.221,ci,ci9110981,2016-02-16T06:38:49.812Z,"29km NNW of Twentynine Palms, California",earthquake,,0.831,,109,reviewed,ci,ci
1999-10-17T21:33:20.860Z,34.622,-116.305,1.589,2.52,ml,0,154.2,,0.172,ci,ci9110977,2016-02-16T13:42:36.383Z,"17km SW of Ludlow, California",earthquake,,1.886,,77,reviewed,ci,ci
1999-10-17T21:16:33.150Z,34.657,-116.285,1.629,2.52,ml,0,88.9,0.1779,0.145,ci,ci9110970,2016-02-16T21:05:36.437Z,"14km WSW of Ludlow, California",earthquake,,2.606,,83,reviewed,ci,ci
1999-10-17T21:08:20.110Z,34.782,-116.355,-0.857,2.71,ml,0,80.6,,0.113,ci,ci9110966,2016-02-16T23:35:23.901Z,"19km WNW of Ludlow, California",earthquake,,1.229,,106,reviewed,ci,ci
1999-10-17T21:01:05.370Z,34.83,-116.405,-0.887,2.6,mc,0,124.8,0.0558,0.219,ci,ci9110950,2016-02-16T18:37:14.964Z,"25km WNW of Ludlow, California",earthquake,,0.924,,16,reviewed,ci,ci
1999-10-17T20:45:09.860Z,34.836,-116.328,3.81,2.72,ml,0,132.7,,0.202,ci,ci3320831,2016-02-16T13:42:34.269Z,"20km NW of Ludlow, California",earthquake,,0.202,,100,reviewed,ci,ci
1999-10-17T20:43:15.300Z,34.434,-116.242,-1.172,3.41,ml,0,85,,0.216,ci,ci9110952,2016-04-02T19:53:29.159Z,"33km SSW of Ludlow, CA",earthquake,,0.401,,158,reviewed,ci,ci
1999-10-17T20:37:49.480Z,34.819,-116.328,2.63,2.73,ml,0,125.3,,0.175,ci,ci9110940,2016-02-16T16:09:59.849Z,"19km NW of Ludlow, California",earthquake,,0.311,,117,reviewed,ci,ci
1999-10-17T20:23:12.590Z,34.328,-116.668,-1.356,2.71,ml,0,68.5,,0.189,ci,ci9110936,2016-02-16T06:38:47.182Z,"18km ENE of Big Bear City, California",earthquake,,0.411,,98,reviewed,ci,ci
1999-10-17T20:22:34.700Z,34.328,-116.669,-1.346,2.75,ml,0,68.7,,0.173,ci,ci9110922,2016-02-16T01:57:21.553Z,"18km ENE of Big Bear City, California",earthquake,,0.488,,76,reviewed,ci,ci
1999-10-17T20:18:46.740Z,34.486,-116.253,0.049,2.58,ml,0,97,0.2091,0.19,ci,ci9110904,2016-02-17T06:48:21.953Z,"28km SSW of Ludlow, California",earthquake,,3.113,,94,reviewed,ci,ci
1999-10-17T20:17:50.340Z,34.794,-116.3253333,0.789,2.67,ml,11,103,,0.14,ci,ci9110875,2016-04-02T07:48:05.739Z,"17km WNW of Ludlow, CA",earthquake,0.45,0.72,0.228,35,reviewed,ci,ci
1999-10-17T20:16:46.120Z,34.3686667,-116.1338333,0.523,2.56,ml,23,97,,0.18,ci,ci9110894,2016-04-02T17:23:36.249Z,"26km NNW of Twentynine Palms, CA",earthquake,0.37,0.62,0.317,24,reviewed,ci,ci
1999-10-17T20:14:20.050Z,34.471,-116.229,-1.169,3.21,ml,0,200.1,,0.198,ci,ci3320816,2021-07-12T18:57:07.129Z,"28km SSW of Ludlow, CA",earthquake,,2.609,,18,reviewed,ci,ci
1999-10-17T20:14:05.470Z,34.5063333,-116.2768333,0.069,3.21,ml,18,82,0.2211,0.21,ci,ci9110889,2021-07-12T18:56:29.748Z,"26km SSW of Ludlow, CA",earthquake,0.48,1.29,0.166,50,reviewed,ci,ci
1999-10-17T20:12:41.170Z,34.704,-116.305,-1.211,2.76,ml,0,161.8,0.1285,0.22,ci,ci3325698,2016-02-16T01:57:18.387Z,"13km W of Ludlow, California",earthquake,,3.755,,44,reviewed,ci,ci
1999-10-17T20:12:07.790Z,34.6028333,-116.284,-0.513,2.58,ml,20,78,,0.14,ci,ci9110871,2016-04-01T18:52:57.943Z,"17km SW of Ludlow, CA",earthquake,0.3,0.72,0.277,38,reviewed,ci,ci
1999-10-17T20:10:22.090Z,34.3426667,-116.1203333,-0.947,3.04,ml,36,76,,0.18,ci,ci9110876,2016-04-02T11:08:15.151Z,"23km N of Twentynine Palms, CA",earthquake,0.31,0.88,0.186,57,reviewed,ci,ci
1999-10-17T19:48:39.590Z,34.5715,-116.2618333,-1.073,2.82,ml,19,111,,0.1,ci,ci9110856,2016-04-02T14:14:15.060Z,"19km SSW of Ludlow, CA",earthquake,0.51,0.91,0.182,48,reviewed,ci,ci
1999-10-17T19:34:01.160Z,34.488,-116.251,-0.182,2.51,ml,0,122.2,,0.218,ci,ci9110842,2016-02-16T11:19:13.177Z,"27km SSW of Ludlow, California",earthquake,,1.472,,79,reviewed,ci,ci
1999-10-17T19:24:24.770Z,34.48,-116.257,0.141,2.51,ml,0,96.6,0.2023,0.09,ci,ci9110845,2016-02-16T04:19:13.859Z,"28km SSW of Ludlow, California",earthquake,,1.522,,91,reviewed,ci,ci
1999-10-17T19:19:13.000Z,34.574,-116.258,-1.211,2.68,ml,0,106.6,,0.092,ci,ci9110819,2016-02-17T02:01:51.541Z,"19km SSW of Ludlow, California",earthquake,,1.341,,95,reviewed,ci,ci
1999-10-17T19:14:45.600Z,34.6638333,-116.358,1.904,2.77,ml,22,78,,0.16,ci,ci9110817,2016-04-02T04:35:35.114Z,"19km WSW of Ludlow, CA",earthquake,0.43,0.95,0.187,44,reviewed,ci,ci
1999-10-17T19:06:44.270Z,34.5346667,-116.3565,-1.196,3.1,ml,30,63,,0.22,ci,ci3321412,2016-04-02T17:36:00.807Z,"27km SW of Ludlow, CA",earthquake,0.35,0.75,0.167,55,reviewed,ci,ci
1999-10-17T19:05:22.210Z,34.6003333,-116.2356667,4.527,3.28,ml,22,72,,0.18,ci,ci9110824,2016-04-02T04:35:36.661Z,"15km SSW of Ludlow, CA",earthquake,0.35,19.57,0.202,58,reviewed,ci,ci
1999-10-17T19:02:03.790Z,34.6555,-116.2871667,2.154,2.63,ml,18,75,,0.14,ci,ci9110808,2016-04-02T17:23:34.297Z,"14km WSW of Ludlow, CA",earthquake,0.34,0.91,0.269,47,reviewed,ci,ci
1999-10-17T19:00:49.410Z,34.682,-116.3535,0.774,2.66,ml,11,76,0.1478,0.13,ci,ci9110815,2016-04-01T18:52:54.571Z,"18km WSW of Ludlow, CA",earthquake,0.61,1.62,0.307,29,reviewed,ci,ci
1999-10-17T18:59:49.910Z,34.648,-116.299,1.349,2.6,ml,0,84.3,0.1843,0.169,ci,ci9110807,2016-02-16T21:05:35.089Z,"15km WSW of Ludlow, California",earthquake,,2.814,,37,reviewed,ci,ci
1999-10-17T18:45:52.940Z,34.532,-116.27,-1.221,2.55,ml,0,167.2,0.2473,0.226,ci,ci9110787,2016-02-16T04:19:12.522Z,"23km SSW of Ludlow, California",earthquake,,1.721,,7,reviewed,ci,ci
1999-10-17T18:45:36.110Z,34.5066667,-116.266,1.037,2.5,mh,12,94,0.2243,0.16,ci,ci3327038,2016-02-16T18:37:11.198Z,"26km SSW of Ludlow, California",earthquake,0.46,1.31,,0,reviewed,ci,ci
1999-10-17T18:08:04.360Z,34.8455,-116.298,3.838,2.8,mh,5,210,0.03441,0.05,ci,ci9521054,2016-02-16T13:42:29.035Z,"19km NW of Ludlow, California",earthquake,4.04,0.39,0.233,0,reviewed,ci,ci
1999-10-17T18:07:13.260Z,34.6701667,-116.3025,-0.086,2.86,ml,24,67,,0.14,ci,ci3321055,2016-04-02T08:00:06.877Z,"14km WSW of Ludlow, CA",earthquake,0.34,0.64,0.211,44,reviewed,ci,ci
1999-10-17T18:02:56.240Z,34.6661667,-116.2948333,1.274,3.7,ml,24,60,,0.16,ci,ci3321054,2016-04-02T11:20:09.161Z,"14km WSW of Ludlow, CA",earthquake,0.29,0.7,0.198,65,reviewed,ci,ci
1999-10-17T17:58:55.230Z,34.357,-116.132,-1.027,2.76,ml,0,97,0.1956,0.267,ci,ci9110757,2016-02-17T09:10:45.922Z,"25km NNW of Twentynine Palms, California",earthquake,,0.492,,98,reviewed,ci,ci
1999-10-17T17:58:15.400Z,34.8,-116.288,8.284,2.7,ml,0,142.1,0.04854,0.093,ci,ci3324145,2016-02-17T11:34:11.448Z,"15km NW of Ludlow, California",earthquake,,1.631,,35,reviewed,ci,ci
1999-10-17T17:57:48.290Z,34.556,-116.248,-0.133,2.77,ml,0,95.1,0.2756,0.092,ci,ci3324146,2016-02-16T23:35:22.478Z,"20km SSW of Ludlow, California",earthquake,,0.896,,41,reviewed,ci,ci
1999-10-17T17:35:54.280Z,34.426,-116.186,-1.162,2.73,ml,0,90,,0.127,ci,ci9110734,2016-02-16T01:57:14.559Z,"33km S of Ludlow, California",earthquake,,0.862,,121,reviewed,ci,ci
1999-10-17T17:22:31.610Z,34.779,-116.29,2.706,2.5,ml,0,124.4,,0.155,ci,ci9110725,2016-02-16T23:35:19.168Z,"14km WNW of Ludlow, California",earthquake,,0.587,,82,reviewed,ci,ci
1999-10-17T17:19:11.580Z,34.521,-116.307,-1.221,3.44,ml,0,76.7,,0.162,ci,ci9110733,2016-04-02T10:33:14.079Z,"26km SSW of Ludlow, CA",earthquake,,0.885,,162,reviewed,ci,ci
1999-10-17T16:58:51.310Z,34.7495,-116.34,0.112,2.78,ml,11,75,0.07982,0.11,ci,ci9521050,2016-02-16T11:19:08.537Z,"17km W of Ludlow, California",earthquake,0.59,1.06,0.204,66,reviewed,ci,ci
1999-10-17T16:58:22.590Z,34.7158333,-116.3136667,2.984,2.75,ml,14,75,0.1147,0.12,ci,ci9110720,2016-04-02T14:14:06.231Z,"14km W of Ludlow, CA",earthquake,0.61,0.71,0.212,37,reviewed,ci,ci
1999-10-17T16:55:18.640Z,34.496,-116.2573333,-0.703,2.68,ml,21,59,0.2168,0.17,ci,ci9110712,2016-04-02T04:35:23.678Z,"27km SSW of Ludlow, CA",earthquake,0.4,0.96,0.163,43,reviewed,ci,ci
1999-10-17T16:42:28.840Z,34.372,-116.153,0.398,2.57,ml,0,101.1,0.1849,0.09,ci,ci9110701,2016-02-17T02:01:47.024Z,"27km NNW of Twentynine Palms, California",earthquake,,1.386,,91,reviewed,ci,ci
1999-10-17T16:39:11.160Z,34.5715,-116.264,-1.063,3.01,ml,25,74,,0.13,ci,ci9110683,2016-04-01T22:06:56.477Z,"19km SSW of Ludlow, CA",earthquake,0.24,0.66,0.243,52,reviewed,ci,ci
1999-10-17T16:35:23.320Z,34.3633333,-116.139,-0.397,2.76,ml,20,81,,0.17,ci,ci3321072,2016-04-02T04:48:04.731Z,"26km NNW of Twentynine Palms, CA",earthquake,0.39,0.93,0.214,35,reviewed,ci,ci
1999-10-17T16:32:53.260Z,34.362,-116.138,-1.139,4.18,ml,0,248.2,0.2129,0.219,ci,ci3320801,2016-04-02T04:01:36.826Z,"26km NNW of Twentynine Palms, CA",earthquake,,11.403,,28,reviewed,ci,ci
1999-10-17T16:32:40.670Z,34.3625,-116.1448333,-0.634,4.09,ml,47,43,,0.19,ci,ci9110704,2016-04-01T22:06:58.274Z,"26km NNW of Twentynine Palms, CA",earthquake,0.26,0.8,0.192,64,reviewed,ci,ci
1999-10-17T16:24:07.030Z,34.4088333,-116.1981667,0.857,3.04,ml,9,107,0.1733,0.07,ci,ci3324137,2016-04-02T17:36:20.396Z,"32km NNW of Twentynine Palms, CA",earthquake,0.61,1.29,0.239,11,reviewed,ci,ci
1999-10-17T16:22:48.200Z,34.3533333,-116.1425,-0.744,4.23,ml,44,68,,0.19,ci,ci9110685,2016-04-02T11:08:00.122Z,"25km NNW of Twentynine Palms, CA",earthquake,0.26,0.83,0.199,70,reviewed,ci,ci
1999-10-17T16:19:38.990Z,34.678,-116.303,-0.001,2.5,ml,0,87.8,,0.188,ci,ci9110677,2016-02-17T06:48:17.546Z,"14km WSW of Ludlow, California",earthquake,,0.961,,102,reviewed,ci,ci
1999-10-17T16:12:37.640Z,34.654,-116.2263333,2.597,2.5,mh,6,180,0.198,0.05,ci,ci3327176,2016-02-17T06:48:15.780Z,"10km SW of Ludlow, California",earthquake,0.8,1.31,,0,reviewed,ci,ci
1999-10-17T16:12:01.300Z,34.5196648,-116.2508316,5.997,2.57,ml,0,97,0.2408,0.17,ci,ci9583580,2016-02-16T13:42:25.043Z,"24km SSW of Ludlow, California",earthquake,0.97,16.5,0.1,100,automatic,ci,ci
1999-10-17T16:02:21.770Z,34.501,-116.257,-1.255,2.81,ml,0,114,,0.134,ci,ci9110666,2016-02-16T18:37:07.144Z,"26km SSW of Ludlow, California",earthquake,,2.246,,120,reviewed,ci,ci
1999-10-17T16:00:57.310Z,34.348,-116.141,0.596,2.53,ml,0,97.3,,0.123,ci,ci9110664,2016-02-15T23:34:21.337Z,"24km NNW of Twentynine Palms, California",earthquake,,0.595,,49,reviewed,ci,ci
1999-10-17T15:50:36.260Z,34.345,-116.137,-0.457,3.6,ml,0,90.1,,0.139,ci,ci9110665,2016-04-02T07:13:11.852Z,"24km NNW of Twentynine Palms, CA",earthquake,,0.602,,165,reviewed,ci,ci
1999-10-17T15:31:53.740Z,34.8305,-116.3321667,3.034,2.55,ml,14,61,0.002576,0.18,ci,ci9110655,2016-04-02T07:47:50.848Z,"20km NW of Ludlow, CA",earthquake,0.57,0.29,0.24,39,reviewed,ci,ci
1999-10-17T15:29:01.950Z,34.7215,-116.3081667,3.164,2.81,ml,16,82,,0.14,ci,ci9110649,2016-04-02T04:35:22.219Z,"14km W of Ludlow, CA",earthquake,0.47,0.9,0.085,2,reviewed,ci,ci
1999-10-17T15:25:11.540Z,34.6808333,-116.2996667,0.844,2.86,ml,21,67,,0.12,ci,ci9110657,2016-04-02T14:14:02.447Z,"14km WSW of Ludlow, CA",earthquake,0.35,0.67,0.228,48,reviewed,ci,ci
1999-10-17T15:23:54.100Z,34.4581667,-116.2436667,-0.229,3.03,ml,29,63,,0.17,ci,ci9110653,2016-04-01T22:06:51.841Z,"30km SSW of Ludlow, CA",earthquake,0.34,0.93,0.161,51,reviewed,ci,ci
1999-10-17T15:09:58.080Z,34.7928333,-116.3633333,0.669,3.52,ml,26,46,,0.14,ci,ci9110644,2016-04-02T11:07:58.459Z,"20km WNW of Ludlow, CA",earthquake,0.32,0.7,0.223,58,reviewed,ci,ci
1999-10-17T15:06:11.560Z,34.7008333,-116.3598333,1.851,2.66,ml,18,64,,0.16,ci,ci9110630,2016-04-02T01:20:57.551Z,"18km W of Ludlow, CA",earthquake,0.33,0.85,0.218,42,reviewed,ci,ci
1999-10-17T15:02:17.980Z,34.7,-116.284,-0.241,2.63,ml,0,98,0.1369,0.165,ci,ci9110628,2016-02-16T06:38:40.253Z,"12km WSW of Ludlow, California",earthquake,,2.972,,86,reviewed,ci,ci
1999-10-17T15:01:47.830Z,34.8138333,-116.3916667,1.089,2.76,ml,14,83,0.04767,0.14,ci,ci9110636,2016-04-02T07:47:49.452Z,"24km WNW of Ludlow, CA",earthquake,0.43,0.78,0.32,24,reviewed,ci,ci
1999-10-17T14:59:10.570Z,34.5425,-116.2898333,4.927,3.37,ml,28,62,,0.27,ci,ci9110631,2016-04-02T07:47:47.673Z,"23km SSW of Ludlow, CA",earthquake,0.46,19.37,0.13,49,reviewed,ci,ci
1999-10-17T14:49:25.740Z,34.686,-116.31,4.618,2.63,ml,0,87.1,,0.181,ci,ci9110624,2016-02-16T23:35:16.155Z,"14km WSW of Ludlow, California",earthquake,,,,114,reviewed,ci,ci
1999-10-17T14:46:56.210Z,34.597,-116.294,-0.411,2.7,ml,0,78.4,,0.136,ci,ci9110623,2016-02-17T11:34:08.444Z,"18km SW of Ludlow, California",earthquake,,0.547,,122,reviewed,ci,ci
1999-10-17T14:39:23.830Z,34.417,-116.193,-0.122,2.51,ml,0,107.8,0.1819,0.185,ci,ci9110616,2016-02-17T09:10:39.143Z,"33km NNW of Twentynine Palms, California",earthquake,,0.853,,75,reviewed,ci,ci
1999-10-17T14:21:17.470Z,34.0805,-116.8568333,2.156,3.11,ml,61,25,,0.2,ci,ci3321015,2016-04-02T14:26:07.474Z,"17km N of Banning, CA",earthquake,0.25,0.69,0.201,61,reviewed,ci,ci
1999-10-17T14:15:51.180Z,34.648,-116.285,0.454,3.82,ml,0,58.3,,0.216,ci,ci3321014,2016-04-02T13:40:46.072Z,"14km SW of Ludlow, CA",earthquake,,0.75,,145,reviewed,ci,ci
1999-10-17T14:14:36.060Z,34.666,-116.298,-1.221,2.72,ml,0,87.3,,0.177,ci,ci9110603,2016-02-16T18:37:02.577Z,"14km WSW of Ludlow, California",earthquake,,1.174,,16,reviewed,ci,ci
1999-10-17T14:13:56.360Z,34.63,-116.325,-1.221,2.67,ml,0,76.2,,0.224,ci,ci9110594,2016-02-15T23:34:20.028Z,"18km SW of Ludlow, California",earthquake,,0.806,,44,reviewed,ci,ci
1999-10-17T14:12:23.750Z,34.411,-116.195,1.868,2.67,ml,0,89.7,,0.121,ci,ci9110586,2016-02-16T18:37:01.320Z,"32km NNW of Twentynine Palms, California",earthquake,,0.896,,117,reviewed,ci,ci
1999-10-17T13:53:54.630Z,34.664,-116.327,-1.124,2.78,ml,0,81,,0.115,ci,ci9110573,2016-02-16T06:38:37.315Z,"16km WSW of Ludlow, California",earthquake,,2.53,,21,reviewed,ci,ci
1999-10-17T13:53:37.180Z,34.432,-116.221,0.344,2.5,mh,0,152.9,0.1768,0.096,ci,ci3327033,2016-02-16T08:57:22.234Z,"33km S of Ludlow, California",earthquake,,0.971,,0,reviewed,ci,ci
1999-10-17T13:39:41.900Z,34.649,-116.29,0.879,2.65,ml,0,86.6,,0.171,ci,ci9110552,2016-02-16T21:05:28.519Z,"14km SW of Ludlow, California",earthquake,,1.509,,102,reviewed,ci,ci
1999-10-17T13:00:37.520Z,34.6,-116.293,-1.206,2.67,ml,0,87.7,0.2315,0.092,ci,ci9110544,2016-02-16T21:05:27.207Z,"18km SW of Ludlow, California",earthquake,,0.7,,21,reviewed,ci,ci
1999-10-17T12:59:47.830Z,34.711,-116.2655,3.204,2.98,ml,14,65,0.1312,0.33,ci,ci9110546,2016-04-02T11:08:04.081Z,"10km W of Ludlow, CA",earthquake,0.76,1.64,0.158,46,reviewed,ci,ci
1999-10-17T12:57:17.750Z,34.693,-116.304,0.019,2.5,ml,0,90.1,0.1394,0.174,ci,ci9110534,2016-02-17T06:48:13.228Z,"14km WSW of Ludlow, California",earthquake,,1.932,,95,reviewed,ci,ci
1999-10-17T12:56:04.380Z,34.802,-116.337,0.48,2.68,ml,0,90.3,,0.122,ci,ci9110464,2016-02-16T08:57:19.849Z,"18km WNW of Ludlow, California",earthquake,,0.651,,113,reviewed,ci,ci
1999-10-17T12:50:59.840Z,34.677,-116.292,1.989,2.57,ml,0,90.8,,0.175,ci,ci9110463,2016-02-16T18:36:57.605Z,"13km WSW of Ludlow, California",earthquake,,1.204,,3,reviewed,ci,ci
1999-10-17T12:45:36.280Z,34.575,-116.266,-1.221,2.66,ml,0,80,,0.132,ci,ci9110460,2016-02-16T23:35:12.183Z,"19km SSW of Ludlow, California",earthquake,,1.418,,113,reviewed,ci,ci
1999-10-17T12:44:17.400Z,34.656,-116.289,0.349,2.93,ml,0,88,,0.147,ci,ci9110510,2016-02-17T06:48:11.865Z,"14km WSW of Ludlow, California",earthquake,,2.298,,136,reviewed,ci,ci
1999-10-17T12:40:00.010Z,34.623,-116.299,2.969,2.62,ml,0,80.8,,0.129,ci,ci9110456,2016-02-16T16:09:43.628Z,"17km SW of Ludlow, California",earthquake,,8.324,,67,reviewed,ci,ci
1999-10-17T12:38:50.810Z,34.572,-116.281,0.489,2.54,ml,0,79,0.2616,0.109,ci,ci9110451,2016-02-17T09:10:33.129Z,"20km SW of Ludlow, California",earthquake,,0.741,,94,reviewed,ci,ci
1999-10-17T12:29:38.000Z,34.499,-116.241,0.429,2.87,ml,0,82.4,0.225,0.123,ci,ci9110450,2016-02-17T02:01:40.551Z,"26km SSW of Ludlow, California",earthquake,,0.897,,127,reviewed,ci,ci
1999-10-17T12:26:26.820Z,34.811,-116.332,-0.602,2.64,mc,0,128.7,0.2929,0.1,ci,ci9110449,2016-02-16T23:35:09.051Z,"19km WNW of Ludlow, California",earthquake,,2.197,,47,reviewed,ci,ci
1999-10-17T12:24:43.070Z,34.694,-116.315,1.718,2.8,ml,0,86.7,,0.165,ci,ci9110441,2016-02-16T16:09:42.218Z,"14km WSW of Ludlow, California",earthquake,,0.974,,125,reviewed,ci,ci
1999-10-17T12:17:38.690Z,34.815,-116.269,4.695,2.85,ml,0,132.9,,0.263,ci,ci9110432,2016-02-16T11:18:57.996Z,"14km NW of Ludlow, California",earthquake,,,,97,reviewed,ci,ci
1999-10-17T12:13:58.140Z,34.478,-116.254,-1.063,3.48,ml,0,69.1,,0.264,ci,ci9110439,2016-04-02T19:53:27.803Z,"28km SSW of Ludlow, CA",earthquake,,0.407,,158,reviewed,ci,ci
1999-10-17T12:11:20.660Z,34.624,-116.312,-1.171,2.59,ml,0,84.6,,0.149,ci,ci9110426,2016-02-17T02:01:39.215Z,"18km SW of Ludlow, California",earthquake,,1.303,,98,reviewed,ci,ci
1999-10-17T12:10:08.070Z,34.574,-116.265,-1.211,2.74,ml,0,80.3,,0.109,ci,ci9110431,2016-02-16T01:57:08.178Z,"19km SSW of Ludlow, California",earthquake,,1.176,,126,reviewed,ci,ci
1999-10-17T12:00:23.480Z,34.65,-116.318,0.079,2.51,ml,0,152.4,,0.19,ci,ci9110425,2016-02-15T23:34:11.652Z,"16km WSW of Ludlow, California",earthquake,,4.766,,90,reviewed,ci,ci
1999-10-17T11:59:02.880Z,34.53,-116.273,-0.871,2.52,ml,0,81.2,0.2446,0.14,ci,ci9110423,2016-02-16T21:05:22.552Z,"24km SSW of Ludlow, California",earthquake,,0.802,,61,reviewed,ci,ci
1999-10-17T11:51:16.820Z,34.787,-116.401,0.753,2.6,ml,0,125,,0.092,ci,ci9110414,2016-02-16T23:35:07.688Z,"23km WNW of Ludlow, California",earthquake,,0.798,,119,reviewed,ci,ci
1999-10-17T11:43:23.880Z,34.689,-116.384,-0.292,3.23,ml,0,66.1,,0.196,ci,ci9110416,2016-04-02T00:48:14.464Z,"21km W of Ludlow, CA",earthquake,,0.82,,161,reviewed,ci,ci
1999-10-17T11:34:51.860Z,34.51,-116.275,-0.813,2.51,ml,0,86.2,,0.205,ci,ci9110410,2016-02-16T01:57:05.277Z,"26km SSW of Ludlow, California",earthquake,,0.865,,95,reviewed,ci,ci
1999-10-17T11:29:42.880Z,34.364,-116.142,1.966,2.96,ml,0,95.8,,0.354,ci,ci9110409,2016-02-16T13:42:23.724Z,"26km NNW of Twentynine Palms, California",earthquake,,0.529,,134,reviewed,ci,ci
1999-10-17T11:28:13.990Z,34.604,-116.257,-1.211,2.63,ml,0,91.5,,0.411,ci,ci9110408,2016-02-16T04:19:00.720Z,"16km SW of Ludlow, California",earthquake,,1.837,,31,reviewed,ci,ci
1999-10-17T11:21:42.200Z,34.818,-116.376,2.203,2.83,ml,0,105.2,,0.254,ci,ci9110406,2016-02-17T11:34:05.390Z,"22km WNW of Ludlow, California",earthquake,,0.714,,141,reviewed,ci,ci
1999-10-17T11:11:00.740Z,34.462,-116.284,-1.156,2.5,ml,0,229.7,0.1773,0.162,ci,ci9110405,2016-02-17T11:34:04.028Z,"31km SSW of Ludlow, California",earthquake,,2.878,,98,reviewed,ci,ci
1999-10-17T10:58:50.160Z,34.474,-116.254,-0.413,2.61,ml,0,153.7,,0.267,ci,ci9110401,2016-02-17T09:10:29.206Z,"29km SSW of Ludlow, California",earthquake,,1.108,,98,reviewed,ci,ci
1999-10-17T10:55:25.680Z,34.676,-116.349,2.228,2.54,ml,0,78.4,,0.127,ci,ci9110400,2016-02-16T11:18:51.733Z,"18km WSW of Ludlow, California",earthquake,,0.989,,100,reviewed,ci,ci
1999-10-17T10:43:50.930Z,34.627,-116.308,-0.671,3.2,ml,0,79.5,,0.187,ci,ci9110377,2016-04-02T16:51:22.287Z,"17km SW of Ludlow, CA",earthquake,,0.635,,142,reviewed,ci,ci
1999-10-17T10:41:45.690Z,34.664,-116.297,2.294,3.87,ml,0,86.6,,0.161,ci,ci9110390,2016-04-02T07:15:20.072Z,"14km WSW of Ludlow, CA",earthquake,,1.456,,177,reviewed,ci,ci
1999-10-17T10:39:57.490Z,34.673,-116.353,-0.162,2.75,ml,0,78.3,,0.154,ci,ci9110382,2016-02-16T08:57:16.040Z,"18km WSW of Ludlow, California",earthquake,,1.297,,78,reviewed,ci,ci
1999-10-17T10:39:04.480Z,34.571,-116.273,-1.211,2.93,ml,0,78.3,,0.173,ci,ci9110376,2016-02-16T21:05:16.741Z,"20km SSW of Ludlow, California",earthquake,,0.893,,105,reviewed,ci,ci
1999-10-17T10:37:45.260Z,34.315,-116.124,-0.384,3.03,ml,0,98.5,,0.172,ci,ci9110381,2016-04-02T19:53:26.330Z,"20km NNW of Twentynine Palms, CA",earthquake,,0.6,,16,reviewed,ci,ci
1999-10-17T10:37:39.420Z,34.31,-116.124,1.011,3.27,ml,0,120.8,0.1668,0.068,ci,ci3323954,2016-04-02T10:35:47.945Z,"20km NNW of Twentynine Palms, CA",earthquake,,3.413,,44,reviewed,ci,ci
1999-10-17T10:34:37.220Z,34.577,-116.274,-1.221,2.56,ml,0,91,0.2578,0.133,ci,ci9110368,2016-02-16T06:38:33.357Z,"19km SSW of Ludlow, California",earthquake,,0.943,,89,reviewed,ci,ci
1999-10-17T10:23:34.380Z,34.828,-116.313,-0.913,2.78,ml,0,132.5,,0.182,ci,ci9110365,2016-02-17T04:24:31.640Z,"18km NW of Ludlow, California",earthquake,,2.366,,127,reviewed,ci,ci
1999-10-17T10:19:19.860Z,34.447,-116.263,0.308,2.77,ml,0,84.3,,0.235,ci,ci9110356,2016-02-15T23:34:10.303Z,"32km SSW of Ludlow, California",earthquake,,0.945,,128,reviewed,ci,ci
1999-10-17T10:15:23.630Z,34.708,-116.367,1.887,3.63,ml,0,57.6,,0.176,ci,ci9110366,2016-04-02T19:53:24.415Z,"19km W of Ludlow, CA",earthquake,,0.299,,179,reviewed,ci,ci
1999-10-17T10:06:42.550Z,34.422,-116.207,-1.162,3.04,ml,0,68.3,,0.198,ci,ci9110357,2016-04-02T00:50:29.309Z,"33km NNE of Joshua Tree, CA",earthquake,,0.609,,148,reviewed,ci,ci
1999-10-17T10:05:37.710Z,34.54,-116.295,4.779,2.76,ml,0,79,,0.204,ci,ci9110349,2016-02-16T21:05:13.206Z,"24km SSW of Ludlow, California",earthquake,,,,41,reviewed,ci,ci
1999-10-17T09:49:01.000Z,34.84,-116.357,0.018,2.75,mc,0,131.4,0.01908,0.104,ci,ci9110329,2016-02-17T09:10:24.080Z,"22km NW of Ludlow, California",earthquake,,1.104,,36,reviewed,ci,ci
1999-10-17T09:45:57.030Z,34.612,-116.318,-1.211,3.54,ml,0,75.8,,0.172,ci,ci9110340,2016-04-02T19:53:22.281Z,"19km SW of Ludlow, CA",earthquake,,0.736,,173,reviewed,ci,ci
1999-10-17T09:43:36.050Z,34.614,-116.321,-1.221,3.17,ml,0,75.3,,0.174,ci,ci9110331,2016-04-02T07:15:18.550Z,"19km SW of Ludlow, CA",earthquake,,0.734,,145,reviewed,ci,ci
1999-10-17T09:42:34.300Z,34.57,-116.273,-1.211,2.96,ml,0,79.7,,0.208,ci,ci3324102,2016-02-16T06:38:29.124Z,"20km SSW of Ludlow, California",earthquake,,1.083,,42,reviewed,ci,ci
1999-10-17T09:18:20.040Z,34.695,-116.31,5.799,3.6,ml,0,88.4,,0.197,ci,ci9110323,2016-04-02T07:15:17.145Z,"14km WSW of Ludlow, CA",earthquake,,2.618,,180,reviewed,ci,ci
1999-10-17T09:09:24.900Z,34.426,-116.181,1.187,3.05,ml,0,109.7,,0.158,ci,ci9110310,2016-04-02T16:53:28.161Z,"33km S of Ludlow, CA",earthquake,,0.561,,141,reviewed,ci,ci
1999-10-17T09:04:09.640Z,34.614,-116.287,4.927,3.13,ml,0,81.5,,0.191,ci,ci9110313,2016-04-02T10:35:46.660Z,"17km SW of Ludlow, CA",earthquake,,,,152,reviewed,ci,ci
1999-10-17T08:59:17.270Z,34.368,-116.1378326,4.563,2.83,ml,0,156,0.1948,0.21,ci,ci9583156,2016-02-17T09:10:21.371Z,"26km NNW of Twentynine Palms, California",earthquake,0.5,21.26,0.1,100,automatic,ci,ci
1999-10-17T08:52:02.340Z,34.57,-116.27,-1.181,2.82,ml,0,78.6,,0.134,ci,ci9110302,2016-02-17T11:33:57.167Z,"20km SSW of Ludlow, California",earthquake,,0.839,,118,reviewed,ci,ci
1999-10-17T08:48:29.640Z,34.668,-116.337,-0.562,2.78,ml,0,77,,0.147,ci,ci9110300,2016-02-17T02:01:34.348Z,"17km WSW of Ludlow, California",earthquake,,1.458,,117,reviewed,ci,ci
1999-10-17T08:47:20.710Z,34.487,-116.267,-0.442,2.68,ml,0,121.6,0.2056,0.113,ci,ci9110299,2016-02-16T21:05:10.494Z,"28km SSW of Ludlow, California",earthquake,,1.85,,53,reviewed,ci,ci
1999-10-17T08:44:54.050Z,34.592,-116.276,-1.211,3.21,ml,0,80.7,,0.143,ci,ci9110296,2016-04-02T13:40:44.591Z,"18km SW of Ludlow, CA",earthquake,,0.768,,160,reviewed,ci,ci
1999-10-17T08:39:29.830Z,34.784,-116.319,1.829,2.84,ml,0,106.2,0.04833,0.134,ci,ci9110279,2016-02-16T04:18:57.772Z,"16km WNW of Ludlow, California",earthquake,,0.944,,120,reviewed,ci,ci
1999-10-17T08:39:08.900Z,34.816,-116.398,0.11,2.7,mh,0,125.3,,0.128,ci,ci3327020,2016-02-16T11:18:47.292Z,"24km WNW of Ludlow, California",earthquake,,1.058,,0,reviewed,ci,ci
1999-10-17T08:36:45.880Z,34.533,-116.253,-0.601,2.75,ml,0,83,,0.1,ci,ci9110269,2016-02-16T18:36:52.464Z,"23km SSW of Ludlow, California",earthquake,,1.007,,115,reviewed,ci,ci
1999-10-17T08:24:26.390Z,34.82,-116.34,2.86,2.73,ml,0,78.7,0.01031,0.131,ci,ci9110268,2016-02-16T21:05:07.777Z,"20km NW of Ludlow, California",earthquake,,0.436,,85,reviewed,ci,ci
1999-10-17T08:22:11.480Z,34.557,-116.258,-1.063,3.77,ml,0,96.5,,0.177,ci,ci9110281,2016-04-02T13:40:43.203Z,"20km SSW of Ludlow, CA",earthquake,,0.781,,180,reviewed,ci,ci
1999-10-17T08:21:57.110Z,34.837,-116.363,3.916,3,mh,0,130.7,,0.126,ci,ci3324101,2016-04-02T13:40:41.705Z,"23km NW of Ludlow, CA",earthquake,,0.239,,0,reviewed,ci,ci
1999-10-17T08:18:36.960Z,34.724,-116.039,-1.141,2.71,ml,0,143.7,,0.243,ci,ci9110270,2016-02-16T23:35:05.109Z,"11km E of Ludlow, California",earthquake,,4.216,,106,reviewed,ci,ci
1999-10-17T08:16:44.210Z,34.624,-116.562,3.715,2.52,ml,0,105.2,,0.153,ci,ci9110267,2016-02-16T18:36:51.091Z,"38km WSW of Ludlow, California",earthquake,,0.267,,87,reviewed,ci,ci
1999-10-17T08:14:47.420Z,34.8215,-116.4035,2.958,3.63,ml,26,47,,0.17,ci,ci9110271,2016-04-02T04:35:29.589Z,"25km WNW of Ludlow, CA",earthquake,0.31,0.74,0.221,65,reviewed,ci,ci
1999-10-17T08:14:16.930Z,34.6990013,-116.2788315,4.477,2.8,mh,0,118,0.1381,0.27,ci,ci9583100,2016-02-16T01:57:01.089Z,"11km WSW of Ludlow, California",earthquake,0.81,25.15,0.1,0,automatic,ci,ci
1999-10-17T07:51:46.210Z,34.583,-116.265,4.779,2.93,ml,0,81.2,,0.185,ci,ci9110248,2016-02-16T18:36:49.760Z,"18km SSW of Ludlow, California",earthquake,,,,116,reviewed,ci,ci
1999-10-17T07:50:22.740Z,34.667,-116.294,-0.316,3.33,ml,0,59.2,,0.194,ci,ci9110259,2016-04-01T21:33:11.858Z,"14km WSW of Ludlow, CA",earthquake,,1.06,,158,reviewed,ci,ci
1999-10-17T07:46:23.210Z,34.624,-116.279,-1.211,2.62,mc,0,88,0.2111,0.143,ci,ci9110241,2016-02-17T11:33:55.802Z,"15km SW of Ludlow, California",earthquake,,0.791,,7,reviewed,ci,ci
1999-10-17T07:39:23.560Z,34.36,-116.1353333,1.443,2.88,ml,18,78,0.1939,0.24,ci,ci3320815,2016-04-02T04:49:05.172Z,"25km NNW of Twentynine Palms, CA",earthquake,0.5,1.3,0.19,50,reviewed,ci,ci
1999-10-17T07:38:42.390Z,34.867,-116.357,6.043,2.95,ml,0,135.7,0.04029,0.289,ci,ci3325439,2016-02-16T23:35:03.665Z,"24km NW of Ludlow, California",earthquake,,0.714,,39,reviewed,ci,ci
1999-10-17T07:34:04.280Z,34.527,-116.264,-0.951,2.91,ml,0,79.3,,0.133,ci,ci9110228,2016-02-16T06:38:26.537Z,"24km SSW of Ludlow, California",earthquake,,1.077,,120,reviewed,ci,ci
1999-10-17T07:29:22.530Z,34.701,-116.3,2.499,3.3,ml,0,92.9,,0.186,ci,ci9110226,2016-04-02T19:50:53.772Z,"13km W of Ludlow, CA",earthquake,,2.082,,151,reviewed,ci,ci
1999-10-17T07:26:16.050Z,34.577,-116.262,-1.211,2.66,ml,0,92.5,0.26,0.163,ci,ci9110224,2016-02-16T21:05:04.527Z,"18km SSW of Ludlow, California",earthquake,,1.076,,103,reviewed,ci,ci
1999-10-17T07:18:29.690Z,34.54,-116.246,4.979,2.56,mc,0,109,,0.175,ci,ci3325353,2016-02-15T23:34:07.331Z,"22km SSW of Ludlow, California",earthquake,,,,23,reviewed,ci,ci
1999-10-17T07:15:32.520Z,34.629,-116.312,-1.221,3.2,ml,0,78.9,,0.171,ci,ci9110201,2016-04-02T07:13:29.298Z,"17km SW of Ludlow, CA",earthquake,,0.793,,147,reviewed,ci,ci
1999-10-17T07:11:16.450Z,34.85,-116.354,5.183,3.44,ml,0,133.2,,0.208,ci,ci9110210,2016-04-02T19:51:36.977Z,"23km NW of Ludlow, CA",earthquake,,1.057,,172,reviewed,ci,ci
1999-10-17T07:09:43.080Z,34.564,-116.264,-0.599,3.15,ml,0,62.7,,0.165,ci,ci9110211,2016-04-02T10:33:12.607Z,"20km SSW of Ludlow, CA",earthquake,,0.998,,129,reviewed,ci,ci
1999-10-17T07:03:12.990Z,34.544,-116.311,-1.211,3.18,ml,0,77.5,,0.158,ci,ci9110188,2016-04-02T00:48:12.876Z,"24km SW of Ludlow, CA",earthquake,,0.636,,140,reviewed,ci,ci
1999-10-17T06:54:42.470Z,34.871,-116.404,2.96,2.66,ml,0,132.9,0.06847,0.123,ci,ci3321084,2016-02-16T21:05:01.726Z,"28km NW of Ludlow, California",earthquake,,1.184,,104,reviewed,ci,ci
1999-10-17T06:48:44.000Z,34.85,-116.32,2.8,3.5,ml,,,,,us,usp0009g1v,2014-11-07T01:08:42.949Z,"51 km SSW of Baker, California",earthquake,,,,,reviewed,pas,pas
1999-10-17T06:21:12.180Z,34.527,-116.321,-1.221,2.55,ml,0,144.3,,0.425,ci,ci9110180,2016-02-17T06:48:05.038Z,"26km SW of Ludlow, California",earthquake,,1.493,,81,reviewed,ci,ci
1999-10-17T06:20:17.900Z,34.499,-116.26,-0.791,2.63,ml,0,83.5,0.2188,0.189,ci,ci9110176,2016-02-16T11:18:43.616Z,"26km SSW of Ludlow, California",earthquake,,0.766,,36,reviewed,ci,ci
1999-10-17T06:16:26.700Z,34.52,-116.258,-1.221,2.75,ml,0,83,,0.118,ci,ci9110171,2016-02-16T01:56:58.362Z,"24km SSW of Ludlow, California",earthquake,,0.647,,118,reviewed,ci,ci
1999-10-17T06:11:49.580Z,34.412,-116.171,0.358,2.72,ml,0,94.9,,0.168,ci,ci9110161,2016-02-17T04:24:25.232Z,"32km NNW of Twentynine Palms, California",earthquake,,0.543,,114,reviewed,ci,ci
1999-10-17T06:05:02.850Z,34.4,-116.177,1.897,2.83,ml,0,160.6,0.1816,0.183,ci,ci9110173,2016-02-16T21:04:56.938Z,"31km NNW of Twentynine Palms, California",earthquake,,0.878,,76,reviewed,ci,ci
1999-10-17T06:04:32.120Z,34.532,-116.25,-0.701,2.85,ml,0,83.4,,0.132,ci,ci9110164,2016-02-17T04:24:22.904Z,"23km SSW of Ludlow, California",earthquake,,0.829,,91,reviewed,ci,ci
1999-10-17T05:59:12.920Z,34.433,-116.267,2.708,2.5,ml,0,84,0.1565,0.176,ci,ci9110154,2016-02-16T21:04:55.632Z,"33km N of Joshua Tree, California",earthquake,,0.518,,96,reviewed,ci,ci
1999-10-17T05:47:35.500Z,34.522,-116.253,-1.111,2.63,ml,0,83.4,0.2423,0.117,ci,ci9110151,2016-02-17T02:01:25.606Z,"24km SSW of Ludlow, California",earthquake,,1.004,,110,reviewed,ci,ci
1999-10-17T05:45:07.580Z,34.677,-116.354,2.488,2.69,ml,0,143.2,0.1533,0.182,ci,ci9110150,2016-02-16T01:56:56.973Z,"18km WSW of Ludlow, California",earthquake,,9.038,,115,reviewed,ci,ci
1999-10-17T05:41:12.530Z,34.507,-116.29,-1.111,2.8,ml,0,80.5,,0.235,ci,ci9110147,2016-02-17T09:10:18.762Z,"27km SSW of Ludlow, California",earthquake,,0.688,,123,reviewed,ci,ci
1999-10-17T05:39:53.890Z,34.52,-116.268,-1.162,2.58,ml,0,211.5,0.2363,0.11,ci,ci9110146,2016-02-17T06:48:01.546Z,"24km SSW of Ludlow, California",earthquake,,1.637,,54,reviewed,ci,ci
1999-10-17T05:38:32.170Z,34.437,-116.242,4.508,2.68,ml,0,198.1,0.1705,0.156,ci,ci9110137,2016-02-16T04:18:55.129Z,"32km SSW of Ludlow, California",earthquake,,1.004,,108,reviewed,ci,ci
1999-10-17T05:13:13.860Z,34.696,-116.296,1.564,3.1,ml,0,92.5,0.1369,0.156,ci,ci9110143,2016-04-01T21:32:13.392Z,"13km WSW of Ludlow, CA",earthquake,,1.157,,127,reviewed,ci,ci
1999-10-17T05:12:22.490Z,34.501,-116.263,-1.211,3.06,ml,0,83.1,,0.197,ci,ci9110139,2016-04-02T16:51:20.844Z,"26km SSW of Ludlow, CA",earthquake,,0.768,,81,reviewed,ci,ci
1999-10-17T05:06:57.390Z,34.723,-116.388,-0.302,3.23,ml,0,72.9,,0.19,ci,ci9110125,2016-04-02T16:51:17.847Z,"21km W of Ludlow, CA",earthquake,,1.056,,147,reviewed,ci,ci
1999-10-17T05:03:11.710Z,34.661,-116.284,-0.841,3.13,ml,0,90.1,,0.175,ci,ci9110122,2016-04-02T13:40:15.745Z,"13km WSW of Ludlow, CA",earthquake,,1.226,,140,reviewed,ci,ci
1999-10-17T04:58:15.850Z,34.607,-116.289,-1.211,3.59,ml,0,80.6,,0.198,ci,ci9110126,2016-04-02T19:51:47.285Z,"17km SW of Ludlow, CA",earthquake,,0.72,,166,reviewed,ci,ci
1999-10-17T04:53:32.530Z,33.22,-115.622,3.138,3.2,ml,0,72.9,0.06629,0.23,ci,ci9110111,2016-04-02T10:32:29.665Z,"10km WSW of Niland, CA",earthquake,,0.209,,106,reviewed,ci,ci
1999-10-17T04:49:18.170Z,34.442,-116.258,0.648,2.57,ml,0,84.8,,0.131,ci,ci9110105,2016-02-16T11:18:42.386Z,"32km SSW of Ludlow, California",earthquake,,0.985,,95,reviewed,ci,ci
1999-10-17T04:45:24.380Z,34.504,-116.281,-1.063,3.43,ml,0,69.2,,0.188,ci,ci9110113,2016-04-01T21:33:07.347Z,"27km SSW of Ludlow, CA",earthquake,,0.405,,156,reviewed,ci,ci
1999-10-17T04:40:46.330Z,34.506,-116.26,-1.221,2.87,ml,0,83.3,,0.244,ci,ci9110095,2016-02-17T02:01:24.209Z,"26km SSW of Ludlow, California",earthquake,,0.789,,122,reviewed,ci,ci
1999-10-17T04:36:53.020Z,34.598,-116.28,-0.171,2.5,mh,0,89.3,0.2363,0.147,ci,ci3325128,2016-02-16T08:57:07.203Z,"18km SW of Ludlow, California",earthquake,,0.892,,0,reviewed,ci,ci
1999-10-17T04:35:22.560Z,34.678,-116.36,2.014,3.26,ml,0,70.5,,0.121,ci,ci9110103,2016-04-01T21:34:54.281Z,"19km WSW of Ludlow, CA",earthquake,,0.651,,127,reviewed,ci,ci
1999-10-17T04:34:25.870Z,34.463,-116.248,-1.209,3.28,ml,0,79.1,,0.193,ci,ci9110097,2016-04-02T04:00:45.314Z,"30km SSW of Ludlow, CA",earthquake,,0.743,,114,reviewed,ci,ci
1999-10-17T04:28:44.280Z,34.58,-116.271,-1.221,2.63,ml,0,79.9,0.2554,0.136,ci,ci9110079,2016-02-16T04:18:52.045Z,"19km SSW of Ludlow, California",earthquake,,1.039,,93,reviewed,ci,ci
1999-10-17T04:26:12.010Z,34.653,-116.328,1.407,2.81,ml,0,186,0.1768,0.134,ci,ci9110078,2016-02-16T16:09:26.411Z,"17km WSW of Ludlow, California",earthquake,,1.82,,9,reviewed,ci,ci
1999-10-17T04:25:52.800Z,34.659,-116.323,0.049,2.5,mh,0,81.6,,0.158,ci,ci3325127,2016-02-16T21:04:53.122Z,"16km WSW of Ludlow, California",earthquake,,1.724,,0,reviewed,ci,ci
1999-10-17T04:22:48.600Z,34.832,-116.361,3.323,4.16,ml,0,130,,0.214,ci,ci9110089,2016-04-02T10:35:43.306Z,"22km NW of Ludlow, CA",earthquake,,2.646,,183,reviewed,ci,ci
1999-10-17T04:21:59.810Z,34.627,-116.224,-1.221,3.02,ml,0,95.3,,0.19,ci,ci9110081,2016-04-02T00:48:27.310Z,"12km SSW of Ludlow, CA",earthquake,,0.706,,11,reviewed,ci,ci
1999-10-17T04:14:19.270Z,34.568,-116.278,-0.821,2.6,ml,0,156.7,,0.194,ci,ci9110057,2016-02-17T06:47:58.656Z,"20km SSW of Ludlow, California",earthquake,,8.619,,98,reviewed,ci,ci
1999-10-17T04:13:05.320Z,34.524,-116.27,-1.211,2.78,ml,0,81.7,,0.156,ci,ci9110054,2016-02-17T04:24:14.957Z,"24km SSW of Ludlow, California",earthquake,,0.57,,114,reviewed,ci,ci
1999-10-17T04:02:35.070Z,34.601,-116.268,-1.043,3.01,ml,0,90.5,,0.133,ci,ci9110062,2016-04-02T10:35:41.894Z,"17km SW of Ludlow, CA",earthquake,,0.858,,131,reviewed,ci,ci
1999-10-17T04:02:09.880Z,34.398,-116.192,-1.162,2.63,ml,0,157.8,0.1704,0.262,ci,ci9110070,2016-02-17T09:10:14.322Z,"31km NNW of Twentynine Palms, California",earthquake,,1.488,,5,reviewed,ci,ci
1999-10-17T03:59:10.980Z,34.405,-116.171,-1.172,3.34,ml,0,92,,0.244,ci,ci9110056,2016-04-02T10:33:28.178Z,"31km NNW of Twentynine Palms, CA",earthquake,,0.545,,161,reviewed,ci,ci
1999-10-17T03:51:37.210Z,34.411,-116.19,2.668,2.5,ml,0,83.8,,0.126,ci,ci3321397,2016-02-16T11:18:39.449Z,"32km NNW of Twentynine Palms, California",earthquake,,0.825,,74,reviewed,ci,ci
1999-10-17T03:50:04.370Z,34.69,-116.355,1.634,2.88,ml,0,57.3,,0.166,ci,ci9110050,2016-02-16T01:56:52.320Z,"18km W of Ludlow, California",earthquake,,0.351,,8,reviewed,ci,ci
1999-10-17T03:49:26.050Z,34.6851667,-116.2756667,4.883,2.5,mh,4,208,0.152,0.09,ci,ci3324070,2016-02-17T04:24:12.142Z,"11km WSW of Ludlow, California",earthquake,1.12,31.61,,0,reviewed,ci,ci
1999-10-17T03:48:53.840Z,34.608,-116.306,-1.226,2.84,ml,0,69.4,0.2222,0.195,ci,ci9110044,2016-02-17T04:24:10.897Z,"18km SW of Ludlow, California",earthquake,,0.815,,22,reviewed,ci,ci
1999-10-17T03:47:00.970Z,34.692,-116.31,4.159,2.83,ml,0,88,,0.157,ci,ci9110021,2016-02-17T02:01:22.844Z,"14km WSW of Ludlow, California",earthquake,,21.183,,122,reviewed,ci,ci
1999-10-17T03:37:53.690Z,34.689,-116.376,0.258,2.94,ml,0,66.6,,0.164,ci,ci9110020,2016-02-17T02:01:21.475Z,"20km W of Ludlow, California",earthquake,,0.974,,122,reviewed,ci,ci
1999-10-17T03:36:52.740Z,34.569,-116.265,-1.211,2.93,ml,0,80.5,,0.124,ci,ci9110014,2016-02-17T04:24:09.494Z,"20km SSW of Ludlow, California",earthquake,,0.915,,63,reviewed,ci,ci
1999-10-17T03:33:09.760Z,34.504,-116.308,0.549,2.54,ml,0,155.7,,0.158,ci,ci9110000,2016-02-16T16:09:23.715Z,"28km SSW of Ludlow, California",earthquake,,0.667,,101,reviewed,ci,ci
1999-10-17T03:31:35.620Z,34.694,-116.325,0.898,2.89,ml,0,83.5,,0.182,ci,ci9109987,2016-02-16T18:36:44.031Z,"15km WSW of Ludlow, California",earthquake,,0.891,,92,reviewed,ci,ci
1999-10-17T03:30:27.190Z,34.521,-116.256,-0.251,2.86,ml,0,83.2,0.2405,0.153,ci,ci9110026,2016-02-17T04:24:06.832Z,"24km SSW of Ludlow, California",earthquake,,0.672,,80,reviewed,ci,ci
1999-10-17T03:29:45.600Z,34.616,-116.262,-1.372,2.85,ml,0,90.4,,0.097,ci,ci3325126,2016-02-16T23:35:00.731Z,"15km SW of Ludlow, California",earthquake,,1.132,,20,reviewed,ci,ci
1999-10-17T03:21:00.970Z,34.427,-116.2,-1.211,2.69,mc,0,107.7,0.1847,0.395,ci,ci3322127,2016-02-15T23:34:02.532Z,"33km S of Ludlow, California",earthquake,,6.632,,37,reviewed,ci,ci
1999-10-17T03:20:29.310Z,34.581,-116.284,-1.211,2.77,ml,0,78.3,,0.159,ci,ci9109954,2016-02-17T02:01:17.812Z,"19km SW of Ludlow, California",earthquake,,0.863,,17,reviewed,ci,ci
1999-10-17T03:18:21.890Z,34.8203333,-116.3883333,2.96,2.96,mc,31,112,0.0432,0.11,ci,ci9109934,2016-04-02T17:23:04.799Z,"24km WNW of Ludlow, CA",earthquake,0.15,0.4,,59,reviewed,ci,ci
1999-10-17T03:15:48.760Z,34.679,-116.351,1.138,2.73,ml,0,74,,0.204,ci,ci9109959,2016-02-16T01:56:50.163Z,"18km WSW of Ludlow, California",earthquake,,1.255,,103,reviewed,ci,ci
1999-10-17T03:14:30.300Z,34.691,-116.305,0.444,2.98,ml,0,60.2,,0.203,ci,ci9109960,2016-02-17T11:33:48.964Z,"14km WSW of Ludlow, California",earthquake,,0.781,,119,reviewed,ci,ci
1999-10-17T03:08:07.910Z,34.785,-116.295,3.084,3.41,ml,0,124.2,,0.187,ci,ci9109933,2016-04-02T19:51:35.642Z,"14km WNW of Ludlow, CA",earthquake,,0.379,,162,reviewed,ci,ci
1999-10-17T03:05:47.890Z,34.668,-116.31,-1.211,2.62,ml,0,156.3,,0.186,ci,ci9109881,2016-02-16T18:36:42.672Z,"15km WSW of Ludlow, California",earthquake,,1.371,,95,reviewed,ci,ci
1999-10-17T03:00:00.100Z,34.684,-116.368,1.308,2.66,ml,0,68.9,,0.187,ci,ci9109873,2016-02-15T23:34:01.292Z,"20km WSW of Ludlow, California",earthquake,,1.395,,104,reviewed,ci,ci
1999-10-17T02:51:34.930Z,34.454,-116.251,0.964,2.52,ml,0,146.1,0.1812,0.198,ci,ci9109860,2016-02-17T06:47:57.275Z,"31km SSW of Ludlow, California",earthquake,,0.916,,93,reviewed,ci,ci
1999-10-17T02:42:01.550Z,34.82,-116.343,5.838,3.13,ml,0,66.2,,0.122,ci,ci9109843,2016-04-02T19:51:45.350Z,"20km WNW of Ludlow, CA",earthquake,,0.781,,137,reviewed,ci,ci
1999-10-17T02:28:57.320Z,34.537,-116.256,-1.211,3.3,ml,0,79.4,,0.179,ci,ci9109846,2016-04-02T16:51:37.624Z,"22km SSW of Ludlow, CA",earthquake,,0.764,,160,reviewed,ci,ci
1999-10-17T02:25:38.290Z,34.552,-116.264,0.459,2.74,ml,0,81.3,0.2678,0.141,ci,ci9109842,2016-02-16T18:36:40.831Z,"21km SSW of Ludlow, California",earthquake,,1.479,,96,reviewed,ci,ci
1999-10-17T02:25:02.040Z,34.55,-116.259,-0.101,2.79,ml,0,78.4,0.2671,0.116,ci,ci9109827,2016-02-16T08:57:04.433Z,"21km SSW of Ludlow, California",earthquake,,1.055,,40,reviewed,ci,ci
1999-10-17T02:19:53.840Z,34.81,-116.416,3.02,2.59,ml,0,105.7,0.06788,0.097,ci,ci9109806,2016-02-16T11:18:38.060Z,"25km WNW of Ludlow, California",earthquake,,1.181,,3,reviewed,ci,ci
1999-10-17T02:09:43.410Z,34.362,-116.143,-0.417,3.36,ml,0,95.8,,0.13,ci,ci3321043,2016-04-02T19:51:32.691Z,"26km NNW of Twentynine Palms, CA",earthquake,,1.045,,118,reviewed,ci,ci
1999-10-17T02:04:30.390Z,34.432,-116.194,0.788,2.68,ml,0,71.5,0.1917,0.143,ci,ci3323953,2016-02-17T06:47:55.981Z,"32km S of Ludlow, California",earthquake,,0.657,,106,reviewed,ci,ci
1999-10-17T02:03:40.270Z,34.369,-116.136,-1.027,2.7,ml,0,74.8,,0.175,ci,ci9109810,2016-02-16T13:42:14.493Z,"26km NNW of Twentynine Palms, California",earthquake,,0.697,,44,reviewed,ci,ci
1999-10-17T02:01:30.020Z,34.687,-116.3,-1.201,3.2,ml,0,90.3,,0.173,ci,ci9109788,2016-04-02T04:03:17.138Z,"13km WSW of Ludlow, CA",earthquake,,1.362,,140,reviewed,ci,ci
1999-10-17T01:57:13.890Z,34.522,-116.286,-1.053,3.73,ml,0,70.6,,0.226,ci,ci9109799,2016-04-02T11:07:49.480Z,"25km SSW of Ludlow, CA",earthquake,,0.456,0.225,158,reviewed,ci,ci
1999-10-17T01:51:23.510Z,34.5038333,-116.2685,0.187,2.5,mh,6,97,0.2209,0.13,ci,ci9109780,2016-02-17T09:10:08.385Z,"26km SSW of Ludlow, California",earthquake,0.58,1,,0,reviewed,ci,ci
1999-10-17T01:50:35.830Z,34.673,-116.294,0.874,3.16,ml,0,59.6,0.1596,0.148,ci,ci3323952,2016-04-02T16:51:14.929Z,"13km WSW of Ludlow, CA",earthquake,,0.684,,129,reviewed,ci,ci
1999-10-17T01:49:39.830Z,34.423,-116.183,-0.99,3.13,ml,0,69.6,,0.149,ci,ci9109793,2016-04-02T00:50:24.773Z,"33km S of Ludlow, CA",earthquake,,0.695,,75,reviewed,ci,ci
1999-10-17T01:47:49.000Z,34.67,-116.293,1.699,3.01,ml,0,89.2,,0.167,ci,ci9109776,2016-04-02T10:33:26.660Z,"13km WSW of Ludlow, CA",earthquake,,1.608,,136,reviewed,ci,ci
1999-10-17T01:42:14.040Z,34.541,-116.274,-0.483,2.61,ml,0,154.9,0.255,0.086,ci,ci9109783,2016-02-16T11:18:36.817Z,"23km SSW of Ludlow, California",earthquake,,1.098,,4,reviewed,ci,ci
1999-10-17T01:38:14.020Z,34.541,-116.246,-0.591,2.61,ml,0,77.8,,0.127,ci,ci9109773,2016-02-16T01:56:47.347Z,"22km SSW of Ludlow, California",earthquake,,0.852,,91,reviewed,ci,ci
1999-10-17T01:14:08.290Z,34.555,-116.263,-1.221,2.55,ml,0,77.9,,0.164,ci,ci7150075,2016-02-16T08:57:01.256Z,"21km SSW of Ludlow, California",earthquake,,1.446,,6,reviewed,ci,ci
1999-10-17T01:06:49.850Z,34.51,-116.267,-0.801,2.72,mc,0,94.5,,0.129,ci,ci7150062,2016-02-16T04:18:50.688Z,"25km SSW of Ludlow, California",earthquake,,1.201,,27,reviewed,ci,ci
1999-10-17T01:01:49.560Z,34.561,-116.261,4.779,2.61,mc,0,93.3,0.2757,0.187,ci,ci7150059,2016-02-16T06:38:18.609Z,"20km SSW of Ludlow, California",earthquake,,,,7,reviewed,ci,ci
1999-10-17T00:48:21.820Z,34.819,-116.389,5.161,2.5,mh,0,110.2,0.04405,0.137,ci,ci3320818,2016-04-02T01:35:47.641Z,"24km WNW of Ludlow, CA",earthquake,,3.193,,0,reviewed,ci,ci
1999-10-17T00:47:25.310Z,34.612,-116.235,4.927,3.41,ml,0,90.2,,0.229,ci,ci9109763,2016-04-02T00:48:24.557Z,"14km SSW of Ludlow, CA",earthquake,,,,157,reviewed,ci,ci
1999-10-17T00:44:52.020Z,34.607,-116.293,-1.219,3.22,ml,0,87.4,,0.181,ci,ci9109958,2016-04-01T21:33:05.789Z,"18km SW of Ludlow, CA",earthquake,,0.629,,150,reviewed,ci,ci
1999-10-17T00:40:57.350Z,34.84,-116.337,2.75,2.55,ml,0,132.8,,0.343,ci,ci9109728,2016-02-17T02:01:12.612Z,"21km NW of Ludlow, California",earthquake,,1.741,,3,reviewed,ci,ci
1999-10-17T00:36:17.540Z,34.294,-116.058,-1.027,3.41,ml,0,105.6,,0.207,ci,ci9109752,2016-04-02T13:42:28.427Z,"17km N of Twentynine Palms, CA",earthquake,,0.499,,22,reviewed,ci,ci
1999-10-17T00:28:45.290Z,34.612,-116.286,-1.073,2.9,ml,0,81.5,0.2206,0.173,ci,ci3344742,2016-02-17T04:24:00.834Z,"17km SW of Ludlow, California",earthquake,,2.108,,8,reviewed,ci,ci
1999-10-17T00:27:48.550Z,34.488,-116.242,-0.233,3.54,ml,0,71.4,,0.269,ci,ci9109705,2016-04-01T21:32:12.058Z,"27km SSW of Ludlow, CA",earthquake,,0.424,,159,reviewed,ci,ci
1999-10-17T00:23:16.200Z,34.539,-116.27,-1.089,2.75,ml,0,81.2,,0.159,ci,ci9109733,2016-02-17T06:47:50.585Z,"23km SSW of Ludlow, California",earthquake,,0.95,,74,reviewed,ci,ci
1999-10-17T00:22:37.290Z,34.774,-116.35,4.615,2.77,ml,0,75.9,0.05693,0.145,ci,ci9109697,2016-02-17T02:01:11.305Z,"18km WNW of Ludlow, California",earthquake,,7.758,,79,reviewed,ci,ci
1999-10-17T00:14:34.630Z,34.419,-116.18,1.918,2.91,ml,0,84.2,,0.195,ci,ci9109694,2016-02-16T13:42:11.183Z,"33km NNW of Twentynine Palms, California",earthquake,,0.937,,122,reviewed,ci,ci
1999-10-17T00:01:32.110Z,34.377,-116.189,-1.132,2.59,ml,0,101.6,,0.13,ci,ci3321138,2016-02-16T04:18:46.747Z,"29km NNW of Twentynine Palms, California",earthquake,,1.851,,91,reviewed,ci,ci
1999-10-16T23:59:20.840Z,34.386,-116.145,0.197,2.84,ml,0,98.4,0.197,0.099,ci,ci3321139,2016-02-17T11:33:41.499Z,"28km NNW of Twentynine Palms, California",earthquake,,1.946,,36,reviewed,ci,ci
1999-10-16T23:58:43.260Z,34.618,-116.299,-1.221,2.84,ml,0,80.2,,0.176,ci,ci3321137,2016-02-16T18:36:36.270Z,"17km SW of Ludlow, California",earthquake,,1.545,,95,reviewed,ci,ci
1999-10-16T23:55:11.390Z,34.8068333,-116.3305,4.688,2.8,mh,19,127,,0.2,ci,ci10084662,2016-02-16T04:18:45.355Z,"18km WNW of Ludlow, California",earthquake,0.5,31.61,,0,reviewed,ci,ci
1999-10-16T23:52:10.010Z,34.6676667,-116.3183333,2.892,3.15,ml,17,140,0.1619,0.15,ci,ci3323951,2016-04-02T08:00:24.753Z,"16km WSW of Ludlow, CA",earthquake,0.62,0.91,0.246,79,reviewed,ci,ci
1999-10-16T23:51:39.970Z,34.815,-116.341,3.02,3.26,ml,0,79,0.01519,0.146,ci,ci9109701,2016-04-02T13:40:38.596Z,"20km WNW of Ludlow, CA",earthquake,,0.317,,73,reviewed,ci,ci
1999-10-16T23:49:33.510Z,34.542,-116.305,-1.221,3.06,ml,0,78,,0.174,ci,ci9109676,2016-04-02T16:50:45.696Z,"24km SSW of Ludlow, CA",earthquake,,0.642,,140,reviewed,ci,ci
1999-10-16T23:47:12.770Z,34.359,-116.182,4.828,2.59,ml,0,168.7,0.1577,0.123,ci,ci9109659,2016-02-16T18:36:34.868Z,"26km NNW of Twentynine Palms, California",earthquake,,,,41,reviewed,ci,ci
1999-10-16T23:45:22.210Z,34.486,-116.248,0.048,2.65,ml,0,121.9,0.2108,0.114,ci,ci9109657,2016-02-17T04:23:56.944Z,"27km SSW of Ludlow, California",earthquake,,1.933,,72,reviewed,ci,ci
1999-10-16T23:36:34.680Z,34.572,-116.245,-1.211,2.78,ml,0,82.4,,0.143,ci,ci9109654,2016-02-16T06:38:17.433Z,"18km SSW of Ludlow, California",earthquake,,1.075,,102,reviewed,ci,ci
1999-10-16T23:35:16.900Z,34.505,-116.25,0.359,2.76,ml,0,81.4,,0.126,ci,ci9109647,2016-02-16T18:36:33.656Z,"25km SSW of Ludlow, California",earthquake,,1.148,,97,reviewed,ci,ci
1999-10-16T23:28:06.210Z,34.296,-116.17,1.223,2.79,mc,0,150.6,,0.291,ci,ci3325121,2016-02-16T18:36:32.329Z,"20km NNW of Twentynine Palms, California",earthquake,,0.749,,23,reviewed,ci,ci
1999-10-16T23:26:32.970Z,34.823,-116.353,3.346,2.55,ml,0,105.5,,0.129,ci,ci3325117,2016-02-17T06:47:46.014Z,"21km WNW of Ludlow, California",earthquake,,0.338,,60,reviewed,ci,ci
1999-10-16T23:25:20.390Z,34.636,-116.341,-1.348,2.69,ml,0,130.6,0.193,0.05,ci,ci9109664,2016-02-16T06:38:15.889Z,"19km WSW of Ludlow, California",earthquake,,2.733,,93,reviewed,ci,ci
1999-10-16T23:23:52.550Z,34.415,-116.195,-1.162,2.59,ml,0,89.6,,0.184,ci,ci3320797,2016-02-16T23:34:55.602Z,"33km NNW of Twentynine Palms, California",earthquake,,1.675,,84,reviewed,ci,ci
1999-10-16T23:21:30.690Z,34.51,-116.272,-1.211,2.82,ml,0,82,,0.143,ci,ci9109631,2016-02-17T04:23:54.583Z,"26km SSW of Ludlow, California",earthquake,,1.18,,109,reviewed,ci,ci
1999-10-16T23:19:57.810Z,34.606,-116.295,-1.374,2.81,ml,0,101.5,,0.156,ci,ci9109630,2016-02-17T04:23:53.215Z,"18km SW of Ludlow, California",earthquake,,1.27,,101,reviewed,ci,ci
1999-10-16T23:07:18.820Z,34.4286667,-116.1818333,1.873,2.5,mh,8,118,0.1966,0.12,ci,ci3325111,2016-02-16T04:18:44.061Z,"33km S of Ludlow, California",earthquake,0.98,1.48,,0,reviewed,ci,ci
1999-10-16T23:05:54.790Z,34.83,-116.353,4.736,2.65,ml,0,221.1,0.2906,0.243,ci,ci9109620,2016-02-16T23:34:54.309Z,"21km NW of Ludlow, California",earthquake,,,,3,reviewed,ci,ci
1999-10-16T22:56:23.760Z,34.606,-116.283,-1.372,2.57,ml,0,88.5,0.2279,0.143,ci,ci3321580,2016-02-16T11:18:32.747Z,"17km SW of Ludlow, California",earthquake,,4.224,,6,reviewed,ci,ci
1999-10-16T22:55:38.270Z,34.704,-116.347,3.638,3.05,ml,0,77,,0.147,ci,ci3321579,2016-04-02T04:00:43.771Z,"17km W of Ludlow, CA",earthquake,,2.95,,61,reviewed,ci,ci
1999-10-16T22:54:08.220Z,34.658,-116.334,-0.167,3.97,mc,0,76.1,0.171,0.234,ci,ci3321581,2016-04-02T13:40:47.479Z,"17km WSW of Ludlow, CA",earthquake,,1.951,,83,reviewed,ci,ci
1999-10-16T22:53:41.270Z,34.7075,-116.3561667,4.774,4.53,ml,34,50,,0.18,ci,ci9109636,2016-04-02T14:13:54.465Z,"18km W of Ludlow, CA",earthquake,0.3,5.19,0.202,72,reviewed,ci,ci
1999-10-16T22:45:27.250Z,34.526,-116.276,-1.063,2.53,ml,0,63,,0.169,ci,ci9109627,2016-02-17T02:01:08.714Z,"24km SSW of Ludlow, California",earthquake,,0.919,,48,reviewed,ci,ci
1999-10-16T22:42:55.280Z,34.353,-116.153,-0.874,2.96,ml,0,95.1,,0.216,ci,ci9109604,2016-02-16T04:18:39.911Z,"25km NNW of Twentynine Palms, California",earthquake,,0.647,,123,reviewed,ci,ci
1999-10-16T22:42:25.930Z,34.6985,-116.2751667,4.706,2.5,mh,11,85,,0.16,ci,ci3320796,2016-04-02T01:35:26.869Z,"11km WSW of Ludlow, CA",earthquake,0.42,31.61,,0,reviewed,ci,ci
1999-10-16T22:37:13.730Z,34.443,-116.242,4.808,2.85,ml,0,191.1,0.1755,0.217,ci,ci9109603,2016-02-15T23:33:56.949Z,"32km SSW of Ludlow, California",earthquake,,264.251,,119,reviewed,ci,ci
1999-10-16T22:36:59.440Z,34.785,-116.3033333,2.589,2.5,mh,13,70,,0.12,ci,ci3325105,2016-02-17T04:23:51.858Z,"15km WNW of Ludlow, California",earthquake,0.42,0.71,,0,reviewed,ci,ci
1999-10-16T22:30:51.970Z,34.584,-116.286,0.206,2.67,ml,0,146,0.2854,0.144,ci,ci9109600,2016-02-16T23:34:53.065Z,"19km SW of Ludlow, California",earthquake,,0.786,,105,reviewed,ci,ci
1999-10-16T22:29:00.560Z,34.649,-116.334,1.308,2.91,ml,0,76,0.1807,0.156,ci,ci9109583,2016-02-16T13:42:07.259Z,"18km WSW of Ludlow, California",earthquake,,1.07,,115,reviewed,ci,ci
1999-10-16T22:28:26.250Z,34.669,-116.315,0.466,2.51,ml,0,207.5,,0.166,ci,ci3325102,2016-02-16T16:09:14.984Z,"15km WSW of Ludlow, California",earthquake,,4.794,,7,reviewed,ci,ci
1999-10-16T22:25:28.220Z,34.452,-116.251,-0.942,3.22,ml,0,83.7,,0.163,ci,ci3320791,2016-04-02T07:16:22.882Z,"31km SSW of Ludlow, CA",earthquake,,0.617,,124,reviewed,ci,ci
1999-10-16T22:21:58.270Z,34.498,-116.22,4.828,2.62,ml,0,89.4,,0.268,ci,ci9109579,2016-02-17T02:01:05.070Z,"25km SSW of Ludlow, California",earthquake,,,,64,reviewed,ci,ci
1999-10-16T22:20:28.480Z,34.629,-116.328,-1.211,3,ml,0,75.6,,0.19,ci,ci9109573,2016-04-02T07:12:39.223Z,"18km WSW of Ludlow, CA",earthquake,,0.707,,136,reviewed,ci,ci
1999-10-16T22:16:07.090Z,34.554,-116.283,-1.211,2.68,ml,0,79.5,,0.166,ci,ci9109557,2016-02-17T09:09:59.726Z,"22km SSW of Ludlow, California",earthquake,,1.126,,93,reviewed,ci,ci
1999-10-16T22:14:34.480Z,34.358,-116.147,0.086,2.53,ml,0,89,,0.207,ci,ci3320782,2016-02-17T02:01:01.708Z,"25km NNW of Twentynine Palms, California",earthquake,,1.029,,72,reviewed,ci,ci
1999-10-16T22:13:14.480Z,34.566,-116.253,-1.064,3.04,ml,0,98.5,0.2713,0.157,ci,ci9109595,2016-04-02T19:54:26.547Z,"19km SSW of Ludlow, CA",earthquake,,1.447,,129,reviewed,ci,ci
1999-10-16T22:13:00.620Z,34.639,-116.283,-1.211,2.72,ml,0,86.4,,0.185,ci,ci9109551,2016-02-17T09:09:58.475Z,"14km SW of Ludlow, California",earthquake,,0.955,,6,reviewed,ci,ci
1999-10-16T22:09:33.520Z,34.454,-116.228,1.724,2.64,ml,0,245.2,0.191,0.117,ci,ci9109537,2016-02-16T21:04:48.103Z,"30km SSW of Ludlow, California",earthquake,,1.241,,95,reviewed,ci,ci
1999-10-16T22:07:59.380Z,33.248,-115.63,4.248,2.52,ml,0,95,0.05018,0.35,ci,ci9109531,2016-02-16T21:04:46.825Z,"10km W of Niland, California",earthquake,,0.745,,41,reviewed,ci,ci
1999-10-16T22:04:50.660Z,34.634,-116.285,-1.211,2.91,ml,0,85.2,,0.146,ci,ci9109574,2016-02-16T23:34:50.516Z,"15km SW of Ludlow, California",earthquake,,1.446,,135,reviewed,ci,ci
1999-10-16T22:03:51.340Z,34.604,-116.302,-1.374,2.65,mc,0,238.6,,0.123,ci,ci3321320,2016-02-16T04:18:36.614Z,"18km SW of Ludlow, California",earthquake,,3.62,,12,reviewed,ci,ci
1999-10-16T22:02:06.950Z,34.514,-116.285,-1.162,2.83,ml,0,205.9,,0.174,ci,ci3321326,2016-02-16T11:18:31.534Z,"26km SSW of Ludlow, California",earthquake,,1.13,,113,reviewed,ci,ci
1999-10-16T22:01:55.610Z,34.663,-116.351,0.668,2.85,ml,0,72.9,,0.142,ci,ci3321325,2016-02-17T09:09:57.217Z,"19km WSW of Ludlow, California",earthquake,,2.24,,94,reviewed,ci,ci
1999-10-16T22:01:06.020Z,34.831,-116.4,-1.213,2.81,ml,0,127.2,,0.215,ci,ci3321324,2016-02-16T11:18:30.156Z,"25km WNW of Ludlow, California",earthquake,,3.861,,52,reviewed,ci,ci
1999-10-16T22:00:23.870Z,34.7843333,-116.3471667,4.598,2.5,mh,8,112,0.04636,0.08,ci,ci10084650,2016-02-17T02:01:00.310Z,"18km WNW of Ludlow, California",earthquake,0.68,31.61,,0,reviewed,ci,ci
1999-10-16T21:59:50.510Z,34.495,-116.264,0.109,2.5,mh,0,95.2,,0.15,ci,ci3321322,2016-04-02T17:36:32.063Z,"27km SSW of Ludlow, CA",earthquake,,2.848,,0,reviewed,ci,ci
1999-10-16T21:59:17.420Z,34.577,-116.286,-1.211,2.95,ml,0,77.1,,0.173,ci,ci3321321,2016-02-16T18:36:29.926Z,"20km SW of Ludlow, California",earthquake,,1.168,,87,reviewed,ci,ci
1999-10-16T21:58:48.560Z,34.595,-116.352,-1.211,2.9,ml,0,72.4,,0.149,ci,ci3321318,2016-04-02T04:48:40.686Z,"22km SW of Ludlow, CA",earthquake,,1.079,,58,reviewed,ci,ci
1999-10-16T21:55:44.470Z,34.695,-116.284,2.119,3.4,ml,0,96.6,,0.183,ci,ci9109521,2016-04-02T00:51:20.463Z,"12km WSW of Ludlow, CA",earthquake,,1.473,,177,reviewed,ci,ci
1999-10-16T21:53:57.530Z,34.4281667,-116.2015,-1.152,3.25,ml,35,69,,0.23,ci,ci9109904,2016-04-01T22:06:31.924Z,"33km S of Ludlow, CA",earthquake,0.4,0.92,0.183,58,reviewed,ci,ci
1999-10-16T21:46:15.640Z,34.806,-116.3593333,1.232,3.18,ml,28,63,,0.16,ci,ci3323893,2016-04-02T01:34:53.619Z,"20km WNW of Ludlow, CA",earthquake,0.42,0.67,,140,reviewed,ci,ci
1999-10-16T21:45:28.410Z,34.4905,-116.2616667,-1.023,2.94,ml,20,96,0.2104,0.22,ci,ci9109542,2016-04-02T11:07:46.711Z,"27km SSW of Ludlow, CA",earthquake,0.66,1.61,0.205,30,reviewed,ci,ci
1999-10-16T21:42:29.840Z,34.438,-116.293,1.534,2.66,ml,0,244.5,0.1522,0.198,ci,ci9109518,2016-02-16T18:36:28.600Z,"34km SSW of Ludlow, California",earthquake,,1.111,,79,reviewed,ci,ci
1999-10-16T21:42:08.390Z,34.604,-116.267,-1.372,2.69,ml,0,90.5,,0.095,ci,ci3320803,2016-02-16T08:56:57.541Z,"16km SW of Ludlow, California",earthquake,,1.034,,71,reviewed,ci,ci
1999-10-16T21:41:13.810Z,34.674,-116.27,2.289,2.72,ml,0,95.8,0.1652,0.446,ci,ci9109547,2016-02-16T08:56:56.249Z,"11km WSW of Ludlow, California",earthquake,,1.705,,37,reviewed,ci,ci
1999-10-16T21:40:26.110Z,34.672,-116.328,1.524,2.88,ml,0,70.4,,0.149,ci,ci9109529,2016-04-02T14:13:52.584Z,"16km WSW of Ludlow, CA",earthquake,,0.802,0.241,126,reviewed,ci,ci
1999-10-16T21:32:55.590Z,34.545,-116.261,-0.171,2.84,ml,0,94,,0.178,ci,ci9109493,2016-02-17T11:33:40.178Z,"22km SSW of Ludlow, California",earthquake,,0.737,,113,reviewed,ci,ci
1999-10-16T21:17:50.530Z,34.408,-116.287,2.438,2.5,mh,0,186.5,0.1267,0.209,ci,ci9109489,2016-02-16T08:56:53.757Z,"30km N of Joshua Tree, California",earthquake,,0.893,,0,reviewed,ci,ci
1999-10-16T21:14:43.360Z,34.484,-116.257,-0.331,2.9,ml,0,84.2,,0.154,ci,ci3321413,2016-02-16T18:36:27.282Z,"28km SSW of Ludlow, California",earthquake,,0.799,,114,reviewed,ci,ci
1999-10-16T21:10:50.520Z,34.6698333,-116.3416667,1.654,3.94,ml,33,54,,0.16,ci,ci9109496,2016-04-02T14:13:47.535Z,"18km WSW of Ludlow, CA",earthquake,0.29,0.58,0.211,167,reviewed,ci,ci
1999-10-16T21:09:33.370Z,34.398,-116.166,4.828,2.5,mh,0,201.1,0.188,0.181,ci,ci3325097,2016-04-02T11:20:38.934Z,"30km NNW of Twentynine Palms, CA",earthquake,,,,0,reviewed,ci,ci
1999-10-16T21:08:44.760Z,34.707,-116.298,1.159,2.94,ml,0,94.8,,0.19,ci,ci9109477,2016-02-17T06:47:41.481Z,"13km W of Ludlow, California",earthquake,,0.595,,132,reviewed,ci,ci
1999-10-16T21:04:15.230Z,34.566,-116.259,-0.841,2.73,ml,0,93.4,,0.104,ci,ci9109471,2016-02-17T09:09:53.574Z,"20km SSW of Ludlow, California",earthquake,,1.033,,96,reviewed,ci,ci
1999-10-16T21:00:56.370Z,34.85,-116.402,2.653,2.86,ml,0,129.8,0.05691,0.164,ci,ci9109470,2016-02-16T06:38:12.761Z,"26km WNW of Ludlow, California",earthquake,,1.2,,3,reviewed,ci,ci
1999-10-16T20:57:57.710Z,34.677,-116.35,1.488,2.77,ml,0,74,,0.182,ci,ci9109455,2016-02-16T18:36:25.902Z,"18km WSW of Ludlow, California",earthquake,,0.872,,120,reviewed,ci,ci
1999-10-16T20:53:59.460Z,34.686,-116.373,0.108,2.97,ml,0,76,,0.206,ci,ci9109449,2016-02-16T01:56:39.898Z,"20km WSW of Ludlow, California",earthquake,,0.841,,135,reviewed,ci,ci
1999-10-16T20:40:36.820Z,34.618,-116.27,-1.211,2.97,ml,0,89.3,,0.193,ci,ci9109479,2016-02-16T18:36:24.438Z,"15km SW of Ludlow, California",earthquake,,0.87,,126,reviewed,ci,ci
1999-10-16T20:39:15.730Z,34.5095,-116.2681667,-1.023,2.97,ml,12,84,0.2263,0.2,ci,ci9109480,2016-04-02T04:35:10.031Z,"26km SSW of Ludlow, CA",earthquake,0.68,1.04,0.166,47,reviewed,ci,ci
1999-10-16T20:34:05.990Z,34.467,-116.256,-1.211,2.96,ml,0,84.6,,0.149,ci,ci9109438,2016-02-17T06:47:38.271Z,"30km SSW of Ludlow, California",earthquake,,0.642,,124,reviewed,ci,ci
1999-10-16T20:32:13.780Z,34.346,-116.147,5.056,2.82,ml,0,97.9,0.1804,0.181,ci,ci3325090,2016-02-16T11:18:23.326Z,"24km NNW of Twentynine Palms, California",earthquake,,,,65,reviewed,ci,ci
1999-10-16T20:31:51.290Z,34.585,-116.239,-1.001,2.53,ml,0,85.2,0.2575,0.148,ci,ci9109430,2016-02-16T06:38:09.811Z,"17km SSW of Ludlow, California",earthquake,,1.288,,3,reviewed,ci,ci
1999-10-16T20:23:17.240Z,34.466,-116.273,0.231,2.5,mh,0,161,0.1842,0.122,ci,ci9109426,2016-02-17T11:33:38.815Z,"30km SSW of Ludlow, California",earthquake,,1.326,,0,reviewed,ci,ci
1999-10-16T20:22:30.280Z,34.606,-116.308,-1.211,3.49,ml,0,77.1,,0.156,ci,ci9109465,2016-04-02T10:36:36.128Z,"19km SW of Ludlow, CA",earthquake,,0.652,,155,reviewed,ci,ci
1999-10-16T20:18:58.840Z,34.5793333,-116.2713333,-1.221,3.14,ml,22,75,,0.24,ci,ci9109421,2016-04-01T18:52:18.442Z,"19km SSW of Ludlow, CA",earthquake,0.48,1.09,0.179,48,reviewed,ci,ci
1999-10-16T20:16:49.730Z,34.68,-116.276,-1.382,2.95,ml,0,95.7,0.158,0.181,ci,ci3321578,2016-02-16T18:36:20.215Z,"12km WSW of Ludlow, California",earthquake,,1.509,,58,reviewed,ci,ci
1999-10-16T20:15:54.290Z,34.5188333,-116.1588333,4.668,3.15,mc,5,214,0.2768,0.21,ci,ci9109402,2016-04-02T00:51:18.959Z,"22km S of Ludlow, CA",earthquake,1.38,19.61,,119,reviewed,ci,ci
1999-10-16T20:15:49.010Z,34.664,-116.2713333,4.703,2.5,mh,9,109,0.2917,0.24,ci,ci10084618,2016-02-16T13:41:59.664Z,"12km WSW of Ludlow, California",earthquake,0.85,31.61,,0,reviewed,ci,ci
1999-10-16T20:14:10.170Z,34.686,-116.269,-1.216,4.53,ml,0,80.1,0.153,0.278,ci,ci3321577,2017-02-09T14:54:01.949Z,"11km WSW of Ludlow, CA",earthquake,,1.143,0.237,115,reviewed,ci,ci
1999-10-16T20:13:37.640Z,34.689,-116.28,0.074,4.64,ml,0,52.4,,0.223,ci,ci9109442,2016-04-01T21:33:02.962Z,"12km WSW of Ludlow, CA",earthquake,,0.665,,199,reviewed,ci,ci
1999-10-16T20:09:12.130Z,34.4163333,-116.2465,3.188,2.64,ml,18,86,,0.28,ci,ci9109428,2016-04-02T07:47:30.700Z,"32km N of Joshua Tree, CA",earthquake,0.47,0.95,0.15,28,reviewed,ci,ci
1999-10-16T20:08:07.440Z,34.506,-116.285,-0.562,3.12,ml,0,125.5,0.2189,0.187,ci,ci9109429,2016-04-02T04:01:21.884Z,"26km SSW of Ludlow, CA",earthquake,,0.94,,136,reviewed,ci,ci
1999-10-16T20:07:28.690Z,34.586,-116.303,-1.156,3,mh,0,219.4,0.294,0.171,ci,ci3325088,2016-04-01T21:32:10.210Z,"20km SW of Ludlow, CA",earthquake,,4.456,,0,reviewed,ci,ci
1999-10-16T20:07:14.690Z,34.831,-116.362,4.466,2.8,mh,0,129.7,0.02045,0.137,ci,ci3325087,2016-02-17T11:33:37.652Z,"22km WNW of Ludlow, California",earthquake,,1.138,,0,reviewed,ci,ci
1999-10-16T20:05:52.750Z,34.55,-116.2681667,-1.043,2.74,ml,11,90,0.2649,0.1,ci,ci9109423,2016-04-02T07:47:29.345Z,"21km SSW of Ludlow, CA",earthquake,0.36,1.11,0.215,39,reviewed,ci,ci
1999-10-16T19:52:42.260Z,34.5326667,-116.248,-0.011,2.52,ml,7,116,0.2537,0.09,ci,ci3325086,2016-04-02T01:35:11.180Z,"22km SSW of Ludlow, CA",earthquake,0.81,1.02,0.126,9,reviewed,ci,ci
1999-10-16T19:51:51.220Z,34.858,-116.4,0.093,2.99,ml,0,131.2,,0.208,ci,ci9109365,2016-02-16T04:18:31.037Z,"27km NW of Ludlow, California",earthquake,,0.811,,4,reviewed,ci,ci
1999-10-16T19:49:24.810Z,34.854,-116.39,-1.087,3.21,ml,0,131.4,,0.293,ci,ci9109414,2016-04-02T07:12:37.325Z,"26km NW of Ludlow, CA",earthquake,,0.84,,77,reviewed,ci,ci
1999-10-16T19:48:31.700Z,34.861,-116.39,8.233,3.38,ml,0,162.9,0.05329,0.359,ci,ci9109383,2016-04-02T16:51:33.413Z,"26km NW of Ludlow, CA",earthquake,,2.088,,154,reviewed,ci,ci
1999-10-16T19:48:15.300Z,34.4858333,-116.2656667,-1.172,3,mh,12,206,,0.31,ci,ci3325082,2016-04-02T08:00:47.522Z,"28km SSW of Ludlow, CA",earthquake,1.12,1.73,,0,reviewed,ci,ci
1999-10-16T19:46:42.920Z,34.703,-116.29,1.974,3.06,ml,0,61.9,,0.173,ci,ci9109385,2016-04-02T07:13:24.748Z,"12km W of Ludlow, CA",earthquake,,0.697,,138,reviewed,ci,ci
1999-10-16T19:43:23.430Z,34.698,-116.371,-0.162,2.73,ml,0,72.6,,0.175,ci,ci3325080,2016-02-16T11:18:22.103Z,"20km W of Ludlow, California",earthquake,,1.624,,98,reviewed,ci,ci
1999-10-16T19:42:44.560Z,34.575,-116.281,0.169,2.8,ml,0,90.4,0.2586,0.13,ci,ci3325079,2016-02-16T18:36:15.454Z,"20km SW of Ludlow, California",earthquake,,1.186,,33,reviewed,ci,ci
1999-10-16T19:42:30.190Z,34.358,-116.464,0.966,2.57,ml,0,149.4,0.1095,0.103,ci,ci9109358,2016-02-17T06:47:36.897Z,"27km N of Yucca Valley, California",earthquake,,1.004,,43,reviewed,ci,ci
1999-10-16T19:39:55.440Z,34.674,-116.303,-0.966,3.47,ml,0,86.8,,0.157,ci,ci9109876,2016-04-02T07:12:35.836Z,"14km WSW of Ludlow, CA",earthquake,,1.736,,106,reviewed,ci,ci
1999-10-16T19:38:52.000Z,34.856,-116.418,-0.176,2.89,ml,0,129.7,0.07134,0.173,ci,ci9109875,2016-04-02T14:13:57.161Z,"28km WNW of Ludlow, CA",earthquake,,1.369,0.244,86,reviewed,ci,ci
1999-10-16T19:38:25.320Z,34.8513333,-116.4065,2.666,2.89,ml,15,108,,0.15,ci,ci9109373,2016-04-01T18:52:05.018Z,"27km WNW of Ludlow, CA",earthquake,0.49,0.83,0.24,119,reviewed,ci,ci
1999-10-16T19:34:49.680Z,34.4941667,-116.2741667,4.379,2.76,ml,20,68,,0.24,ci,ci9109338,2016-04-02T11:07:36.572Z,"27km SSW of Ludlow, CA",earthquake,0.57,23.55,0.168,32,reviewed,ci,ci
1999-10-16T19:25:38.190Z,34.372,-116.148,-0.952,3.15,ml,0,80.2,0.1886,0.165,ci,ci9109361,2016-04-02T13:40:12.745Z,"27km NNW of Twentynine Palms, CA",earthquake,,0.495,,119,reviewed,ci,ci
1999-10-16T19:25:01.350Z,34.669,-116.283,-1.221,3.1,ml,0,91.6,,0.177,ci,ci9109871,2016-04-02T07:13:23.164Z,"13km WSW of Ludlow, CA",earthquake,,1.009,,75,reviewed,ci,ci
1999-10-16T19:15:09.280Z,34.607,-116.28,-1.063,3.67,ml,0,81.8,0.2265,0.175,ci,ci9109342,2016-04-02T07:13:21.251Z,"17km SW of Ludlow, CA",earthquake,,0.809,,165,reviewed,ci,ci
1999-10-16T19:14:55.900Z,34.7771667,-116.2765,11.514,2.83,ml,11,171,0.07094,0.49,ci,ci3323857,2016-02-17T09:09:47.144Z,"12km WNW of Ludlow, California",earthquake,2.1,2.35,0.159,1,reviewed,ci,ci
1999-10-16T19:14:20.850Z,34.6885,-116.3218333,4.787,2.5,mh,8,84,0.2533,0.28,ci,ci3325071,2016-02-16T04:18:29.696Z,"15km WSW of Ludlow, California",earthquake,1.04,31.61,,0,reviewed,ci,ci
1999-10-16T19:13:03.330Z,34.3373333,-116.1273333,0.493,2.5,mh,13,98,0.1915,0.29,ci,ci9109323,2016-04-01T22:06:10.802Z,"23km NNW of Twentynine Palms, CA",earthquake,0.87,1.33,0.286,0,reviewed,ci,ci
1999-10-16T19:05:49.180Z,34.478,-116.173,10.044,2.79,ml,0,185.6,0.2374,0.333,ci,ci3325069,2016-02-16T13:41:58.455Z,"27km S of Ludlow, California",earthquake,,10.391,,79,reviewed,ci,ci
1999-10-16T19:05:17.140Z,34.589,-116.278,-1.221,2.71,ml,0,79.9,0.2454,0.167,ci,ci9109321,2016-02-16T01:56:35.853Z,"18km SW of Ludlow, California",earthquake,,1.126,,33,reviewed,ci,ci
1999-10-16T18:52:01.290Z,34.4845,-116.2971667,11.107,2.79,ml,10,145,,0.24,ci,ci3325068,2016-04-02T01:35:09.834Z,"29km SSW of Ludlow, CA",earthquake,1.1,2.77,0.209,30,reviewed,ci,ci
1999-10-16T18:51:08.270Z,34.724,-116.3755,0.948,2.91,ml,11,74,0.1104,0.15,ci,ci9109311,2016-04-02T14:13:36.261Z,"20km W of Ludlow, CA",earthquake,0.49,0.89,0.171,43,reviewed,ci,ci
1999-10-16T18:41:48.100Z,34.494,-116.264,-0.181,2.81,ml,0,95.3,0.213,0.138,ci,ci3325067,2016-02-16T13:41:55.790Z,"27km SSW of Ludlow, California",earthquake,,0.822,,63,reviewed,ci,ci
1999-10-16T18:41:20.760Z,34.6038333,-116.2908333,-0.531,2.72,ml,13,79,0.2289,0.17,ci,ci9109310,2016-04-01T22:06:09.544Z,"18km SW of Ludlow, CA",earthquake,0.45,1.03,0.176,37,reviewed,ci,ci
1999-10-16T18:39:30.220Z,33.246,-115.685,2.408,2.53,ml,0,91.8,0.09249,0.199,ci,ci9109307,2016-02-16T13:41:54.521Z,"12km SSE of Bombay Beach, California",earthquake,,0.446,,31,reviewed,ci,ci
1999-10-16T18:35:05.210Z,34.514,-116.275,-1.172,2.93,ml,0,127.6,,0.132,ci,ci9109303,2016-02-16T01:56:34.559Z,"25km SSW of Ludlow, California",earthquake,,1.194,,116,reviewed,ci,ci
1999-10-16T18:31:49.590Z,34.099,-116.993,3.855,2.59,ml,0,85.2,,0.132,ci,ci9109300,2016-02-17T02:00:50.206Z,"9km NNE of Yucaipa, California",earthquake,,0.416,,112,reviewed,ci,ci
1999-10-16T18:24:25.050Z,34.424,-116.197,-0.256,2.97,ml,0,91.7,0.1843,0.091,ci,ci3325065,2016-02-17T09:09:45.912Z,"33km S of Ludlow, California",earthquake,,1.165,,94,reviewed,ci,ci
1999-10-16T18:23:49.980Z,34.693,-116.289,-0.504,3,mh,0,113.3,,0.185,ci,ci9109296,2016-04-02T11:07:35.202Z,"12km WSW of Ludlow, CA",earthquake,,2.942,,0,reviewed,ci,ci
1999-10-16T18:18:39.360Z,34.659,-116.298,4.289,3.06,ml,0,159.5,0.1737,0.216,ci,ci9109284,2016-04-02T07:13:19.761Z,"14km WSW of Ludlow, CA",earthquake,,147.207,,119,reviewed,ci,ci
1999-10-16T18:13:07.760Z,34.589,-116.275,-1.221,3.37,ml,0,80.6,,0.14,ci,ci9109281,2016-04-02T07:13:18.431Z,"18km SW of Ludlow, CA",earthquake,,0.73,,158,reviewed,ci,ci
1999-10-16T18:10:20.420Z,34.787,-116.343,-1.247,3.61,ml,0,81.4,,0.182,ci,ci9109270,2016-04-02T19:51:42.567Z,"18km WNW of Ludlow, CA",earthquake,,1.117,,167,reviewed,ci,ci
1999-10-16T18:05:22.720Z,34.568,-116.265,-1.221,3.73,ml,0,79.1,,0.188,ci,ci9109267,2016-04-02T16:51:23.726Z,"20km SSW of Ludlow, CA",earthquake,,0.731,,169,reviewed,ci,ci
1999-10-16T18:03:50.900Z,34.524,-116.2475,-1.221,2.5,mh,8,97,0.2458,0.38,ci,ci3321271,2016-04-02T04:48:39.199Z,"23km SSW of Ludlow, CA",earthquake,1.06,2.46,,0,reviewed,ci,ci
1999-10-16T18:03:21.070Z,34.7088333,-116.2783333,4.306,2.8,mh,8,110,0.1303,0.16,ci,ci9109262,2016-04-01T18:52:11.251Z,"11km W of Ludlow, CA",earthquake,0.58,17.85,0.728,0,reviewed,ci,ci
1999-10-16T18:01:57.490Z,34.7038333,-116.2936667,2.401,4.27,ml,20,60,,0.21,ci,ci9109287,2016-04-02T04:34:59.614Z,"12km W of Ludlow, CA",earthquake,0.41,0.6,0.2,66,reviewed,ci,ci
1999-10-16T18:01:51.730Z,34.681,-116.304,1.891,3,mh,0,66.7,,0.179,ci,ci3321272,2016-04-02T13:43:07.509Z,"14km WSW of Ludlow, CA",earthquake,,0.922,,0,reviewed,ci,ci
1999-10-16T17:55:16.500Z,34.532,-116.245,-0.271,3.1,ml,0,83.8,,0.128,ci,ci9109260,2016-04-02T04:01:27.066Z,"22km SSW of Ludlow, CA",earthquake,,0.826,,126,reviewed,ci,ci
1999-10-16T17:51:19.120Z,33.271,-115.715,1.648,2.61,ml,0,98.5,0.1125,0.175,ci,ci9109252,2016-02-17T02:00:44.722Z,"9km S of Bombay Beach, California",earthquake,,0.842,,32,reviewed,ci,ci
1999-10-16T17:49:57.840Z,34.4281667,-116.188,2.098,2.5,mh,15,90,0.1925,0.23,ci,ci9109250,2016-04-02T11:07:40.484Z,"33km S of Ludlow, CA",earthquake,0.53,1.23,,0,reviewed,ci,ci
1999-10-16T17:48:31.360Z,33.268,-115.717,0.768,3.53,ml,0,37.3,0.1144,0.256,ci,ci9109243,2016-04-02T04:00:16.374Z,"9km S of Bombay Beach, CA",earthquake,,0.485,,128,reviewed,ci,ci
1999-10-16T17:46:42.250Z,34.4755,-116.263,-1.183,3.2,ml,9,127,0.1962,0.14,ci,ci3325061,2016-04-02T14:26:29.202Z,"29km SSW of Ludlow, CA",earthquake,1.82,2.65,,0,reviewed,ci,ci
1999-10-16T17:46:34.120Z,34.435,-116.216,-1.172,3,mh,0,89.4,,0.168,ci,ci3325062,2016-04-02T08:00:46.081Z,"32km S of Ludlow, CA",earthquake,,2.366,,0,reviewed,ci,ci
1999-10-16T17:44:10.440Z,34.565,-116.2406667,-0.552,2.87,ml,15,83,,0.16,ci,ci9109224,2016-04-01T22:06:16.007Z,"19km SSW of Ludlow, CA",earthquake,0.43,0.9,0.241,41,reviewed,ci,ci
1999-10-16T17:42:01.540Z,34.816,-116.3458333,1.76,2.7,ml,9,91,0.01574,0.08,ci,ci3321268,2016-04-02T11:20:40.294Z,"20km WNW of Ludlow, CA",earthquake,0.54,0.85,0.306,13,reviewed,ci,ci
1999-10-16T17:38:48.650Z,34.43,-116.252,-1.162,4.58,mw,0,65.4,,0.215,ci,ci9109254,2017-02-09T14:49:01.832Z,"33km N of Joshua Tree, CA",earthquake,,0.381,,6,reviewed,ci,ci
1999-10-16T17:37:04.980Z,33.215,-115.646,2.179,3.09,ml,0,75.8,0.08231,0.281,ci,ci9109258,2016-04-02T07:16:15.176Z,"12km WSW of Niland, CA",earthquake,,0.308,,86,reviewed,ci,ci
1999-10-16T17:25:31.400Z,34.943,-116.896,3.511,2.94,ml,0,131.5,0.1207,0.175,ci,ci9109182,2016-02-16T08:56:44.929Z,"13km ENE of Barstow, California",earthquake,,0.53,,113,reviewed,ci,ci
1999-10-16T17:22:21.560Z,34.554,-116.25,-1.211,3.27,ml,0,158,,0.185,ci,ci9109169,2016-04-02T10:31:55.569Z,"20km SSW of Ludlow, CA",earthquake,,2.797,,42,reviewed,ci,ci
1999-10-16T17:21:55.130Z,34.605,-116.251,-1.211,3.28,ml,0,92.2,,0.221,ci,ci9109230,2016-04-02T04:00:42.456Z,"15km SSW of Ludlow, CA",earthquake,,1.734,,131,reviewed,ci,ci
1999-10-16T17:21:01.110Z,34.476,-116.264,-1.221,3.26,ml,0,68.2,,0.169,ci,ci9112279,2016-04-01T21:32:07.886Z,"29km SSW of Ludlow, CA",earthquake,,0.821,,51,reviewed,ci,ci
1999-10-16T17:20:20.740Z,34.6811667,-116.3615,1.274,3.2,ml,28,56,,0.21,ci,ci9109232,2016-04-02T17:23:09.541Z,"19km WSW of Ludlow, CA",earthquake,0.4,0.88,0.233,50,reviewed,ci,ci
1999-10-16T17:16:02.190Z,33.8018333,-116.1173333,12.312,2.54,ml,18,48,0.1709,0.13,ci,ci3321267,2016-04-02T17:36:30.809Z,"13km NE of Indio, CA",earthquake,0.36,1.09,0.219,17,reviewed,ci,ci
1999-10-16T17:15:55.310Z,34.7025,-116.2123333,0.754,2.75,ml,14,116,,0.18,ci,ci9109225,2016-04-01T18:52:09.663Z,"5km WSW of Ludlow, CA",earthquake,0.5,1.12,0.09,11,reviewed,ci,ci
1999-10-16T17:04:02.010Z,34.5691667,-116.2633333,4.379,2.5,mh,13,92,,0.2,ci,ci9109204,2016-02-16T23:34:37.129Z,"19km SSW of Ludlow, California",earthquake,0.64,20.69,,0,reviewed,ci,ci
1999-10-16T17:02:46.050Z,34.647,-116.347,-1.374,3.4,ml,0,135.5,,0.149,ci,ci9109162,2016-04-01T21:32:51.662Z,"19km WSW of Ludlow, CA",earthquake,,0.969,,157,reviewed,ci,ci
1999-10-16T17:02:22.760Z,34.604,-116.236,-1.162,3.2,mh,0,151.4,0.3227,0.167,ci,ci3322145,2016-04-02T19:54:18.746Z,"15km SSW of Ludlow, CA",earthquake,,1.491,,0,reviewed,ci,ci
1999-10-16T16:58:08.090Z,34.49,-116.27,-1.221,3,mh,0,80.7,,0.207,ci,ci3321266,2016-04-02T17:36:29.594Z,"28km SSW of Ludlow, CA",earthquake,,1.532,,0,reviewed,ci,ci
1999-10-16T16:57:29.590Z,34.576,-116.271,-0.591,3.3,ml,0,79.2,,0.149,ci,ci3321259,2016-04-02T16:49:58.548Z,"19km SSW of Ludlow, CA",earthquake,,0.508,,143,reviewed,ci,ci
1999-10-16T16:56:28.450Z,34.5905,-116.3001667,-0.414,3,mh,14,112,,0.24,ci,ci3321265,2016-04-02T14:26:35.027Z,"19km SW of Ludlow, CA",earthquake,0.68,0.93,0.297,0,reviewed,ci,ci
1999-10-16T16:55:58.580Z,33.788,-116.117,10.087,3.6,ml,0,47.1,,0.163,ci,ci3321258,2016-04-02T13:40:36.457Z,"12km NE of Indio, CA",earthquake,,0.529,,152,reviewed,ci,ci
1999-10-16T16:55:20.930Z,34.4238333,-116.2518333,0.518,2.51,ml,28,62,,0.16,ci,ci9112254,2016-04-01T18:52:06.581Z,"33km N of Joshua Tree, CA",earthquake,0.31,0.96,0.081,2,reviewed,ci,ci
1999-10-16T16:54:30.880Z,34.613,-116.442,-1.379,3.28,ml,0,66,,0.194,ci,ci3321260,2016-04-02T13:39:23.048Z,"28km WSW of Ludlow, CA",earthquake,,1.767,,118,reviewed,ci,ci
1999-10-16T16:54:26.450Z,34.56,-116.254,-1.053,2.8,mh,0,63.4,0.2769,0.135,ci,ci9109185,2016-02-17T09:09:41.725Z,"20km SSW of Ludlow, California",earthquake,,0.793,0.248,0,reviewed,ci,ci
1999-10-16T16:52:07.950Z,34.5633333,-116.2966667,-1.211,2.66,ml,10,89,0.2682,0.55,ci,ci9109179,2016-04-02T01:20:32.584Z,"22km SW of Ludlow, CA",earthquake,1.23,3.95,0.257,24,reviewed,ci,ci
1999-10-16T16:51:22.090Z,34.4231667,-116.2138333,-1.172,2.89,ml,23,71,,0.16,ci,ci9109160,2016-04-02T14:14:12.333Z,"33km NNE of Joshua Tree, CA",earthquake,0.31,0.85,0.214,38,reviewed,ci,ci
1999-10-16T16:50:10.100Z,34.6783333,-116.2905,4.379,3.2,ml,14,86,,0.14,ci,ci3321257,2016-04-01T22:19:43.068Z,"13km WSW of Ludlow, CA",earthquake,0.5,17.1,0.183,37,reviewed,ci,ci
1999-10-16T16:48:39.130Z,34.698,-116.286,-0.116,3.46,ml,0,61.9,,0.152,ci,ci9109176,2016-04-01T21:35:41.931Z,"12km WSW of Ludlow, CA",earthquake,,0.776,,160,reviewed,ci,ci
1999-10-16T16:45:22.060Z,34.6561667,-116.2961667,2.169,2.91,ml,16,85,,0.14,ci,ci9109155,2016-04-02T11:08:13.500Z,"14km WSW of Ludlow, CA",earthquake,0.44,1.33,0.237,43,reviewed,ci,ci
1999-10-16T16:38:59.860Z,34.567,-116.256,-1.211,3.17,ml,0,80.2,,0.179,ci,ci9109154,2016-04-02T16:49:57.056Z,"19km SSW of Ludlow, CA",earthquake,,1.898,,16,reviewed,ci,ci
1999-10-16T16:37:36.210Z,34.464,-116.2891667,2.018,2.71,mc,9,154,0.1778,0.09,ci,ci9109146,2016-02-16T06:38:02.843Z,"31km SSW of Ludlow, California",earthquake,0.94,1.26,,5,reviewed,ci,ci
1999-10-16T16:31:30.540Z,34.6663333,-116.303,0.439,3.56,ml,18,93,,0.12,ci,ci7149405,2016-04-02T17:35:55.089Z,"14km WSW of Ludlow, CA",earthquake,0.46,0.92,0.248,65,reviewed,ci,ci
1999-10-16T16:25:06.990Z,34.512,-116.258,4.779,3.15,ml,0,153.4,,0.227,ci,ci3320777,2016-04-01T21:31:30.457Z,"25km SSW of Ludlow, CA",earthquake,,,,20,reviewed,ci,ci
1999-10-16T16:24:00.280Z,34.602,-116.293,4.779,3.39,ml,0,79.2,,0.188,ci,ci3320776,2016-04-02T16:51:11.260Z,"18km SW of Ludlow, CA",earthquake,,,,22,reviewed,ci,ci
1999-10-16T16:22:57.970Z,34.678,-116.301,-1.221,3.83,ml,0,88.3,,0.208,ci,ci7149398,2016-04-02T13:39:21.373Z,"14km WSW of Ludlow, CA",earthquake,,1.436,,28,reviewed,ci,ci
1999-10-16T16:15:32.870Z,34.838,-116.362,9.556,2.56,mc,0,130.9,0.0219,0.156,ci,ci7149388,2016-02-16T18:36:08.478Z,"23km NW of Ludlow, California",earthquake,,0.656,,8,reviewed,ci,ci
1999-10-16T16:13:19.610Z,34.427,-116.191,1.828,2.9,mh,0,87.5,0.1899,0.103,ci,ci9112234,2016-04-02T07:47:34.728Z,"33km S of Ludlow, CA",earthquake,,1.031,,0,reviewed,ci,ci
1999-10-16T16:12:08.610Z,34.521,-116.268,-1.211,3.61,ml,0,60.9,,0.148,ci,ci9109141,2016-04-02T16:54:11.157Z,"24km SSW of Ludlow, CA",earthquake,,0.532,,155,reviewed,ci,ci
1999-10-16T16:10:32.890Z,34.532,-116.312,-1.211,2.68,ml,0,156.8,,0.151,ci,ci3321200,2016-02-16T04:18:22.260Z,"25km SSW of Ludlow, California",earthquake,,1.597,,34,reviewed,ci,ci
1999-10-16T16:08:24.570Z,34.68,-116.309,-0.391,4.03,ml,0,74.6,,0.234,ci,ci9109131,2016-04-02T07:48:02.843Z,"14km WSW of Ludlow, CA",earthquake,,1.557,0.237,163,reviewed,ci,ci
1999-10-16T16:08:05.740Z,34.679,-116.2978333,2.378,2.81,ml,21,89,,0.18,ci,ci9112223,2016-04-02T04:35:11.432Z,"13km WSW of Ludlow, CA",earthquake,0.39,1.72,0.395,11,reviewed,ci,ci
1999-10-16T16:06:52.770Z,34.569,-116.283,-0.781,2.67,ml,0,90.4,0.2642,0.055,ci,ci9109088,2016-02-16T18:36:07.171Z,"20km SSW of Ludlow, California",earthquake,,1.485,,8,reviewed,ci,ci
1999-10-16T16:06:06.260Z,34.792,-116.294,-0.785,2.81,ml,0,127.9,,0.169,ci,ci3325060,2016-02-16T01:56:29.099Z,"15km WNW of Ludlow, California",earthquake,,1.236,,34,reviewed,ci,ci
1999-10-16T16:05:00.870Z,34.425,-116.209,-1.162,3.19,ml,0,90.3,,0.165,ci,ci3325059,2016-04-02T10:36:30.359Z,"33km S of Ludlow, CA",earthquake,,0.789,,141,reviewed,ci,ci
1999-10-16T16:04:27.840Z,34.589,-116.277,-1.051,2.54,ml,0,80.1,,0.166,ci,ci9109081,2016-02-16T18:36:05.954Z,"18km SW of Ludlow, California",earthquake,,0.72,,5,reviewed,ci,ci
1999-10-16T16:00:32.590Z,34.602,-116.292,4.626,3.26,ml,0,101,,0.176,ci,ci9109120,2016-04-02T00:51:15.971Z,"18km SW of Ludlow, CA",earthquake,,,,144,reviewed,ci,ci
1999-10-16T15:54:20.100Z,34.603,-116.297,-1.364,2.99,ml,0,101.1,,0.18,ci,ci9109078,2016-02-17T02:00:40.942Z,"18km SW of Ludlow, California",earthquake,,1.194,,118,reviewed,ci,ci
1999-10-16T15:53:04.600Z,34.6625,-116.2958333,0.139,3.07,ml,25,59,,0.22,ci,ci9109114,2016-04-01T18:52:52.646Z,"14km WSW of Ludlow, CA",earthquake,0.45,1.58,,113,reviewed,ci,ci
1999-10-16T15:49:42.430Z,34.552,-116.273,-1.176,2.97,ml,0,153.3,,0.131,ci,ci9109112,2016-02-16T04:18:20.848Z,"22km SSW of Ludlow, California",earthquake,,1.519,,120,reviewed,ci,ci
1999-10-16T15:42:29.270Z,34.51,-116.246,-1.152,3.12,ml,0,211.9,,0.164,ci,ci9112208,2016-04-02T07:12:34.482Z,"25km SSW of Ludlow, CA",earthquake,,1.209,,67,reviewed,ci,ci
1999-10-16T15:41:40.660Z,34.583,-116.276,-0.281,3.36,ml,0,61.3,,0.153,ci,ci9109103,2016-04-02T07:13:53.167Z,"19km SW of Ludlow, CA",earthquake,,0.604,,149,reviewed,ci,ci
1999-10-16T15:38:33.420Z,34.3701667,-116.1588333,3.868,3.74,ml,28,73,,0.15,ci,ci9109099,2016-04-01T18:52:50.884Z,"27km NNW of Twentynine Palms, CA",earthquake,0.33,17.71,0.181,47,reviewed,ci,ci
1999-10-16T15:31:45.860Z,34.619,-116.2995,-1.221,3.51,ml,29,53,,0.14,ci,ci9109085,2016-04-02T07:48:01.085Z,"17km SW of Ludlow, CA",earthquake,0.25,0.63,0.149,60,reviewed,ci,ci
1999-10-16T15:29:18.910Z,34.372,-116.132,-0.657,2.65,ml,0,254,0.2008,0.083,ci,ci9109059,2016-02-16T21:04:36.364Z,"27km NNW of Twentynine Palms, California",earthquake,,9.463,,5,reviewed,ci,ci
1999-10-16T15:29:07.390Z,34.431,-116.318,9.798,2.5,mh,0,186.4,0.1396,0.221,ci,ci3325058,2016-02-17T02:00:36.435Z,"33km N of Joshua Tree, California",earthquake,,5.896,,0,reviewed,ci,ci
1999-10-16T15:27:10.480Z,34.487,-116.25,0.088,3.09,ml,0,88.1,,0.174,ci,ci9109057,2016-04-02T19:50:48.027Z,"27km SSW of Ludlow, CA",earthquake,,0.995,,138,reviewed,ci,ci
1999-10-16T15:23:50.990Z,34.383,-116.474,0.076,3,ml,0,68.7,,0.2,ci,ci9109055,2016-04-02T04:00:14.977Z,"30km N of Yucca Valley, CA",earthquake,,0.5,,134,reviewed,ci,ci
1999-10-16T15:21:11.570Z,34.417,-116.24,0.258,3.09,ml,0,188.9,0.1553,0.172,ci,ci9109051,2016-04-02T16:49:55.756Z,"32km NNE of Joshua Tree, CA",earthquake,,1.381,,122,reviewed,ci,ci
1999-10-16T15:18:54.200Z,34.4765,-116.2541667,-1.191,3.2,ml,17,66,,0.21,ci,ci9109036,2016-04-01T22:07:00.967Z,"28km SSW of Ludlow, CA",earthquake,0.52,1.41,0.163,53,reviewed,ci,ci
1999-10-16T15:14:35.020Z,34.5585,-116.3365,-1.364,2.72,ml,9,124,,0.2,ci,ci9109035,2016-04-01T18:52:39.305Z,"24km SW of Ludlow, CA",earthquake,1.33,2.99,0.345,25,reviewed,ci,ci
1999-10-16T15:12:57.070Z,34.709,-116.306,1.028,2.76,ml,0,92.3,0.1235,0.157,ci,ci9109058,2016-02-16T01:56:25.950Z,"13km W of Ludlow, California",earthquake,,1.227,,41,reviewed,ci,ci
1999-10-16T15:12:07.140Z,34.3035,-116.1516667,4.794,2.5,mh,7,215,0.1535,0.4,ci,ci10084614,2016-02-17T11:33:30.720Z,"20km NNW of Twentynine Palms, California",earthquake,3.25,31.61,,0,reviewed,ci,ci
1999-10-16T15:11:43.710Z,34.603,-116.306,-1.211,3.3,ml,0,86.2,,0.216,ci,ci9109027,2016-04-02T13:39:20.044Z,"19km SW of Ludlow, CA",earthquake,,0.649,,145,reviewed,ci,ci
1999-10-16T15:03:34.880Z,33.6111679,-116.0031662,12.679,2.61,ml,0,174,,0.41,ci,ci9578992,2016-02-17T02:00:35.125Z,"8km ENE of Mecca, California",earthquake,2,1.42,0.1,100,automatic,ci,ci
1999-10-16T14:57:18.490Z,34.5773315,-116.3031693,3.436,2.55,ml,0,160,,0.35,ci,ci9578984,2016-02-16T11:18:12.635Z,"21km SW of Ludlow, California",earthquake,1.18,31.43,0.1,100,automatic,ci,ci
1999-10-16T14:55:37.040Z,34.4228325,-116.2626648,0.334,2.67,ml,0,248,,0.19,ci,ci9578980,2016-02-16T11:18:11.324Z,"32km N of Joshua Tree, California",earthquake,2.51,1.14,0.1,100,automatic,ci,ci
1999-10-16T14:54:58.840Z,34.8348333,-116.3275,4.9,2.79,mc,13,131,,0.17,ci,ci9109007,2016-02-16T16:08:55.550Z,"20km NW of Ludlow, California",earthquake,0.58,0.96,,21,reviewed,ci,ci
1999-10-16T14:54:02.690Z,34.737,-116.343,-1.366,3.1,ml,0,192.6,0.2498,0.191,ci,ci9109041,2016-04-01T21:31:29.164Z,"17km W of Ludlow, CA",earthquake,,4.358,,12,reviewed,ci,ci
1999-10-16T14:53:45.260Z,34.6645,-116.3631667,2.138,3.18,ml,29,54,,0.19,ci,ci9112184,2016-04-01T22:06:30.410Z,"20km WSW of Ludlow, CA",earthquake,0.35,0.97,0.228,38,reviewed,ci,ci
1999-10-16T14:52:35.030Z,34.495,-116.258,-1.162,3.74,ml,0,123.7,,0.17,ci,ci9109043,2016-04-02T07:13:50.079Z,"27km SSW of Ludlow, CA",earthquake,,0.648,,172,reviewed,ci,ci
1999-10-16T14:50:25.110Z,34.5330009,-116.2458344,4.597,2.53,ml,0,84,,0.28,ci,ci9578968,2016-02-17T11:33:29.450Z,"22km SSW of Ludlow, California",earthquake,0.58,26.19,0.1,100,automatic,ci,ci
1999-10-16T14:48:44.540Z,34.5286667,-116.2655,4.779,3.15,ml,25,63,,0.25,ci,ci9109002,2016-04-02T14:13:43.816Z,"24km SSW of Ludlow, CA",earthquake,4.26,31.61,0.196,7,reviewed,ci,ci
1999-10-16T14:44:24.300Z,34.585,-116.299,-1.374,3.49,ml,0,177.8,,0.237,ci,ci9109000,2016-04-02T00:46:47.726Z,"20km SW of Ludlow, CA",earthquake,,1.533,,38,reviewed,ci,ci
1999-10-16T14:43:44.230Z,34.452,-116.233,-0.802,3.65,ml,0,65.6,,0.167,ci,ci9112176,2016-04-02T04:00:13.522Z,"31km SSW of Ludlow, CA",earthquake,,1.093,,147,reviewed,ci,ci
1999-10-16T14:43:11.070Z,34.461,-116.215,0.564,3.15,mc,0,70.6,,0.121,ci,ci9109030,2016-04-02T10:34:07.218Z,"29km S of Ludlow, CA",earthquake,,0.81,,90,reviewed,ci,ci
1999-10-16T14:40:39.460Z,34.6074982,-116.2343369,5.848,2.71,ml,0,211,,0.52,ci,ci9578952,2016-02-16T21:04:31.745Z,"14km SSW of Ludlow, California",earthquake,2.92,32.91,0.1,100,automatic,ci,ci
1999-10-16T14:37:04.420Z,34.6921654,-116.3616638,4.336,2.68,ml,0,193,,0.22,ci,ci9578948,2016-02-15T23:33:36.459Z,"19km W of Ludlow, California",earthquake,1.26,22.15,0.1,100,automatic,ci,ci
1999-10-16T14:31:52.760Z,34.4761667,-116.2705,4.828,3.06,ml,17,137,,0.36,ci,ci9108995,2016-04-01T18:52:16.815Z,"29km SSW of Ludlow, CA",earthquake,0.98,26.1,,122,reviewed,ci,ci
1999-10-16T14:24:26.540Z,34.6500015,-116.2949982,5.844,3.05,ml,0,106,,0.22,ci,ci9578928,2016-04-02T10:33:11.120Z,"15km WSW of Ludlow, CA",earthquake,0.41,17.28,0.1,100,automatic,ci,ci
1999-10-16T14:20:44.880Z,34.7195,-116.3006667,2.706,3.35,ml,18,77,0.2772,0.21,ci,ci9108988,2016-04-02T01:20:38.563Z,"13km W of Ludlow, CA",earthquake,0.45,1.81,,139,reviewed,ci,ci
1999-10-16T14:19:25.560Z,33.264,-115.708,1.138,2.65,ml,0,97,0.1073,0.164,ci,ci9108973,2016-02-17T11:33:27.740Z,"10km SSE of Bombay Beach, California",earthquake,,1.112,,25,reviewed,ci,ci
1999-10-16T14:17:10.900Z,34.4878333,-116.2566667,-1.172,3.06,ml,24,112,,0.15,ci,ci9108969,2016-04-02T11:07:43.615Z,"27km SSW of Ludlow, CA",earthquake,0.4,0.88,0.104,187,reviewed,ci,ci
1999-10-16T14:15:53.970Z,33.2751667,-115.6323333,3.32,2.67,ml,13,83,0.04314,0.13,ci,ci9108967,2016-04-02T07:47:26.094Z,"11km WNW of Niland, CA",earthquake,0.55,0.73,0.189,7,reviewed,ci,ci
1999-10-16T14:07:05.400Z,34.3713333,-116.1371667,-0.322,3.4,ml,16,214,,0.21,ci,ci3322136,2016-04-02T01:34:50.738Z,"27km NNW of Twentynine Palms, CA",earthquake,1,1.26,0.12,133,reviewed,ci,ci
1999-10-16T14:06:34.450Z,34.5718333,-116.244,1.589,3.46,ml,19,76,0.2688,0.22,ci,ci9108962,2016-04-01T18:52:14.451Z,"18km SSW of Ludlow, CA",earthquake,0.59,2.1,0.114,183,reviewed,ci,ci
1999-10-16T14:02:51.600Z,34.5974998,-116.2873306,5.656,2.76,ml,0,177,,0.19,ci,ci9578896,2016-02-17T02:00:32.992Z,"18km SW of Ludlow, California",earthquake,0.95,14.54,0.1,100,automatic,ci,ci
1999-10-16T14:01:56.760Z,33.7941667,-116.121,5.022,3.13,ml,31,47,,0.21,ci,ci9108953,2016-04-02T14:13:42.430Z,"12km NE of Indio, CA",earthquake,0.44,21.77,0.782,33,reviewed,ci,ci
1999-10-16T13:59:17.020Z,34.829,-116.345,-0.966,4.37,ml,0,47.5,,0.206,ci,ci9108985,2017-02-09T15:17:17.716Z,"21km NW of Ludlow, CA",earthquake,,1.207,,178,reviewed,ci,ci
1999-10-16T13:56:42.770Z,34.6903333,-116.3036667,-0.904,3.46,ml,34,60,,0.22,ci,ci9108970,2016-04-02T17:23:12.169Z,"14km WSW of Ludlow, CA",earthquake,0.42,1.45,0.098,178,reviewed,ci,ci
1999-10-16T13:55:23.560Z,33.274,-115.7166667,4.402,3.52,ml,28,38,0.07963,0.26,ci,ci9520938,2016-04-02T13:06:05.847Z,"9km S of Bombay Beach, CA",earthquake,0.46,0.81,0.065,8,reviewed,ci,ci
1999-10-16T13:54:09.460Z,33.4643333,-116.4906667,12.913,2.57,ml,25,102,,0.17,ci,ci9108930,2016-04-02T17:23:10.837Z,"20km ESE of Anza, CA",earthquake,0.32,0.62,0.44,43,reviewed,ci,ci
1999-10-16T13:52:59.190Z,33.2235,-115.6535,2.823,2.51,ml,17,105,0.05581,0.34,ci,ci9108926,2016-04-02T01:20:37.105Z,"13km W of Niland, CA",earthquake,0.83,1.5,0.194,6,reviewed,ci,ci
1999-10-16T13:51:17.620Z,34.4505,-116.233,-1.172,4.24,ml,45,46,,0.18,ci,ci9108964,2016-04-02T11:07:42.223Z,"31km SSW of Ludlow, CA",earthquake,0.28,0.67,0.144,57,reviewed,ci,ci
1999-10-16T13:50:33.790Z,34.5513344,-116.3366699,4.307,3.5,mh,0,110,,0.34,ci,ci9578860,2016-04-02T10:33:08.072Z,"25km SW of Ludlow, CA",earthquake,0.84,31.18,0.1,0,automatic,ci,ci
1999-10-16T13:47:05.160Z,34.5558319,-116.2874985,4.421,3.09,ml,0,112,,0.3,ci,ci9578856,2016-04-02T10:33:06.715Z,"22km SSW of Ludlow, CA",earthquake,0.71,27.98,0.1,100,automatic,ci,ci
1999-10-16T13:42:50.080Z,33.7963333,-116.1215,8.741,3.55,ml,41,47,,0.17,ci,ci9108920,2016-04-02T04:35:08.218Z,"12km NE of Indio, CA",earthquake,0.37,1.34,0.179,57,reviewed,ci,ci
1999-10-16T13:41:31.000Z,34.667,-116.2866667,4.626,2.5,mh,11,97,,0.24,ci,ci3320838,2016-02-16T16:08:50.040Z,"13km WSW of Ludlow, California",earthquake,1.32,21.84,,0,reviewed,ci,ci
1999-10-16T13:41:09.620Z,34.203,-116.859,4.346,2.93,ml,0,67.2,,0.153,ci,ci9108917,2016-02-16T06:37:57.109Z,"7km SSW of Big Bear City, California",earthquake,,4.537,,68,reviewed,ci,ci
1999-10-16T13:38:21.260Z,34.473835,-116.3371658,4.649,2.73,ml,0,247,,0.17,ci,ci9578832,2016-02-16T18:35:56.144Z,"32km SSW of Ludlow, California",earthquake,1.99,18.92,0.1,100,automatic,ci,ci
1999-10-16T13:37:02.270Z,33.8018333,-116.1186667,12.982,3.25,ml,31,47,,0.25,ci,ci9108916,2016-04-01T18:52:12.864Z,"13km NE of Indio, CA",earthquake,0.48,0.86,0.234,55,reviewed,ci,ci
1999-10-16T13:34:56.540Z,34.6,-116.301,-1.211,3.65,ml,0,150.4,,0.198,ci,ci9108915,2016-04-02T10:31:48.423Z,"19km SW of Ludlow, CA",earthquake,,1.671,,164,reviewed,ci,ci
1999-10-16T13:33:41.070Z,34.5081667,-116.2643333,2.611,2.5,mh,9,123,0.2261,0.09,ci,ci3320836,2016-02-16T13:41:44.537Z,"26km SSW of Ludlow, California",earthquake,1.01,1.19,,0,reviewed,ci,ci
1999-10-16T13:33:13.880Z,34.6663333,-116.2683333,4.138,2.5,mh,9,105,0.1729,0.2,ci,ci3320835,2016-02-16T16:08:48.605Z,"12km WSW of Ludlow, California",earthquake,1.04,20.7,,0,reviewed,ci,ci
1999-10-16T13:32:20.930Z,34.4276667,-116.214,-1.172,3.62,ml,45,68,,0.25,ci,ci9108902,2016-04-01T22:06:17.690Z,"33km S of Ludlow, CA",earthquake,0.38,1.12,,154,reviewed,ci,ci
1999-10-16T13:29:47.850Z,34.6931648,-116.3341675,4.327,2.78,ml,0,94,,0.3,ci,ci9578812,2016-02-17T04:23:28.527Z,"16km W of Ludlow, California",earthquake,0.72,26.46,0.1,100,automatic,ci,ci
1999-10-16T13:26:11.780Z,34.519,-116.267,-1.162,3.01,ml,0,223.4,,0.153,ci,ci9108897,2016-04-02T10:31:46.981Z,"24km SSW of Ludlow, CA",earthquake,,2.51,,13,reviewed,ci,ci
1999-10-16T13:25:11.890Z,34.5728333,-116.285,4.333,2.8,mh,7,212,,0.13,ci,ci10084594,2016-02-16T13:41:43.328Z,"20km SW of Ludlow, California",earthquake,0.86,31.61,,0,reviewed,ci,ci
1999-10-16T13:25:01.560Z,34.658,-116.292,4.748,3,mh,11,108,0.2744,0.22,ci,ci3325055,2016-04-02T00:14:22.773Z,"14km WSW of Ludlow, CA",earthquake,11.08,31.61,,0,reviewed,ci,ci
1999-10-16T13:24:58.770Z,34.5921667,-116.117,3.407,2.5,mh,5,210,0.2987,0.16,ci,ci10084598,2016-02-17T09:09:28.675Z,"15km SSE of Ludlow, California",earthquake,2.02,31.61,,0,reviewed,ci,ci
1999-10-16T13:23:54.840Z,34.604,-116.283,4.626,3.57,ml,0,175.3,,0.268,ci,ci9108890,2016-04-02T13:41:21.756Z,"17km SW of Ludlow, CA",earthquake,,,,150,reviewed,ci,ci
1999-10-16T13:23:09.780Z,34.34,-116.137,-0.934,3.17,ml,0,117.3,0.1868,0.169,ci,ci3321255,2016-04-02T04:48:36.602Z,"23km NNW of Twentynine Palms, CA",earthquake,,1.472,0.089,5,reviewed,ci,ci
1999-10-16T13:22:10.530Z,34.555,-116.274,-0.071,3.93,ml,0,59.2,,0.171,ci,ci9108924,2016-04-01T21:31:22.623Z,"21km SSW of Ludlow, CA",earthquake,,0.596,,160,reviewed,ci,ci
1999-10-16T13:14:56.470Z,34.475,-116.221,-0.951,3.17,ml,29,68,,0.17,ci,ci9108878,2016-04-01T22:06:12.550Z,"28km SSW of Ludlow, CA",earthquake,0.39,1,0.11,164,reviewed,ci,ci
1999-10-16T13:13:59.030Z,34.555,-116.243,-0.582,3.31,ml,0,96.1,0.276,0.158,ci,ci9108873,2016-04-02T13:39:15.967Z,"20km SSW of Ludlow, CA",earthquake,,1.59,,22,reviewed,ci,ci
1999-10-16T13:09:39.370Z,34.567,-116.277,-1.162,2.5,mh,0,232.7,0.2795,0.115,ci,ci3322135,2016-04-02T17:36:11.641Z,"20km SSW of Ludlow, CA",earthquake,,3.561,,0,reviewed,ci,ci
1999-10-16T13:09:09.010Z,34.433,-116.246,0.438,3.27,ml,0,86.2,,0.131,ci,ci9108861,2016-04-02T07:11:58.758Z,"33km SSW of Ludlow, CA",earthquake,,1.005,,112,reviewed,ci,ci
1999-10-16T13:05:20.550Z,34.6811667,-116.3058333,4.559,3.75,ml,23,63,,0.26,ci,ci9109241,2016-04-02T01:20:34.240Z,"14km WSW of Ludlow, CA",earthquake,0.61,21.45,0.258,113,reviewed,ci,ci
1999-10-16T13:04:32.850Z,34.689,-116.311,0.216,3.42,ml,0,74.8,,0.182,ci,ci9108899,2016-04-02T07:47:24.884Z,"14km WSW of Ludlow, CA",earthquake,,3.152,0.184,89,reviewed,ci,ci
1999-10-16T13:01:08.340Z,34.8,-116.278,4.553,2.5,mh,0,130,,0.196,ci,ci3320957,2016-04-02T01:35:08.505Z,"14km NW of Ludlow, CA",earthquake,,,,0,reviewed,ci,ci
1999-10-16T12:57:21.060Z,34.4415,-116.2525,0.838,5.37,mw,33,64,,0.13,ci,ci3320736,2022-04-29T18:08:20.898Z,"32km SSW of Ludlow, California",earthquake,0.36,0.96,,6,reviewed,ci,ci
1999-10-16T12:55:09.650Z,34.505,-116.26,-1.171,4.42,ml,37,60,,0.19,ci,ci9108881,2017-02-09T15:12:44.594Z,"26km SSW of Ludlow, CA",earthquake,0.28,0.88,0.185,164,reviewed,ci,ci
1999-10-16T12:51:50.950Z,34.368,-116.132,-0.717,3.66,ml,0,100.5,,0.146,ci,ci9108876,2016-04-02T01:21:09.777Z,"26km NNW of Twentynine Palms, CA",earthquake,,0.658,0.162,159,reviewed,ci,ci
1999-10-16T12:38:55.250Z,34.442,-116.218,-0.752,2.76,ml,0,113.1,,0.147,ci,ci9108829,2016-02-16T11:18:02.226Z,"32km S of Ludlow, California",earthquake,,2.663,,36,reviewed,ci,ci
1999-10-16T12:38:04.590Z,34.565,-116.2851667,-0.341,2.8,mh,13,115,,0.14,ci,ci3321293,2016-04-02T11:20:41.651Z,"21km SSW of Ludlow, CA",earthquake,0.44,0.67,0.453,0,reviewed,ci,ci
1999-10-16T12:37:19.650Z,34.5388333,-116.3048333,-1.314,3.74,ml,25,57,,0.16,ci,ci9108864,2016-04-02T01:21:07.936Z,"24km SSW of Ludlow, CA",earthquake,0.41,1.03,0.196,134,reviewed,ci,ci
1999-10-16T12:37:07.660Z,33.27,-115.7095,3.412,2.78,ml,31,57,,0.25,ci,ci9109089,2016-04-02T01:21:14.705Z,"9km SSE of Bombay Beach, CA",earthquake,0.41,0.74,0.211,19,reviewed,ci,ci
1999-10-16T12:20:58.780Z,34.5468333,-116.2815,5.618,2.5,mh,6,162,0.259,0.07,ci,ci9520942,2016-02-15T23:33:33.809Z,"22km SSW of Ludlow, California",earthquake,1.06,11.02,,0,reviewed,ci,ci
1999-10-16T12:20:22.280Z,34.5576667,-116.267,-0.542,3.12,ml,9,95,0.2725,0.09,ci,ci9108815,2016-04-01T18:52:49.150Z,"21km SSW of Ludlow, CA",earthquake,0.94,1.14,0.113,3,reviewed,ci,ci
1999-10-16T12:15:08.670Z,34.6028333,-116.2885,-1.234,3.67,ml,32,45,,0.15,ci,ci9108846,2016-04-02T14:14:10.760Z,"18km SW of Ludlow, CA",earthquake,0.29,0.69,0.206,52,reviewed,ci,ci
1999-10-16T12:14:11.780Z,34.6823333,-116.3628333,0.086,3.56,ml,28,108,,0.15,ci,ci9109053,2016-04-02T14:14:07.781Z,"19km WSW of Ludlow, CA",earthquake,0.35,1.13,0.151,179,reviewed,ci,ci
1999-10-16T12:13:03.640Z,34.624,-116.297,2.099,3.44,ml,0,167.6,,0.145,ci,ci9108794,2016-04-01T21:31:20.836Z,"16km SW of Ludlow, CA",earthquake,,3.707,,11,reviewed,ci,ci
1999-10-16T12:11:43.920Z,34.5916667,-116.2783333,-0.913,2.7,mh,9,113,,0.14,ci,ci9108790,2016-04-02T05:27:34.184Z,"18km SW of Ludlow, CA",earthquake,3.74,7.01,,0,reviewed,ci,ci
1999-10-16T12:05:42.600Z,34.5443333,-116.2543333,5.828,2.5,mh,7,115,0.2629,0.21,ci,ci3321162,2016-02-16T01:56:23.027Z,"22km SSW of Ludlow, California",earthquake,1.08,17.29,,0,reviewed,ci,ci
1999-10-16T12:04:19.320Z,34.609,-116.274,-1.302,2.5,mh,0,172.7,,0.219,ci,ci9108789,2016-04-01T19:42:52.637Z,"16km SW of Ludlow, CA",earthquake,,2.192,,0,reviewed,ci,ci
1999-10-16T12:03:34.960Z,34.6513333,-116.2966667,4.983,3.5,mh,10,71,,0.33,ci,ci9109017,2016-04-02T11:07:45.141Z,"15km WSW of Ludlow, CA",earthquake,0.95,31.61,,0,reviewed,ci,ci
1999-10-16T12:03:18.390Z,34.7218333,-116.2973333,-1.374,4.25,ml,23,55,,0.24,ci,ci9108831,2016-04-01T22:07:09.359Z,"13km W of Ludlow, CA",earthquake,0.45,2.6,0.189,148,reviewed,ci,ci
1999-10-16T11:57:04.020Z,34.5668333,-116.1658333,4.694,2.5,mh,5,165,0.2981,0.52,ci,ci9519818,2016-02-16T18:35:47.934Z,"17km S of Ludlow, California",earthquake,3.64,44.72,,0,reviewed,ci,ci
1999-10-16T11:56:29.620Z,34.6603333,-116.2785,4.425,2.5,mh,6,197,,0.3,ci,ci9519814,2016-02-16T01:56:20.065Z,"13km WSW of Ludlow, California",earthquake,2.35,27.85,,0,reviewed,ci,ci
1999-10-16T11:55:37.570Z,34.444,-116.264,0.178,3.88,ml,0,83.6,,0.157,ci,ci9108771,2016-04-02T15:03:57.698Z,"32km SSW of Ludlow, CA",earthquake,,0.611,,149,reviewed,ci,ci
1999-10-16T11:55:31.670Z,34.564,-116.284,-1.314,3,mh,0,201,,0.168,ci,ci3325053,2016-04-01T21:32:01.613Z,"21km SSW of Ludlow, CA",earthquake,,1.669,,0,reviewed,ci,ci
1999-10-16T11:51:44.720Z,34.4708333,-116.2315,-1.064,3.45,ml,17,82,,0.18,ci,ci9108823,2016-04-02T01:21:05.529Z,"29km SSW of Ludlow, CA",earthquake,1.13,19.54,0.235,36,reviewed,ci,ci
1999-10-16T11:51:19.280Z,34.7025,-116.3108333,4.634,3,mh,12,183,0.265,0.18,ci,ci9108762,2016-04-02T03:30:36.233Z,"14km W of Ludlow, CA",earthquake,0.73,31.61,,0,reviewed,ci,ci
1999-10-16T11:50:40.350Z,34.6781667,-116.3611667,4.484,3.2,mh,14,87,,0.31,ci,ci9108991,2016-04-01T22:06:19.088Z,"19km WSW of Ludlow, CA",earthquake,0.8,28.46,,0,reviewed,ci,ci
1999-10-16T11:49:58.550Z,34.711,-116.304,0.136,3.97,ml,0,61.7,,0.159,ci,ci9108803,2016-04-02T11:54:19.442Z,"13km W of Ludlow, CA",earthquake,,1.719,0.206,157,reviewed,ci,ci
1999-10-16T11:48:50.890Z,34.5981667,-116.2321667,5.098,2.5,mh,8,118,0.247,0.07,ci,ci9520946,2016-02-16T01:56:18.853Z,"15km SSW of Ludlow, California",earthquake,0.87,10.8,,0,reviewed,ci,ci
1999-10-16T11:47:43.910Z,34.681,-116.347,-0.023,3.78,ml,0,175,,0.252,ci,ci9108760,2016-04-02T16:49:46.357Z,"18km WSW of Ludlow, CA",earthquake,,2.617,,82,reviewed,ci,ci
1999-10-16T11:39:51.830Z,34.652,-116.249,4.634,2.84,ml,0,229,0.3096,0.399,ci,ci9108791,2016-02-16T11:17:57.931Z,"11km SW of Ludlow, California",earthquake,,,,10,reviewed,ci,ci
1999-10-16T11:38:50.250Z,34.506,-116.307,4.779,3.89,ml,0,144.3,,0.227,ci,ci9108753,2016-04-02T16:49:44.892Z,"27km SSW of Ludlow, CA",earthquake,,,,149,reviewed,ci,ci
1999-10-16T11:36:38.290Z,34.5118333,-116.2776667,4.947,3,mh,8,123,,0.13,ci,ci9108745,2016-04-02T05:28:17.148Z,"26km SSW of Ludlow, CA",earthquake,1.93,31.61,,0,reviewed,ci,ci
1999-10-16T11:27:53.760Z,34.37,-116.141,0.191,4.2,ml,0,122.2,0.1932,0.231,ci,ci3323814,2017-02-09T15:26:22.779Z,"26km NNW of Twentynine Palms, CA",earthquake,,0.578,0.178,35,reviewed,ci,ci
1999-10-16T11:27:42.150Z,34.8003333,-116.3676667,5.395,3.5,mh,18,62,,0.34,ci,ci3320941,2017-02-09T14:10:19.169Z,"21km WNW of Ludlow, CA",earthquake,0.78,25.55,,0,reviewed,ci,ci
1999-10-16T11:26:52.970Z,34.4643333,-116.2256667,4.798,2.5,mh,6,218,0.2007,0.4,ci,ci10084586,2016-02-17T06:47:12.688Z,"29km SSW of Ludlow, California",earthquake,3.73,31.61,,0,reviewed,ci,ci
1999-10-16T11:26:05.380Z,34.813,-116.341,4.885,4.63,ml,31,62,,0.28,ci,ci9108775,2017-02-09T14:44:24.923Z,"19km WNW of Ludlow, CA",earthquake,6.39,31.61,0.114,218,reviewed,ci,ci
1999-10-16T11:24:33.920Z,34.579,-116.2938333,4.989,3,mh,23,218,,0.16,ci,ci9108736,2016-04-02T11:54:46.238Z,"20km SW of Ludlow, CA",earthquake,0.93,31.61,,0,reviewed,ci,ci
1999-10-16T11:23:39.370Z,33.249,-115.681,0.178,2.7,ml,0,95.8,0.08835,0.228,ci,ci3320733,2016-02-16T06:37:51.710Z,"12km SSE of Bombay Beach, California",earthquake,,2.249,,10,reviewed,ci,ci
1999-10-16T11:21:38.720Z,34.495,-116.253,-1.162,3.87,ml,0,67.7,,0.202,ci,ci9108894,2016-04-02T01:20:35.699Z,"26km SSW of Ludlow, CA",earthquake,,0.753,0.124,20,reviewed,ci,ci
1999-10-16T11:21:13.420Z,34.454,-116.247,-1.162,3,mh,0,134.1,,0.178,ci,ci3321290,2016-04-01T22:19:44.687Z,"31km SSW of Ludlow, CA",earthquake,,2.011,,0,reviewed,ci,ci
1999-10-16T11:20:38.180Z,34.588,-116.29,0.206,3.86,ml,20,92,0.2814,0.16,ci,ci9108765,2016-04-02T11:54:14.991Z,"19km SW of Ludlow, CA",earthquake,7.38,31.61,0.111,153,reviewed,ci,ci
1999-10-16T11:20:17.000Z,34.469,-116.2601667,5.268,3.5,mh,24,118,,0.46,ci,ci10084582,2016-02-17T11:33:22.543Z,"30km SSW of Ludlow, California",earthquake,0.84,31.61,,0,reviewed,ci,ci
1999-10-16T11:14:12.390Z,34.0966667,-116.8563333,5.579,2.98,ml,31,190,,0.2,ci,ci9108704,2016-04-02T11:54:44.885Z,"17km SSE of Big Bear Lake, CA",earthquake,0.69,11.51,0.21,156,reviewed,ci,ci
1999-10-16T11:11:44.530Z,34.7001648,-116.3866653,-1.162,3.36,ml,0,245,,0.27,ci,ci9574952,2016-04-02T04:00:05.510Z,"21km W of Ludlow, CA",earthquake,2.37,1.54,0.1,100,automatic,ci,ci
1999-10-16T11:11:23.940Z,33.1986656,-115.8831635,7.056,2.81,ml,0,332,0.2253,0.24,ci,ci9574944,2016-02-16T01:56:16.424Z,"13km SSE of Salton City, California",earthquake,21.42,19.3,0.1,100,automatic,ci,ci
1999-10-16T11:10:17.350Z,34.6461678,-116.3311691,4.081,3.59,ml,0,120,,0.25,ci,ci9574948,2017-02-09T02:44:55.953Z,"18km WSW of Ludlow, CA",earthquake,0.59,24.5,0.1,100,automatic,ci,ci
1999-10-16T11:08:54.440Z,34.4651667,-116.2421667,-0.122,2.5,mh,6,126,0.1945,0.06,ci,ci3320794,2016-02-16T21:04:22.874Z,"29km SSW of Ludlow, California",earthquake,0.74,1,,0,reviewed,ci,ci
1999-10-16T11:07:23.300Z,34.603,-116.294,-1.203,3.82,ml,0,82.7,,0.253,ci,ci9108859,2016-04-02T07:47:59.129Z,"18km SW of Ludlow, CA",earthquake,,4.912,0.048,21,reviewed,ci,ci
1999-10-16T11:06:38.380Z,34.583,-116.282,-1.103,4.33,ml,0,57.6,,0.192,ci,ci9108750,2017-02-09T15:21:42.092Z,"19km SW of Ludlow, CA",earthquake,,1.535,0.202,136,reviewed,ci,ci
1999-10-16T11:06:14.890Z,34.5885,-116.2836667,5.473,3,mh,18,71,,0.56,ci,ci10084578,2016-02-17T09:09:21.457Z,"19km SW of Ludlow, California",earthquake,1.27,31.61,,0,reviewed,ci,ci
1999-10-16T11:05:27.180Z,34.4736667,-116.3,5.707,3,mh,13,214,,0.22,ci,ci9108743,2016-04-02T15:04:30.847Z,"30km SSW of Ludlow, CA",earthquake,1.04,17.44,,0,reviewed,ci,ci
1999-10-16T11:04:32.680Z,34.432,-116.205,4.707,3.88,ml,0,131.4,,0.249,ci,ci9108687,2016-04-01T19:43:26.202Z,"32km S of Ludlow, CA",earthquake,,,0.148,138,reviewed,ci,ci
1999-10-16T10:59:46.680Z,34.6075,-116.7435,4.51,3.14,ml,13,107,0.1047,0.48,ci,ci9574924,2016-04-02T04:02:14.489Z,"27km NE of Lucerne Valley, CA",earthquake,2.74,41.9,0.139,17,reviewed,ci,ci
1999-10-16T10:56:56.210Z,34.702,-116.3046667,4.314,3.66,ml,19,59,,0.24,ci,ci9574916,2017-02-09T02:35:57.188Z,"13km W of Ludlow, CA",earthquake,0.55,23.81,0.145,16,reviewed,ci,ci
1999-10-16T10:54:12.220Z,34.5205,-116.2565,4.268,3.77,ml,22,98,,0.21,ci,ci9574908,2017-02-09T02:32:56.687Z,"24km SSW of Ludlow, CA",earthquake,0.66,21.21,0.172,25,reviewed,ci,ci
1999-10-16T10:49:50.700Z,33.2641667,-115.6721667,6.051,3.96,ml,34,40,,0.27,ci,ci9108673,2016-04-01T22:58:00.747Z,"11km SSE of Bombay Beach, CA",earthquake,0.66,31.61,0.291,40,reviewed,ci,ci
1999-10-16T10:35:58.920Z,34.2028333,-116.3801667,4.986,3.75,ml,10,252,0.5601,0.25,ci,ci9574888,2017-02-09T02:29:53.995Z,"10km NW of Joshua Tree, CA",earthquake,3.49,31.61,0.166,52,reviewed,ci,ci
1999-10-16T10:33:47.090Z,34.6161667,-116.3293333,6.303,4.08,ml,13,70,,0.37,ci,ci9574884,2017-02-09T02:31:40.129Z,"19km SW of Ludlow, CA",earthquake,0.66,32,0.22,21,reviewed,ci,ci
1999-10-16T10:32:24.750Z,34.3688333,-116.7536667,6.226,3.52,ml,24,94,0.421,0.53,ci,ci9574880,2017-02-09T02:23:52.963Z,"15km NE of Big Bear City, CA",earthquake,2.34,37.11,0.202,13,reviewed,ci,ci
1999-10-16T10:31:15.790Z,34.6475,-116.3258333,4.43,4.04,ml,16,56,,0.5,ci,ci9574876,2017-02-09T02:26:55.622Z,"17km WSW of Ludlow, CA",earthquake,1.9,43.32,0.236,31,reviewed,ci,ci
1999-10-16T10:29:41.560Z,34.5265,-116.3755,8.84,4.28,ml,9,203,0.2364,0.13,ci,ci37366733,2016-04-02T14:10:52.331Z,"29km SW of Ludlow, CA",earthquake,0.73,31.61,0.034,1,reviewed,ci,ci
1999-10-16T10:27:10.360Z,34.2045,-116.585,5.981,3.38,ml,14,74,,0.33,ci,ci9574864,2016-04-02T16:50:57.175Z,"17km NW of Yucca Valley, CA",earthquake,2.57,28.18,0.117,6,reviewed,ci,ci
1999-10-16T10:25:55.250Z,34.1873333,-116.5545,6.125,3.93,ml,19,119,0.3926,0.43,ci,ci9574868,2017-02-09T02:17:56.905Z,"14km NW of Yucca Valley, CA",earthquake,3.15,36.06,0.281,18,reviewed,ci,ci
1999-10-16T10:23:46.540Z,34.7365,-116.2328333,6.172,3.96,ml,6,154,,0.04,ci,ci9574856,2017-02-09T02:22:02.929Z,"7km WNW of Ludlow, CA",earthquake,1.74,12.9,0.266,20,reviewed,ci,ci
1999-10-16T10:22:47.640Z,33.8426667,-115.9748333,9.843,2.5,mh,22,136,0.1858,0.26,ci,ci9108728,2016-04-02T15:04:29.591Z,"26km NE of Coachella, CA",earthquake,6.43,31.61,,0,reviewed,ci,ci
1999-10-16T10:21:20.970Z,34.54,-116.266,-0.514,4.5,mh,0,60.2,0.2953,0.242,ci,ci3321286,2017-02-09T14:29:30.985Z,"22km SSW of Ludlow, CA",earthquake,,2.091,0.161,0,reviewed,ci,ci
1999-10-16T10:20:52.660Z,34.362,-116.148,-1.009,4.76,ml,0,67.6,,0.173,ci,ci9108709,2017-02-09T14:34:52.888Z,"26km NNW of Twentynine Palms, CA",earthquake,,0.799,0.181,142,reviewed,ci,ci
1999-10-16T10:18:47.900Z,34.6423333,-116.299,5.72,4.01,ml,11,70,,0.54,ci,ci9108649,2016-04-02T18:12:27.043Z,"15km SW of Ludlow, CA",earthquake,1.3,34.8,0.182,61,reviewed,ci,ci
1999-10-16T10:14:35.350Z,33.8901667,-116.9215,8.297,3.33,ml,5,138,0.2476,0.3,ci,ci9574832,2017-02-09T02:05:56.060Z,"6km SW of Banning, CA",earthquake,2.83,23.07,0.204,5,reviewed,ci,ci
1999-10-16T10:12:47.110Z,34.548,-116.295,-0.742,2.5,mh,0,143.5,0.2881,0.308,ci,ci9108648,2016-02-16T08:56:30.333Z,"23km SSW of Ludlow, California",earthquake,,4.447,,0,reviewed,ci,ci
1999-10-16T10:12:19.720Z,34.5036667,-116.2348333,-0.212,4.03,ml,10,79,0.2314,0.18,ci,ci9108647,2016-04-02T15:04:26.899Z,"25km SSW of Ludlow, CA",earthquake,1.12,1.33,0.265,77,reviewed,ci,ci
1999-10-16T10:11:38.740Z,34.695,-116.391,1.577,3,mh,0,138.8,,0.175,ci,ci3320898,2016-04-02T14:26:25.415Z,"21km W of Ludlow, CA",earthquake,,1.261,,0,reviewed,ci,ci
1999-10-16T10:10:48.900Z,34.6388333,-116.2865,-1.1,4.36,ml,11,108,,0.07,ci,ci9108699,2017-02-09T15:08:09.956Z,"15km SW of Ludlow, CA",earthquake,0.33,1.45,0.165,54,reviewed,ci,ci
1999-10-16T10:10:33.840Z,34.594,-116.278,4.9,3,mh,13,145,,0.28,ci,ci9108780,2016-04-02T11:54:17.708Z,"18km SW of Ludlow, CA",earthquake,20.64,31.61,,0,reviewed,ci,ci
1999-10-16T10:09:54.620Z,34.671,-116.292,0.72,3.99,ml,0,75.4,,0.3,ci,ci3320876,2017-02-07T19:15:32.073Z,"13km WSW of Ludlow, CA",earthquake,,3.391,,40,reviewed,ci,ci
1999-10-16T10:08:04.370Z,34.706,-116.341,0.54,4.74,ml,0,64.4,0.2416,0.2,ci,ci9108676,2017-02-09T14:39:50.813Z,"17km W of Ludlow, CA",earthquake,,1.573,0.176,89,reviewed,ci,ci
1999-10-16T10:07:29.690Z,34.803,-116.3203333,-1.115,4.46,ml,14,95,,0.3,ci,ci9108646,2017-02-09T15:03:15.263Z,"17km WNW of Ludlow, CA",earthquake,0.73,3.04,0.21,159,reviewed,ci,ci
1999-10-16T10:07:19.390Z,33.199,-115.64,0.089,2.51,mc,0,139.5,0.09205,0.201,ci,ci3327081,2016-02-17T11:33:16.064Z,"12km WSW of Niland, California",earthquake,,3.044,,22,reviewed,ci,ci
1999-10-16T10:06:54.560Z,34.353,-116.15,4.828,3.03,ml,0,214.6,0.1802,0.236,ci,ci3327074,2016-04-02T19:51:59.937Z,"25km NNW of Twentynine Palms, CA",earthquake,,,,10,reviewed,ci,ci
1999-10-16T10:04:54.100Z,34.6235,-116.2948333,4.787,4.11,ml,17,82,0.2725,0.17,ci,ci3320857,2017-02-07T19:11:08.789Z,"16km SW of Ludlow, CA",earthquake,0.41,16.46,,121,reviewed,ci,ci
1999-10-16T10:02:39.820Z,34.584,-116.262,-1.203,4.48,ml,0,187.9,,0.233,ci,ci3320849,2017-02-07T19:01:41.900Z,"18km SSW of Ludlow, CA",earthquake,,1.548,,124,reviewed,ci,ci
1999-10-16T09:59:38.000Z,34.24,-117.04,6,5.6,mb,,,,,ci,ci10180015,2020-07-09T21:09:47.651Z,"7km ENE of Running Springs, CA",earthquake,,,,0,reviewed,ci,ci
1999-10-16T09:59:35.390Z,34.6781667,-116.2895,13.906,5.77,ml,60,76,,0.35,ci,ci3320848,2020-07-09T21:30:41.719Z,"13km WSW of Ludlow, CA",earthquake,0.56,1.72,,270,reviewed,ci,ci
1999-10-16T09:58:02.400Z,34.53,-116.26,4.787,3,mh,0,203.1,0.2479,0.22,ci,ci3327080,2016-04-02T17:35:56.471Z,"23km SSW of Ludlow, CA",earthquake,,,,0,reviewed,ci,ci
1999-10-16T09:56:30.320Z,33.286,-115.647,2.558,4.47,ml,0,62.6,0.05615,0.258,ci,ci3327072,2017-02-09T14:58:38.954Z,"11km SE of Bombay Beach, CA",earthquake,,0.684,,25,reviewed,ci,ci
1999-10-16T09:55:45.970Z,34.536,-116.311,4.622,4.02,ml,0,224,0.28,0.253,ci,ci3327071,2016-04-02T19:49:33.014Z,"25km SW of Ludlow, CA",earthquake,,,,18,reviewed,ci,ci
1999-10-16T09:55:39.260Z,34.499,-116.332,4.818,2.5,mh,0,213.9,0.2812,0.132,ci,ci3327078,2016-02-16T21:04:19.772Z,"29km SSW of Ludlow, California",earthquake,,,,0,reviewed,ci,ci
1999-10-16T09:54:54.930Z,34.617,-116.289,1.527,4.25,ml,0,209.2,,0.255,ci,ci3327070,2016-04-02T16:50:35.808Z,"16km SW of Ludlow, CA",earthquake,,9.029,,14,reviewed,ci,ci
1999-10-16T09:52:53.970Z,34.502,-116.203,4.897,4.98,ml,0,211.1,0.3468,0.292,ci,ci3320847,2017-02-07T18:51:59.777Z,"25km S of Ludlow, CA",earthquake,,,,22,reviewed,ci,ci
1999-10-16T09:52:15.800Z,34.609,-116.286,4.57,4.15,ml,0,181.5,0.2245,0.378,ci,ci3327069,2016-04-02T10:32:12.981Z,"17km SW of Ludlow, CA",earthquake,,,,17,reviewed,ci,ci
1999-10-16T09:51:48.330Z,34.4451667,-116.2636667,-0.849,4.77,ml,24,69,,0.1,ci,ci3320846,2017-02-07T18:56:46.937Z,"32km SSW of Ludlow, CA",earthquake,0.4,1.16,0.44,29,reviewed,ci,ci
1999-10-16T09:50:49.150Z,34.221,-116.366,5.175,3,mh,0,185.1,0.1545,0.258,ci,ci3327068,2016-04-01T22:19:18.711Z,"11km NNW of Joshua Tree, CA",earthquake,,,,0,reviewed,ci,ci
1999-10-16T09:47:43.760Z,33.232,-115.66,6.035,4.7,mh,0,131.6,,0.319,ci,ci3327063,2016-02-16T01:56:08.053Z,"13km W of Niland, California",earthquake,,,,0,reviewed,ci,ci
1999-10-16T09:46:44.460Z,34.6033333,-116.265,13.73,7.1,mw,73,57,,0.31,ci,ci9108652,2025-12-20T19:35:45.889Z,"The 1999 Hector Mine, California Earthquake",earthquake,0.35,31.61,,0,reviewed,ci,ci
