time,latitude,longitude,depth,mag,magType,nst,gap,dmin,rms,net,id,updated,place,type,horizontalError,depthError,magError,magNst,status,locationSource,magSource
1992-09-26T08:41:11.060Z,34.647,-116.342,-1.146,2.77,mc,0,75.6,,0.167,ci,ci3066730,2016-02-10T19:22:17.071Z,"19km WSW of Ludlow, California",earthquake,,2.14,,77,reviewed,ci,ci
1992-09-25T21:22:10.200Z,33.283,-116.238,7.557,2.79,mc,0,44.6,0.1005,0.206,ci,ci3066623,2016-02-10T05:12:34.185Z,"13km ENE of Borrego Springs, California",earthquake,,1.714,,45,reviewed,ci,ci
1992-09-25T19:11:49.310Z,34.34,-116.464,0.266,2.58,mc,0,60.3,,0.156,ci,ci3066604,2016-02-10T05:12:32.896Z,"25km N of Yucca Valley, California",earthquake,,0.473,,66,reviewed,ci,ci
1992-09-25T14:40:52.870Z,34.274,-116.696,5.243,2.54,mc,0,38.8,,0.146,ci,ci3066561,2016-02-10T12:17:46.856Z,"14km E of Big Bear City, California",earthquake,,3.369,,65,reviewed,ci,ci
1992-09-24T22:34:49.720Z,34.336,-116.671,-1.506,2.54,mc,0,54.5,,0.153,ci,ci3066441,2016-02-10T01:36:16.165Z,"18km ENE of Big Bear City, California",earthquake,,0.487,,54,reviewed,ci,ci
1992-09-24T21:44:26.800Z,34.338,-116.674,-1.516,3.22,ml,0,41,,0.182,ci,ci3066432,2016-02-10T15:45:02.276Z,"18km ENE of Big Bear City, California",earthquake,,0.28,,35,reviewed,ci,ci
1992-09-24T17:15:44.880Z,34.599,-116.014,4.909,2.5,mc,0,89.2,0.3932,0.211,ci,ci3066389,2016-02-10T15:44:58.263Z,"19km SE of Ludlow, California",earthquake,,,,36,reviewed,ci,ci
1992-09-24T08:42:45.620Z,34.106,-116.989,3.033,2.73,ml,0,29.4,,0.169,ci,ci3066314,2016-02-10T01:36:05.829Z,"10km NNE of Yucaipa, California",earthquake,,0.171,,3,reviewed,ci,ci
1992-09-24T06:06:39.460Z,34.639,-116.607,3.718,2.53,mc,0,75,,0.204,ci,ci3066286,2016-02-10T08:47:10.937Z,"40km ENE of Lucerne Valley, California",earthquake,,0.156,,61,reviewed,ci,ci
1992-09-24T05:07:31.740Z,34.179,-116.843,1.9,2.53,mc,0,48.6,,0.164,ci,ci3066263,2016-02-10T01:35:57.754Z,"9km S of Big Bear City, California",earthquake,,0.121,,64,reviewed,ci,ci
1992-09-23T21:36:45.920Z,34.146,-116.903,0.683,2.87,ml,0,23.8,,0.164,ci,ci3066179,2016-02-10T23:01:10.448Z,"11km S of Big Bear Lake, California",earthquake,,0.176,,22,reviewed,ci,ci
1992-09-23T20:20:20.690Z,35.102,-116.723,-0.42,2.68,mc,0,117.4,,0.218,ci,ci3066166,2016-02-10T05:11:24.918Z,"18km S of Fort Irwin, California",earthquake,,1.207,,68,reviewed,ci,ci
1992-09-23T20:05:07.270Z,35.095,-116.722,-0.41,2.82,ml,0,116.4,,0.162,ci,ci3066164,2016-02-10T15:44:31.837Z,"19km S of Fort Irwin, California",earthquake,,0.876,,18,reviewed,ci,ci
1992-09-23T19:18:38.500Z,35.085,-116.816,0.335,2.55,mc,0,92.2,,0.227,ci,ci3066153,2016-02-10T01:35:45.197Z,"23km SSW of Fort Irwin, California",earthquake,,0.933,,65,reviewed,ci,ci
1992-09-23T17:56:06.810Z,35.01,-116.959,2.748,3.23,ml,0,61.9,,0.239,ci,ci3066136,2016-02-10T12:16:54.817Z,"14km NNE of Barstow, California",earthquake,,0.497,,35,reviewed,ci,ci
1992-09-23T10:09:28.500Z,34.592,-116.616,3.34,2.64,mc,0,60.4,,0.177,ci,ci3066044,2016-02-10T08:46:39.483Z,"36km ENE of Lucerne Valley, California",earthquake,,0.26,,76,reviewed,ci,ci
1992-09-23T01:12:05.060Z,34.261,-116.402,2.12,2.57,mc,0,46.2,,0.156,ci,ci3065945,2016-02-10T05:10:59.486Z,"16km NNW of Joshua Tree, California",earthquake,,0.326,,56,reviewed,ci,ci
1992-09-22T20:43:53.680Z,34.208,-116.436,-0.763,2.67,ml,0,42.8,,0.175,ci,ci3065916,2016-02-10T19:20:32.293Z,"10km N of Yucca Valley, California",earthquake,,0.426,,5,reviewed,ci,ci
1992-09-22T18:52:33.340Z,35.113,-116.724,6.114,4.06,ml,0,124.6,,0.209,ci,ci3065895,2016-02-10T15:43:55.667Z,"17km SSW of Fort Irwin, California",earthquake,,1.789,,41,reviewed,ci,ci
1992-09-22T13:21:51.420Z,34.139,-116.598,-0.161,3,ml,0,34,,0.144,ci,ci3065839,2016-02-10T23:00:30.276Z,"10km N of Morongo Valley, California",earthquake,,0.269,,29,reviewed,ci,ci
1992-09-22T12:21:36.840Z,33.99,-116.295,0.535,2.91,ml,0,30.6,,0.181,ci,ci3065834,2016-02-10T23:00:26.862Z,"16km S of Joshua Tree, California",earthquake,,0.256,,5,reviewed,ci,ci
1992-09-22T07:01:51.490Z,34.413,-116.505,-0.174,2.88,mc,0,45.5,,0.115,ci,ci3065780,2016-02-10T05:10:33.502Z,"34km NNW of Yucca Valley, California",earthquake,,0.457,,87,reviewed,ci,ci
1992-09-22T01:43:10.320Z,34.554,-116.529,2.917,3,ml,0,45.1,,0.143,ci,ci3065738,2016-02-10T19:20:00.005Z,"38km WSW of Ludlow, California",earthquake,,0.677,,31,reviewed,ci,ci
1992-09-21T20:06:35.700Z,34.065,-116.357,6.947,2.84,mc,0,38.6,,0.173,ci,ci3065962,2016-02-10T05:10:19.147Z,"9km SSW of Joshua Tree, California",earthquake,,2.386,,72,reviewed,ci,ci
1992-09-21T13:09:06.790Z,34.635,-116.517,7.52,2.76,mc,0,44.8,,0.111,ci,ci3065518,2016-02-10T19:19:44.992Z,"34km WSW of Ludlow, California",earthquake,,1.158,,85,reviewed,ci,ci
1992-09-21T12:40:55.050Z,33.018,-117.764,5.622,3.62,ml,0,200,,0.321,ci,ci3065582,2016-02-10T15:43:21.501Z,"42km WSW of Carlsbad, California",earthquake,,,,30,reviewed,ci,ci
1992-09-21T00:30:14.320Z,34.94,-116.896,-0.912,2.76,mc,0,64.4,,0.193,ci,ci3065318,2016-02-10T01:34:29.996Z,"12km ENE of Barstow, California",earthquake,,0.783,,79,reviewed,ci,ci
1992-09-20T22:05:18.060Z,34.932,-116.917,-1.058,2.53,mc,0,61.7,,0.179,ci,ci3065276,2016-02-10T12:15:35.255Z,"10km ENE of Barstow, California",earthquake,,0.68,,61,reviewed,ci,ci
1992-09-20T20:45:15.780Z,33.807,-118.587,3.378,2.65,ml,0,72.5,,0.266,ci,ci3065259,2016-02-10T08:45:02.549Z,"18km W of Palos Verdes Estates, California",earthquake,,1.183,,5,reviewed,ci,ci
1992-09-20T14:19:33.370Z,33.91,-116.769,17.433,3.47,ml,0,23.9,,0.151,ci,ci3065257,2016-02-10T22:59:45.740Z,"2km ESE of Cabazon, California",earthquake,,0.366,,5,reviewed,ci,ci
1992-09-20T10:07:43.940Z,34.929,-116.768,0.018,2.86,ml,0,75.4,,0.149,ci,ci3065138,2016-02-10T01:34:08.899Z,"24km E of Barstow, California",earthquake,,0.822,,27,reviewed,ci,ci
1992-09-20T06:21:47.520Z,34.452,-116.5,-1.156,2.69,mc,0,57.7,,0.123,ci,ci3065085,2016-02-10T15:42:30.620Z,"38km N of Yucca Valley, California",earthquake,,0.504,,78,reviewed,ci,ci
1992-09-20T06:02:49.520Z,35.026,-116.962,4.338,2.71,mc,0,62.1,,0.224,ci,ci3065080,2016-02-09T21:55:01.054Z,"15km NNE of Barstow, California",earthquake,,0.222,,83,reviewed,ci,ci
1992-09-20T04:20:19.990Z,34.427,-116.457,0.136,2.67,mc,0,48.1,,0.106,ci,ci3065602,2016-02-10T19:19:06.911Z,"35km N of Yucca Valley, California",earthquake,,0.475,,78,reviewed,ci,ci
1992-09-19T23:06:43.220Z,34.596,-116.617,6.607,2.51,mc,0,41.1,,0.179,ci,ci3065284,2016-02-10T12:15:13.822Z,"36km ENE of Lucerne Valley, California",earthquake,,1.731,,14,reviewed,ci,ci
1992-09-19T23:05:32.780Z,34.964,-116.957,5.988,2.98,ml,0,59.9,,0.146,ci,ci3064987,2016-02-10T22:59:16.215Z,"9km NE of Barstow, California",earthquake,,1.295,,6,reviewed,ci,ci
1992-09-19T22:34:22.050Z,34.623,-116.674,2.395,2.54,mc,0,41.3,,0.183,ci,ci3064972,2016-02-09T21:54:54.624Z,"34km NE of Lucerne Valley, California",earthquake,,0.441,,72,reviewed,ci,ci
1992-09-19T20:25:58.540Z,34.172,-116.432,4.497,2.59,mc,0,41.4,,0.153,ci,ci3064940,2016-02-09T21:54:47.711Z,"6km N of Yucca Valley, California",earthquake,,10.328,,65,reviewed,ci,ci
1992-09-19T15:49:56.590Z,34.386,-116.454,0.976,2.89,mc,0,70.6,,0.132,ci,ci3064908,2016-02-09T21:54:40.905Z,"30km N of Yucca Valley, California",earthquake,,0.387,,78,reviewed,ci,ci
1992-09-19T15:49:32.670Z,34.387,-116.455,0.336,2.68,mc,0,47.5,,0.109,ci,ci3064876,2016-02-10T05:09:08.559Z,"30km N of Yucca Valley, California",earthquake,,0.546,,80,reviewed,ci,ci
1992-09-19T09:36:29.970Z,34.293,-116.434,-0.883,2.57,mc,0,44.5,,0.19,ci,ci3064793,2016-02-10T22:59:01.286Z,"20km N of Yucca Valley, California",earthquake,,0.634,,70,reviewed,ci,ci
1992-09-19T08:29:12.480Z,34.614,-116.632,3.63,2.8,mc,0,40.5,,0.222,ci,ci3064957,2016-02-10T19:18:37.474Z,"36km ENE of Lucerne Valley, California",earthquake,,0.225,,79,reviewed,ci,ci
1992-09-19T06:32:38.540Z,35.009,-116.961,-0.912,2.53,mc,0,61.3,,0.262,ci,ci3064769,2016-02-09T21:54:23.853Z,"14km NNE of Barstow, California",earthquake,,0.605,,73,reviewed,ci,ci
1992-09-18T23:09:33.620Z,35.839,-117.666,7.529,3.16,ml,0,136.5,,0.17,ci,ci3064659,2016-02-10T01:33:24.057Z,"24km ESE of Little Lake, California",earthquake,,0.638,,18,reviewed,ci,ci
1992-09-18T19:13:12.190Z,34.929,-116.913,-1.058,2.83,mc,0,62,,0.166,ci,ci3064593,2016-02-10T08:44:02.585Z,"11km ENE of Barstow, California",earthquake,,0.735,,82,reviewed,ci,ci
1992-09-18T18:10:29.460Z,34.931,-116.912,-1.058,2.68,mc,0,62.3,,0.216,ci,ci3064567,2016-02-10T08:43:59.830Z,"11km ENE of Barstow, California",earthquake,,0.714,,67,reviewed,ci,ci
1992-09-18T16:59:51.790Z,34.556,-116.551,2.264,3.82,ml,0,44.1,,0.216,ci,ci3064606,2016-02-10T15:41:48.669Z,"40km ENE of Lucerne Valley, California",earthquake,,0.691,,6,reviewed,ci,ci
1992-09-18T14:31:39.370Z,34.058,-116.387,-0.617,2.66,mc,0,34.5,,0.194,ci,ci3064509,2016-02-10T08:43:55.737Z,"8km SSE of Yucca Valley, California",earthquake,,0.367,,72,reviewed,ci,ci
1992-09-18T12:54:33.850Z,34.057,-116.376,5.407,3.73,ml,0,36.2,,0.197,ci,ci3064608,2016-02-10T05:08:36.631Z,"8km SE of Yucca Valley, California",earthquake,,3.893,,4,reviewed,ci,ci
1992-09-18T12:53:35.510Z,34.052,-116.384,0.373,3.83,ml,0,34.8,,0.178,ci,ci3064607,2016-02-10T01:33:13.737Z,"8km SSE of Yucca Valley, California",earthquake,,0.213,,4,reviewed,ci,ci
1992-09-18T12:51:54.320Z,34.051,-116.384,0.383,3.91,ml,0,34.9,,0.183,ci,ci3064484,2016-02-10T19:18:07.256Z,"8km SSE of Yucca Valley, California",earthquake,,0.244,,29,reviewed,ci,ci
1992-09-18T10:52:58.930Z,34.053,-116.387,0.233,3.35,ml,0,34.4,,0.177,ci,ci3064456,2016-02-10T12:14:30.770Z,"8km SSE of Yucca Valley, California",earthquake,,0.239,,35,reviewed,ci,ci
1992-09-18T05:40:46.720Z,34.062,-116.374,-0.033,2.5,mc,0,36.7,,0.213,ci,ci3064388,2016-02-10T15:41:30.994Z,"8km SE of Yucca Valley, California",earthquake,,0.267,,64,reviewed,ci,ci
1992-09-17T23:43:02.670Z,34.263,-116.387,5.68,2.63,mc,0,47.1,,0.15,ci,ci3064265,2016-02-10T22:58:24.593Z,"16km NNW of Joshua Tree, California",earthquake,,0.958,,69,reviewed,ci,ci
1992-09-17T13:36:30.050Z,34.055,-116.387,9.249,2.5,mc,0,51.7,,0.148,ci,ci3064256,2016-02-10T05:08:06.995Z,"8km SSE of Yucca Valley, California",earthquake,,2.366,,52,reviewed,ci,ci
1992-09-17T13:16:13.830Z,34.47,-116.505,1.217,2.59,mc,0,46.1,,0.128,ci,ci3064048,2016-02-10T01:32:47.504Z,"39km NE of Big Bear City, California",earthquake,,0.541,,74,reviewed,ci,ci
1992-09-17T12:46:12.120Z,34.447,-116.493,6.377,2.58,mc,0,69,,0.103,ci,ci3064043,2016-02-10T08:43:18.188Z,"37km N of Yucca Valley, California",earthquake,,4.488,,76,reviewed,ci,ci
1992-09-17T11:22:32.920Z,34.413,-116.46,8.196,3.76,ml,0,47.7,,0.117,ci,ci3064031,2016-02-10T12:13:57.871Z,"33km N of Yucca Valley, California",earthquake,,1.303,,36,reviewed,ci,ci
1992-09-17T03:04:32.750Z,34.526,-116.54,-1.213,2.55,mc,0,47.5,,0.157,ci,ci3063885,2016-02-10T01:32:32.068Z,"40km ENE of Lucerne Valley, California",earthquake,,0.614,,71,reviewed,ci,ci
1992-09-16T20:42:43.390Z,34.621,-116.663,4.517,2.66,mc,0,41,,0.147,ci,ci3063755,2016-02-10T01:32:24.126Z,"34km NE of Lucerne Valley, California",earthquake,,13.976,,72,reviewed,ci,ci
1992-09-16T19:36:55.040Z,34.065,-116.367,3.387,2.51,ml,0,37.9,,0.169,ci,ci3063726,2016-02-10T19:17:16.881Z,"8km SE of Yucca Valley, California",earthquake,,0.255,,20,reviewed,ci,ci
1992-09-16T17:22:46.360Z,34.012,-116.352,-0.219,2.64,mc,0,42.8,0.07867,0.182,ci,ci3063691,2016-02-10T12:13:28.278Z,"14km SSE of Yucca Valley, California",earthquake,,0.656,,59,reviewed,ci,ci
1992-09-16T14:37:06.460Z,34.31,-116.447,0.3,2.87,mc,0,46,,0.152,ci,ci3063268,2016-02-10T12:13:24.512Z,"22km N of Yucca Valley, California",earthquake,,0.264,,79,reviewed,ci,ci
1992-09-16T14:31:03.870Z,34.273,-116.476,5.55,3.18,ml,0,41.7,,0.13,ci,ci3063266,2016-02-10T22:57:58.590Z,"18km NNW of Yucca Valley, California",earthquake,,2.652,,31,reviewed,ci,ci
1992-09-16T12:28:30.230Z,34.057,-116.386,3.553,2.65,mc,0,52.2,0.1195,0.218,ci,ci3063284,2016-02-10T22:57:55.966Z,"8km SE of Yucca Valley, California",earthquake,,0.854,,10,reviewed,ci,ci
1992-09-16T12:27:22.020Z,34.054,-116.387,-0.097,3.72,ml,0,34.3,,0.19,ci,ci3063225,2020-07-09T21:19:51.528Z,"8km SSE of Yucca Valley, California",earthquake,,0.263,,36,reviewed,ci,ci
1992-09-16T11:52:21.220Z,34.057,-116.389,0.253,2.59,mc,0,34.2,,0.178,ci,ci3063207,2016-02-10T12:13:21.890Z,"8km SSE of Yucca Valley, California",earthquake,,0.258,,71,reviewed,ci,ci
1992-09-16T08:37:31.810Z,34.074,-116.357,2.677,2.5,mc,0,58.1,,0.199,ci,ci3063128,2016-02-10T19:16:43.196Z,"8km SSW of Joshua Tree, California",earthquake,,0.195,,59,reviewed,ci,ci
1992-09-16T05:53:34.250Z,34.059,-116.387,2.513,2.57,mc,0,34.4,,0.172,ci,ci3063055,2016-02-10T05:07:21.780Z,"7km SE of Yucca Valley, California",earthquake,,0.214,,64,reviewed,ci,ci
1992-09-16T05:21:29.680Z,33.858,-118.629,5.832,2.62,mc,0,74.4,,0.342,ci,ci3063919,2016-02-10T19:16:35.611Z,"20km S of Las Flores, California",earthquake,,,,64,reviewed,ci,ci
1992-09-15T23:25:37.290Z,35.151,-116.864,0.748,2.89,mc,0,90.5,,0.176,ci,ci3062915,2016-02-09T21:52:26.759Z,"20km SW of Fort Irwin, California",earthquake,,1.083,,79,reviewed,ci,ci
1992-09-15T21:56:34.280Z,34.068,-116.376,-0.523,2.85,ml,0,36.4,,0.165,ci,ci3062884,2016-02-10T15:40:05.774Z,"7km SE of Yucca Valley, California",earthquake,,0.266,,23,reviewed,ci,ci
1992-09-15T18:17:02.490Z,34.137,-116.728,10.402,2.5,mc,0,29.7,,0.144,ci,ci3062795,2016-02-10T05:07:03.517Z,"17km NW of Morongo Valley, California",earthquake,,0.401,,64,reviewed,ci,ci
1992-09-15T17:04:38.480Z,34.054,-116.39,-0.107,2.5,mc,0,33.9,,0.171,ci,ci3062765,2016-02-09T21:52:09.103Z,"8km SSE of Yucca Valley, California",earthquake,,0.31,,58,reviewed,ci,ci
1992-09-15T15:19:48.670Z,34.013,-116.324,7.118,2.65,mc,0,126.5,,0.137,ci,ci3062732,2016-02-10T19:16:09.957Z,"14km S of Joshua Tree, California",earthquake,,1.264,,62,reviewed,ci,ci
1992-09-15T14:39:58.140Z,34.965,-116.874,2.418,2.62,mc,0,75.9,,0.176,ci,ci3062724,2016-02-10T08:42:28.268Z,"15km ENE of Barstow, California",earthquake,,0.889,,70,reviewed,ci,ci
1992-09-15T14:38:20.620Z,34.063,-116.364,4.457,2.66,mc,0,54.9,,0.182,ci,ci3062723,2016-02-10T08:42:26.933Z,"8km SE of Yucca Valley, California",earthquake,,0.114,,70,reviewed,ci,ci
1992-09-15T12:14:23.590Z,34.066,-116.361,-0.673,2.56,mc,0,38.5,,0.19,ci,ci3062653,2016-02-10T08:42:16.212Z,"8km SE of Yucca Valley, California",earthquake,,0.295,,67,reviewed,ci,ci
1992-09-15T11:42:50.750Z,34.331,-116.853,-0.599,2.59,mc,0,29.9,,0.167,ci,ci3062642,2016-02-10T22:57:08.751Z,"8km N of Big Bear City, California",earthquake,,0.337,,78,reviewed,ci,ci
1992-09-15T10:08:03.670Z,34.166,-116.418,0.697,2.75,mc,0,41.5,,0.132,ci,ci3062605,2016-02-10T19:15:53.043Z,"6km NNE of Yucca Valley, California",earthquake,,0.346,,65,reviewed,ci,ci
1992-09-15T09:44:50.400Z,34.055,-116.387,-0.167,3.02,mc,0,51.7,,0.203,ci,ci3062589,2016-02-10T22:57:03.252Z,"8km SSE of Yucca Valley, California",earthquake,,0.377,,90,reviewed,ci,ci
1992-09-15T09:42:54.170Z,34.069,-116.363,-0.353,2.96,ml,0,38.6,,0.174,ci,ci3062585,2016-02-10T12:12:37.212Z,"8km SE of Yucca Valley, California",earthquake,,0.286,,29,reviewed,ci,ci
1992-09-15T09:34:03.470Z,34.07,-116.361,-0.963,3,ml,0,38.7,,0.216,ci,ci3062582,2016-02-10T19:15:51.237Z,"8km SE of Yucca Valley, California",earthquake,,0.403,,28,reviewed,ci,ci
1992-09-15T09:29:35.190Z,34.067,-116.362,-0.853,2.81,mc,0,38.5,,0.208,ci,ci3062580,2016-02-09T21:51:57.204Z,"8km SE of Yucca Valley, California",earthquake,,0.362,,67,reviewed,ci,ci
1992-09-15T09:20:58.940Z,34.047,-116.364,-1.093,2.71,mc,0,37.8,,0.207,ci,ci3062578,2016-02-10T22:57:01.752Z,"10km SE of Yucca Valley, California",earthquake,,0.44,,75,reviewed,ci,ci
1992-09-15T09:19:14.360Z,34.068,-116.361,-0.663,2.9,mc,0,38.6,,0.198,ci,ci3062576,2016-02-10T05:06:47.168Z,"8km SE of Yucca Valley, California",earthquake,,0.352,,85,reviewed,ci,ci
1992-09-15T09:16:26.460Z,34.071,-116.368,2.157,2.89,mc,0,37.9,,0.18,ci,ci3062574,2016-02-10T12:12:33.961Z,"8km SE of Yucca Valley, California",earthquake,,0.23,,84,reviewed,ci,ci
1992-09-15T09:12:49.220Z,34.201,-116.438,-0.653,2.71,mc,0,42.5,,0.142,ci,ci3062572,2016-02-10T01:31:15.183Z,"10km N of Yucca Valley, California",earthquake,,0.521,,50,reviewed,ci,ci
1992-09-15T09:06:36.480Z,34.056,-116.361,4.897,2.84,mc,0,77.1,,0.171,ci,ci3062568,2016-02-10T15:39:44.330Z,"9km SE of Yucca Valley, California",earthquake,,,,47,reviewed,ci,ci
1992-09-15T08:56:07.640Z,34.034,-116.373,-1.057,2.66,mc,0,47.3,,0.194,ci,ci3062565,2016-02-10T08:42:08.461Z,"10km SSE of Yucca Valley, California",earthquake,,0.616,,24,reviewed,ci,ci
1992-09-15T08:47:11.300Z,34.064,-116.361,7.177,5.26,ml,0,38.4,,0.229,ci,ci3062563,2022-04-28T18:36:43.857Z,"9km SE of Yucca Valley, California",earthquake,,0.619,,25,reviewed,ci,ci
1992-09-14T21:22:37.400Z,34.623,-116.552,7.58,2.58,ml,0,43.5,,0.146,ci,ci3062344,2016-02-09T21:51:30.754Z,"38km WSW of Ludlow, California",earthquake,,0.86,,14,reviewed,ci,ci
1992-09-14T07:54:17.470Z,35.031,-116.973,2.471,3.24,ml,0,60.7,,0.167,ci,ci3062207,2016-02-10T19:15:13.639Z,"15km NNE of Barstow, California",earthquake,,0.379,,31,reviewed,ci,ci
1992-09-13T23:16:59.050Z,33.977,-116.272,4.495,3.17,ml,0,31.9,,0.169,ci,ci3062115,2016-02-10T15:38:53.906Z,"18km SSE of Joshua Tree, California",earthquake,,0.182,,27,reviewed,ci,ci
1992-09-13T18:12:02.740Z,35.007,-116.966,4.798,2.54,mc,0,61,,0.136,ci,ci3062049,2016-02-10T12:11:43.009Z,"13km NNE of Barstow, California",earthquake,,14.964,,65,reviewed,ci,ci
1992-09-13T17:12:02.030Z,34.381,-116.453,-0.106,2.65,mc,0,47.6,,0.119,ci,ci3062038,2016-02-10T22:55:58.467Z,"30km N of Yucca Valley, California",earthquake,,0.665,,71,reviewed,ci,ci
1992-09-13T16:42:15.190Z,35.609,-117.466,6.521,2.56,mc,0,146.5,0.02365,0.147,ci,ci3066725,2016-02-09T21:50:41.694Z,"18km SSW of Searles Valley, California",earthquake,,0.675,,52,reviewed,ci,ci
1992-09-13T13:39:44.710Z,33.968,-116.595,5.127,2.7,mc,0,24.8,,0.166,ci,ci3062013,2016-02-10T01:30:23.037Z,"9km W of Desert Hot Springs, California",earthquake,,1.116,,80,reviewed,ci,ci
1992-09-13T13:33:49.910Z,33.893,-116.285,7.641,3.18,ml,0,32.7,,0.15,ci,ci3062012,2016-02-09T21:50:36.343Z,"13km NE of Thousand Palms, California",earthquake,,0.709,,26,reviewed,ci,ci
1992-09-13T11:58:30.230Z,34.185,-116.826,6.263,2.59,mc,0,26.1,,0.124,ci,ci3061999,2016-02-10T05:05:40.383Z,"9km SSE of Big Bear City, California",earthquake,,1.522,,58,reviewed,ci,ci
1992-09-13T11:11:37.210Z,34.204,-116.426,1.547,2.61,mc,0,43,,0.173,ci,ci3061989,2016-02-10T15:38:45.468Z,"10km N of Yucca Valley, California",earthquake,,0.21,,73,reviewed,ci,ci
1992-09-13T09:09:06.630Z,35.687,-117.591,2.474,2.72,mc,0,132.4,,0.169,ci,ci3061967,2016-02-09T21:50:29.930Z,"11km NE of Ridgecrest, California",earthquake,,0.198,,69,reviewed,ci,ci
1992-09-13T08:21:22.140Z,35.07,-117.006,-0.892,2.69,mc,0,67.4,,0.218,ci,ci3062800,2016-02-09T21:50:28.582Z,"19km N of Barstow, California",earthquake,,0.951,,74,reviewed,ci,ci
1992-09-13T08:20:51.700Z,34.019,-116.797,11.241,2.54,mc,0,37.2,,0.204,ci,ci3061955,2016-02-09T21:50:27.174Z,"11km N of Cabazon, California",earthquake,,0.175,,83,reviewed,ci,ci
1992-09-13T07:29:34.510Z,34.077,-116.385,2.147,2.68,mc,0,34.9,,0.206,ci,ci3061950,2016-02-10T01:30:07.859Z,"6km SE of Yucca Valley, California",earthquake,,0.204,,73,reviewed,ci,ci
1992-09-13T02:47:33.220Z,35.694,-117.589,3.8,2.57,mc,0,124.5,,0.212,ci,ci3062404,2016-02-10T19:14:31.048Z,"11km NE of Ridgecrest, California",earthquake,,0.199,,57,reviewed,ci,ci
1992-09-12T23:56:06.200Z,34.551,-116.522,0.098,2.78,mc,0,45.4,,0.155,ci,ci3061884,2016-02-09T21:50:18.442Z,"38km WSW of Ludlow, California",earthquake,,0.709,,80,reviewed,ci,ci
1992-09-12T20:51:14.900Z,34.367,-116.455,0.006,2.54,mc,0,116.5,,0.116,ci,ci3062077,2016-02-10T01:29:52.324Z,"28km N of Yucca Valley, California",earthquake,,0.919,,68,reviewed,ci,ci
1992-09-12T20:51:11.900Z,34.37,-116.457,-0.224,2.55,mc,0,93.9,,0.074,ci,ci3061841,2016-02-10T19:14:18.275Z,"28km N of Yucca Valley, California",earthquake,,0.673,,64,reviewed,ci,ci
1992-09-12T15:30:54.750Z,35.073,-117.007,0.239,2.82,mc,0,66.4,,0.175,ci,ci3062095,2016-02-10T19:14:13.393Z,"19km N of Barstow, California",earthquake,,0.374,,84,reviewed,ci,ci
1992-09-12T15:12:33.410Z,33.901,-116.29,5.141,2.8,mc,0,28.8,,0.146,ci,ci3061771,2016-02-10T12:11:00.136Z,"13km NE of Thousand Palms, California",earthquake,,2.325,,69,reviewed,ci,ci
1992-09-12T10:16:42.810Z,34.211,-116.832,8.873,2.59,mc,0,44.5,,0.177,ci,ci3061725,2016-02-10T05:04:49.378Z,"6km SSE of Big Bear City, California",earthquake,,0.435,,76,reviewed,ci,ci
1992-09-12T07:22:43.680Z,34.112,-116.983,2.873,2.55,mc,0,41.4,,0.123,ci,ci3061698,2016-02-10T19:14:08.199Z,"10km NNE of Yucaipa, California",earthquake,,0.132,,80,reviewed,ci,ci
1992-09-12T04:10:44.070Z,33.893,-116.262,3.991,2.77,mc,0,33.7,,0.159,ci,ci3061665,2016-02-10T05:04:41.550Z,"14km NE of Thousand Palms, California",earthquake,,0.154,,69,reviewed,ci,ci
1992-09-12T04:04:43.910Z,35.07,-116.99,0.779,2.52,mc,0,66.4,,0.138,ci,ci3061663,2016-02-10T01:29:36.163Z,"19km N of Barstow, California",earthquake,,0.517,,65,reviewed,ci,ci
1992-09-12T03:31:48.540Z,34.597,-116.625,7.28,2.5,mc,0,40.8,,0.135,ci,ci3061657,2016-02-10T19:13:58.255Z,"36km ENE of Lucerne Valley, California",earthquake,,0.667,,66,reviewed,ci,ci
1992-09-12T02:29:53.020Z,33.553,-116.669,8.006,2.61,mc,0,59.5,,0.144,ci,ci3061645,2016-02-10T01:29:33.595Z,"0km ESE of Anza, California",earthquake,,2.84,,62,reviewed,ci,ci
1992-09-12T01:18:45.130Z,35.07,-117.009,-0.892,2.6,ml,0,67.6,,0.21,ci,ci3061629,2016-02-10T08:40:12.788Z,"19km N of Barstow, California",earthquake,,0.384,,13,reviewed,ci,ci
1992-09-12T00:27:27.600Z,34.46,-116.511,0.294,2.5,mc,0,45.7,,0.161,ci,ci3061623,2016-02-10T15:37:41.343Z,"38km NE of Big Bear City, California",earthquake,,0.285,,57,reviewed,ci,ci
1992-09-11T20:18:33.200Z,34.251,-116.435,2.376,2.84,mc,0,42.9,,0.131,ci,ci3061573,2016-02-10T08:40:01.720Z,"15km N of Yucca Valley, California",earthquake,,0.305,,79,reviewed,ci,ci
1992-09-11T18:58:21.930Z,35.03,-116.973,2.618,3.76,ml,0,60.8,,0.185,ci,ci3061565,2016-02-10T01:29:20.128Z,"15km NNE of Barstow, California",earthquake,,0.331,,30,reviewed,ci,ci
1992-09-11T13:02:32.850Z,33.955,-116.348,6.579,2.61,mc,0,31.6,,0.18,ci,ci3061501,2016-02-10T08:39:51.979Z,"14km E of Desert Hot Springs, California",earthquake,,0.919,,62,reviewed,ci,ci
1992-09-11T12:50:45.400Z,35.07,-117.007,-0.912,2.71,ml,0,66.1,,0.212,ci,ci3061498,2016-02-10T22:54:17.196Z,"19km N of Barstow, California",earthquake,,0.425,,14,reviewed,ci,ci
1992-09-11T05:41:09.500Z,34.992,-116.948,-0.832,2.76,mc,0,62.5,,0.197,ci,ci3061424,2016-02-09T21:48:59.834Z,"12km NNE of Barstow, California",earthquake,,0.56,,79,reviewed,ci,ci
1992-09-11T03:45:45.760Z,34.996,-116.958,6.038,2.62,mc,0,61.4,,0.174,ci,ci3061409,2016-02-09T21:48:54.925Z,"12km NNE of Barstow, California",earthquake,,1.68,,71,reviewed,ci,ci
1992-09-11T03:33:39.430Z,33.01,-117.753,5.806,2.52,mc,0,164.6,,0.201,ci,ci3061403,2016-02-10T22:54:01.777Z,"41km WSW of Carlsbad, California",earthquake,,,,36,reviewed,ci,ci
1992-09-11T02:19:57.580Z,35.839,-117.682,10.739,2.73,mc,0,127.8,0.07248,0.115,ci,ci3061389,2016-02-10T19:13:20.435Z,"23km ESE of Little Lake, California",earthquake,,0.72,,58,reviewed,ci,ci
1992-09-10T17:41:07.790Z,34.379,-116.458,2.366,2.54,mc,0,47.2,,0.169,ci,ci3061282,2016-02-10T05:03:49.130Z,"30km N of Yucca Valley, California",earthquake,,0.301,,67,reviewed,ci,ci
1992-09-10T07:45:33.280Z,33.946,-116.333,5.062,2.57,mc,0,28.6,,0.159,ci,ci3061175,2016-02-10T01:28:28.143Z,"15km NNE of Thousand Palms, California",earthquake,,13.079,,58,reviewed,ci,ci
1992-09-10T00:22:56.900Z,35.069,-117.007,2.918,2.52,ml,0,67.3,,0.171,ci,ci3061093,2016-02-10T19:12:46.271Z,"19km N of Barstow, California",earthquake,,0.578,,16,reviewed,ci,ci
1992-09-09T23:04:55.840Z,34.298,-116.456,4.25,3.01,mc,0,43.5,,0.122,ci,ci3061077,2016-02-09T21:48:20.187Z,"21km N of Yucca Valley, California",earthquake,,0.425,,85,reviewed,ci,ci
1992-09-09T19:07:17.080Z,34.016,-116.317,4.555,2.54,mc,0,44,,0.18,ci,ci3061027,2016-02-10T19:12:38.269Z,"13km S of Joshua Tree, California",earthquake,,0.325,,45,reviewed,ci,ci
1992-09-09T16:39:14.700Z,35.08,-116.991,2.058,2.6,mc,0,68.4,,0.216,ci,ci3060973,2016-02-10T15:36:31.327Z,"20km N of Barstow, California",earthquake,,0.392,,61,reviewed,ci,ci
1992-09-09T14:01:28.430Z,33.946,-116.334,5.109,3.26,ml,0,28.7,,0.191,ci,ci3060943,2016-02-09T21:48:02.528Z,"15km NNE of Thousand Palms, California",earthquake,,0.471,,30,reviewed,ci,ci
1992-09-09T13:48:48.530Z,35.076,-117.003,2.508,2.57,mc,0,68.4,,0.21,ci,ci3060941,2016-02-10T19:12:27.296Z,"20km N of Barstow, California",earthquake,,0.581,,55,reviewed,ci,ci
1992-09-09T13:42:37.550Z,34.579,-116.698,7.172,2.62,ml,0,55.5,,0.128,ci,ci3060939,2016-02-10T15:36:27.449Z,"29km ENE of Lucerne Valley, California",earthquake,,1.39,,15,reviewed,ci,ci
1992-09-09T13:25:25.090Z,33.087,-116.572,5.163,2.71,mc,0,84.1,0.05213,0.271,ci,ci3060935,2016-02-10T15:36:26.131Z,"3km ENE of Julian, California",earthquake,,2.374,,44,reviewed,ci,ci
1992-09-09T12:52:56.220Z,33.951,-116.333,4.419,3.56,mc,0,32.1,,0.162,ci,ci3060966,2016-02-10T22:52:42.422Z,"16km NNE of Thousand Palms, California",earthquake,,0.154,,83,reviewed,ci,ci
1992-09-09T12:50:45.140Z,33.947,-116.33,4.549,4.32,ml,0,29.2,,0.199,ci,ci3060932,2016-02-10T15:36:24.847Z,"15km NNE of Thousand Palms, California",earthquake,,0.149,,33,reviewed,ci,ci
1992-09-09T11:44:55.000Z,35.076,-116.997,-0.532,4.24,ml,0,68,,0.213,ci,ci3060924,2016-02-10T22:52:38.485Z,"20km N of Barstow, California",earthquake,,0.476,,33,reviewed,ci,ci
1992-09-09T11:42:44.990Z,35.0756667,-117.0055,2.448,2.7,mh,16,68,,0.2,ci,ci3060972,2016-04-02T05:37:40.050Z,"20km N of Barstow, CA",earthquake,0.61,1.13,,0,reviewed,ci,ci
1992-09-09T11:41:36.000Z,35.073,-116.998,-0.262,3.61,ml,0,67.4,,0.2,ci,ci3060923,2016-02-10T01:27:55.208Z,"20km N of Barstow, California",earthquake,,0.572,,34,reviewed,ci,ci
1992-09-09T07:18:57.310Z,35.069,-116.996,2.948,2.5,mc,0,103.1,0.1046,0.117,ci,ci3061008,2016-02-09T21:47:54.041Z,"19km N of Barstow, California",earthquake,,0.482,,56,reviewed,ci,ci
1992-09-09T07:18:10.510Z,35.071,-117.006,2.778,2.75,mc,0,67.6,,0.195,ci,ci3061007,2016-02-09T21:47:52.695Z,"19km N of Barstow, California",earthquake,,0.471,,70,reviewed,ci,ci
1992-09-09T07:16:48.930Z,35.073,-117.001,-0.532,3.09,ml,0,66,,0.202,ci,ci3060896,2016-02-10T01:27:52.681Z,"20km N of Barstow, California",earthquake,,0.555,,30,reviewed,ci,ci
1992-09-09T06:32:06.410Z,35.07,-116.997,-0.152,2.84,ml,0,66.9,,0.194,ci,ci3060892,2016-02-10T15:36:21.646Z,"19km N of Barstow, California",earthquake,,0.548,,19,reviewed,ci,ci
1992-09-09T04:17:11.220Z,33.994,-116.346,0.381,3.06,ml,0,36.4,,0.182,ci,ci3060882,2016-02-10T08:38:36.021Z,"15km ENE of Desert Hot Springs, California",earthquake,,0.235,,29,reviewed,ci,ci
1992-09-09T01:58:39.100Z,34.112,-116.842,1.669,2.59,mc,0,41.8,,0.162,ci,ci3060855,2016-02-10T05:02:57.585Z,"16km SSE of Big Bear Lake, California",earthquake,,0.147,,75,reviewed,ci,ci
1992-09-09T01:40:59.510Z,34.124,-116.86,1.648,2.63,mc,0,30.4,,0.163,ci,ci3060853,2016-02-10T15:36:17.799Z,"14km SSE of Big Bear Lake, California",earthquake,,0.176,,79,reviewed,ci,ci
1992-09-08T23:26:07.360Z,34.539,-116.544,2.017,2.74,mc,0,44.4,,0.168,ci,ci3060822,2016-02-10T12:08:43.639Z,"40km ENE of Lucerne Valley, California",earthquake,,0.794,,80,reviewed,ci,ci
1992-09-08T23:13:38.580Z,34.536,-116.544,-1.203,2.74,mc,0,44.5,,0.154,ci,ci3060819,2016-02-10T19:12:08.200Z,"40km ENE of Lucerne Valley, California",earthquake,,0.524,,82,reviewed,ci,ci
1992-09-08T20:33:02.700Z,34.113,-116.84,1.769,2.67,mc,0,41.2,,0.141,ci,ci3060800,2016-02-10T15:36:12.364Z,"16km SSE of Big Bear Lake, California",earthquake,,0.159,,77,reviewed,ci,ci
1992-09-08T19:44:26.720Z,34.481,-116.522,3.284,2.59,mc,0,45.4,,0.155,ci,ci3060795,2016-02-10T01:27:31.762Z,"38km NE of Big Bear City, California",earthquake,,8.46,,67,reviewed,ci,ci
1992-09-08T18:28:17.490Z,34.515,-116.536,-0.679,3.08,ml,0,83.4,,0.123,ci,ci3060666,2016-02-10T19:12:02.068Z,"40km NE of Big Bear City, California",earthquake,,2.204,,26,reviewed,ci,ci
1992-09-08T17:02:12.340Z,34.66,-116.684,4.376,2.61,mc,0,68,,0.17,ci,ci3061268,2016-02-10T08:38:20.839Z,"35km NE of Lucerne Valley, California",earthquake,,12.705,,70,reviewed,ci,ci
1992-09-08T13:42:57.090Z,33.531,-116.722,4.336,2.72,mc,0,67.6,,0.178,ci,ci3060620,2016-02-10T19:11:53.810Z,"5km WSW of Anza, California",earthquake,,14.633,,74,reviewed,ci,ci
1992-09-08T13:12:05.120Z,34.625,-116.667,-1.046,2.62,mc,0,41.4,,0.157,ci,ci3060618,2016-02-10T08:38:16.200Z,"34km NE of Lucerne Valley, California",earthquake,,1.038,,71,reviewed,ci,ci
1992-09-08T12:22:55.750Z,34.489,-116.45,1.459,2.6,mc,0,50.1,,0.114,ci,ci3060612,2016-02-09T21:47:22.624Z,"37km SW of Ludlow, California",earthquake,,0.471,,74,reviewed,ci,ci
1992-09-08T11:39:07.330Z,34.129,-116.408,0.727,2.62,mc,0,37.5,,0.169,ci,ci3060604,2016-02-10T15:36:03.219Z,"3km NE of Yucca Valley, California",earthquake,,0.278,,77,reviewed,ci,ci
1992-09-08T06:11:20.810Z,34.974,-116.939,3.408,2.6,mc,0,62.3,,0.162,ci,ci3060553,2016-02-10T12:08:11.534Z,"11km NE of Barstow, California",earthquake,,0.428,,74,reviewed,ci,ci
1992-09-08T03:44:49.860Z,34.109,-116.982,2.473,3.43,ml,0,33.8,,0.134,ci,ci3060527,2016-02-10T08:38:00.055Z,"10km NE of Yucaipa, California",earthquake,,0.132,,4,reviewed,ci,ci
1992-09-08T02:15:58.440Z,34.019,-117.188,3.915,2.73,mc,0,38.3,,0.133,ci,ci3060515,2016-02-10T01:27:12.996Z,"4km S of Redlands, California",earthquake,,0.275,,82,reviewed,ci,ci
1992-09-08T00:10:13.720Z,34.648,-116.662,3.568,2.92,mc,0,43.1,,0.15,ci,ci3060493,2016-02-10T22:51:40.014Z,"36km NE of Lucerne Valley, California",earthquake,,0.225,,85,reviewed,ci,ci
1992-09-07T23:50:59.680Z,34.233,-116.84,0.991,3.32,ml,0,46.4,,0.161,ci,ci3060492,2016-02-09T21:47:09.161Z,"3km S of Big Bear City, California",earthquake,,0.169,,35,reviewed,ci,ci
1992-09-07T22:41:47.430Z,34.157,-116.432,6.977,2.96,mc,0,40.8,,0.16,ci,ci3060482,2016-02-09T21:47:06.249Z,"5km N of Yucca Valley, California",earthquake,,1.677,,89,reviewed,ci,ci
1992-09-07T20:27:32.990Z,34.444,-116.011,-0.886,2.88,mc,0,88.2,,0.151,ci,ci3060460,2016-02-10T01:27:05.560Z,"27km WSW of Amboy, California",earthquake,,0.697,,76,reviewed,ci,ci
1992-09-07T17:58:13.270Z,34.94,-116.777,1.486,2.56,mc,0,76.2,,0.165,ci,ci3060436,2016-02-10T15:35:38.524Z,"23km ENE of Barstow, California",earthquake,,0.83,,70,reviewed,ci,ci
1992-09-07T16:59:14.860Z,34.977,-116.952,-1.06,2.55,mc,0,61.1,,0.165,ci,ci3060419,2016-02-10T12:07:48.355Z,"11km NE of Barstow, California",earthquake,,0.903,,63,reviewed,ci,ci
1992-09-07T15:50:28.220Z,34.583,-116.589,4.303,2.69,mc,0,42.4,,0.177,ci,ci3060408,2016-02-10T05:02:22.155Z,"38km ENE of Lucerne Valley, California",earthquake,,3.407,,82,reviewed,ci,ci
1992-09-07T12:47:26.920Z,34.11,-116.902,1.653,2.58,mc,0,23.9,,0.178,ci,ci3060383,2016-02-10T12:07:42.117Z,"15km S of Big Bear Lake, California",earthquake,,0.108,,84,reviewed,ci,ci
1992-09-07T10:50:39.810Z,34.255,-116.436,2.257,2.83,mc,0,43,,0.139,ci,ci3060366,2016-02-10T12:07:40.712Z,"16km N of Yucca Valley, California",earthquake,,0.293,,84,reviewed,ci,ci
1992-09-07T08:55:30.360Z,35.113,-116.651,-0.81,3.1,ml,0,137.8,,0.131,ci,ci3060347,2016-02-10T01:26:54.599Z,"17km S of Fort Irwin, California",earthquake,,0.946,,34,reviewed,ci,ci
1992-09-07T06:20:52.810Z,34.029,-117.194,5.711,2.65,mc,0,38.4,,0.12,ci,ci3060319,2016-02-10T05:02:03.310Z,"3km SSW of Redlands, California",earthquake,,1.494,,82,reviewed,ci,ci
1992-09-06T22:47:29.610Z,35.011,-116.965,3.178,3.45,ml,0,61.1,,0.188,ci,ci3060248,2016-02-10T15:35:10.995Z,"14km NNE of Barstow, California",earthquake,,0.386,,38,reviewed,ci,ci
1992-09-06T22:16:53.680Z,34.026,-117.195,5.361,3.18,ml,0,25.3,,0.142,ci,ci3060243,2016-02-10T01:26:37.949Z,"4km SSW of Redlands, California",earthquake,,1.529,,35,reviewed,ci,ci
1992-09-06T19:33:19.920Z,34.433,-116.521,8.704,2.99,mc,0,87.7,,0.14,ci,ci3060211,2016-02-10T01:26:32.879Z,"35km ENE of Big Bear City, California",earthquake,,1.456,,87,reviewed,ci,ci
1992-09-06T17:51:06.690Z,34.023,-117.192,5.231,3.56,ml,0,25.6,,0.133,ci,ci3060198,2016-02-10T01:26:29.104Z,"4km SSW of Redlands, California",earthquake,,1.593,,34,reviewed,ci,ci
1992-09-06T15:23:53.330Z,34.976,-116.96,-0.912,3.19,ml,0,60.2,,0.192,ci,ci3060177,2016-02-09T21:46:20.689Z,"10km NNE of Barstow, California",earthquake,,0.557,,32,reviewed,ci,ci
1992-09-06T09:30:16.460Z,34.108,-116.638,-0.698,2.63,mc,0,31.3,,0.167,ci,ci3060119,2016-02-10T01:26:12.220Z,"9km NW of Morongo Valley, California",earthquake,,0.229,,85,reviewed,ci,ci
1992-09-06T07:19:44.510Z,34.176,-116.429,3.437,2.5,mc,0,41.6,,0.149,ci,ci3060097,2016-02-10T22:50:19.696Z,"7km N of Yucca Valley, California",earthquake,,0.297,,69,reviewed,ci,ci
1992-09-06T07:15:00.010Z,33.999,-117.144,15.765,2.67,mc,0,38,,0.119,ci,ci3060095,2016-02-10T22:50:17.907Z,"7km SSE of Redlands, California",earthquake,,0.407,,86,reviewed,ci,ci
1992-09-06T06:55:32.330Z,34.023,-117.193,5.261,2.9,mh,0,38.9,,0.119,ci,ci3060090,2016-02-10T22:50:16.267Z,"4km SSW of Redlands, California",earthquake,,1.796,,0,reviewed,ci,ci
1992-09-06T05:41:18.980Z,34.592,-116.576,2.83,2.71,ml,0,98.2,,0.164,ci,ci3060074,2016-02-10T15:34:37.297Z,"40km ENE of Lucerne Valley, California",earthquake,,0.527,,18,reviewed,ci,ci
1992-09-06T02:56:11.460Z,34.454,-116.532,3.004,3.44,ml,0,44.8,,0.094,ci,ci3060041,2016-02-09T21:45:59.004Z,"36km NE of Big Bear City, California",earthquake,,13.823,,34,reviewed,ci,ci
1992-09-06T02:09:36.860Z,33.961,-116.316,7.209,2.92,ml,0,30.4,,0.146,ci,ci3060034,2016-02-10T15:34:32.460Z,"17km NNE of Thousand Palms, California",earthquake,,0.849,,25,reviewed,ci,ci
1992-09-06T02:01:33.880Z,35.84,-117.674,8.409,2.74,mc,0,132.3,0.06671,0.145,ci,ci3060031,2016-02-10T12:07:11.494Z,"24km ESE of Little Lake, California",earthquake,,0.614,,61,reviewed,ci,ci
1992-09-06T01:59:43.280Z,35.84,-117.68,4.023,2.85,mc,0,129.8,,0.11,ci,ci3060028,2016-02-10T12:07:10.202Z,"23km ESE of Little Lake, California",earthquake,,0.3,,63,reviewed,ci,ci
1992-09-06T00:00:29.260Z,34.353,-116.472,-1.354,2.88,mc,0,46,,0.204,ci,ci3060007,2016-02-10T19:10:17.972Z,"27km N of Yucca Valley, California",earthquake,,0.6,,85,reviewed,ci,ci
1992-09-05T23:44:05.380Z,34.254,-116.435,2.297,2.52,mc,0,56.8,0.07694,0.14,ci,ci3060223,2016-02-09T21:45:53.248Z,"16km N of Yucca Valley, California",earthquake,,0.553,,13,reviewed,ci,ci
1992-09-05T23:43:14.400Z,34.257,-116.437,1.957,3.3,ml,0,43,,0.174,ci,ci3060005,2016-02-09T21:45:51.920Z,"16km N of Yucca Valley, California",earthquake,,0.357,,35,reviewed,ci,ci
1992-09-05T10:19:46.830Z,35.02,-116.969,4.398,2.63,mc,0,60.7,,0.175,ci,ci3059878,2016-02-09T21:45:32.057Z,"14km NNE of Barstow, California",earthquake,,0.283,,79,reviewed,ci,ci
1992-09-05T08:39:19.150Z,33.534,-116.725,4.156,2.58,mc,0,52.6,,0.217,ci,ci3060020,2016-02-10T22:49:39.157Z,"5km WSW of Anza, California",earthquake,,99.869,,68,reviewed,ci,ci
1992-09-05T05:55:25.340Z,34.254,-116.434,-0.893,2.57,mc,0,50.1,,0.163,ci,ci3059848,2016-02-09T21:45:27.704Z,"16km N of Yucca Valley, California",earthquake,,0.356,,73,reviewed,ci,ci
1992-09-05T03:32:47.390Z,34.096,-116.412,2.587,2.81,mc,0,29.9,,0.198,ci,ci3059834,2016-02-10T22:49:28.945Z,"3km SE of Yucca Valley, California",earthquake,,0.181,,78,reviewed,ci,ci
1992-09-05T03:29:27.120Z,34.095,-116.415,2.537,3.93,ml,0,29.4,,0.173,ci,ci3059832,2016-02-10T01:25:39.045Z,"3km SE of Yucca Valley, California",earthquake,,0.173,,35,reviewed,ci,ci
1992-09-05T01:27:46.400Z,34.566,-116.557,6.738,2.53,mc,0,55.9,,0.19,ci,ci3059814,2016-02-10T05:00:48.632Z,"40km ENE of Lucerne Valley, California",earthquake,,4.807,,62,reviewed,ci,ci
1992-09-04T18:18:08.460Z,34.613,-116.633,3.01,2.65,ml,0,40.5,,0.206,ci,ci3059747,2016-02-10T08:35:29.847Z,"36km ENE of Lucerne Valley, California",earthquake,,0.221,,17,reviewed,ci,ci
1992-09-04T18:03:54.630Z,34.493,-116.505,-1.382,2.55,mc,0,46.8,,0.148,ci,ci3059745,2016-02-09T21:45:02.445Z,"40km NE of Big Bear City, California",earthquake,,0.473,,62,reviewed,ci,ci
1992-09-04T08:33:28.690Z,34.58,-116.582,8.34,2.55,mc,0,51.8,,0.154,ci,ci3059658,2016-02-10T12:06:20.019Z,"38km ENE of Lucerne Valley, California",earthquake,,0.753,,50,reviewed,ci,ci
1992-09-04T08:24:02.150Z,35.006,-116.953,2.544,3.05,ml,0,62.5,,0.141,ci,ci3059657,2016-02-10T22:48:56.906Z,"14km NNE of Barstow, California",earthquake,,0.447,,29,reviewed,ci,ci
1992-09-04T06:24:06.770Z,34.962,-116.929,-0.902,2.56,mc,0,62.6,,0.192,ci,ci3059640,2016-02-10T15:33:33.855Z,"11km NE of Barstow, California",earthquake,,0.712,,61,reviewed,ci,ci
1992-09-04T06:14:16.780Z,34.239,-116.441,4.297,2.73,mc,0,42.6,,0.145,ci,ci3059639,2016-02-10T05:00:22.177Z,"14km N of Yucca Valley, California",earthquake,,0.32,,75,reviewed,ci,ci
1992-09-04T03:20:55.430Z,34.243,-116.773,1.811,2.86,mc,0,28,,0.153,ci,ci3059615,2016-02-10T22:48:50.894Z,"7km ESE of Big Bear City, California",earthquake,,0.204,,85,reviewed,ci,ci
1992-09-03T22:20:43.920Z,35.062,-117.085,9.638,2.67,mc,0,69.3,,0.14,ci,ci3059573,2016-02-10T15:33:26.308Z,"19km NNW of Barstow, California",earthquake,,1.342,,72,reviewed,ci,ci
1992-09-03T21:19:47.570Z,34.117,-116.987,2.603,2.92,ml,0,41.3,,0.151,ci,ci3059559,2016-02-10T22:48:45.284Z,"11km NNE of Yucaipa, California",earthquake,,0.229,,28,reviewed,ci,ci
1992-09-03T10:31:58.660Z,34.579,-116.548,5.96,2.53,mc,0,44,,0.16,ci,ci3059417,2016-02-10T01:24:54.003Z,"39km WSW of Ludlow, California",earthquake,,1.303,,71,reviewed,ci,ci
1992-09-03T06:48:00.120Z,34.112,-116.983,2.463,2.94,mc,0,34,,0.154,ci,ci3059385,2016-02-10T15:33:05.900Z,"10km NNE of Yucaipa, California",earthquake,,0.125,,94,reviewed,ci,ci
1992-09-03T06:17:38.450Z,34.372,-116.442,2.106,3.8,ml,0,47.9,,0.141,ci,ci3059381,2016-02-10T12:05:55.602Z,"29km N of Yucca Valley, California",earthquake,,0.368,,36,reviewed,ci,ci
1992-09-02T19:15:10.590Z,33.994,-116.345,2.231,2.57,mc,0,49.6,0.06449,0.189,ci,ci3059042,2016-02-09T21:43:57.800Z,"15km ENE of Desert Hot Springs, California",earthquake,,0.275,,44,reviewed,ci,ci
1992-09-02T10:45:43.090Z,35.025,-116.969,-1.001,2.59,mc,0,60.8,,0.152,ci,ci3058947,2016-02-10T01:24:18.856Z,"15km NNE of Barstow, California",earthquake,,0.85,,51,reviewed,ci,ci
1992-09-02T09:43:43.660Z,34.347,-116.468,7.748,2.92,mc,0,46,,0.137,ci,ci3058941,2016-02-10T12:05:29.542Z,"26km N of Yucca Valley, California",earthquake,,1.479,,87,reviewed,ci,ci
1992-09-02T09:28:21.440Z,34.117,-116.99,2.805,3.08,ml,0,34.2,,0.155,ci,ci3058939,2016-02-10T19:08:00.201Z,"10km NNE of Yucaipa, California",earthquake,,0.144,,34,reviewed,ci,ci
1992-09-02T08:08:38.180Z,34.555,-116.513,3.177,2.78,mc,0,45.8,,0.149,ci,ci3058926,2016-02-10T19:07:56.191Z,"37km WSW of Ludlow, California",earthquake,,0.671,,81,reviewed,ci,ci
1992-09-02T00:48:41.760Z,34.327,-116.46,1.566,3.16,ml,0,45.9,,0.132,ci,ci3058844,2016-02-10T15:32:23.339Z,"24km N of Yucca Valley, California",earthquake,,0.398,,30,reviewed,ci,ci
1992-09-01T21:17:57.890Z,34.267,-116.769,1.023,3.16,mc,0,52.9,,0.155,ci,ci3058874,2016-02-10T08:33:39.939Z,"7km E of Big Bear City, California",earthquake,,0.212,,93,reviewed,ci,ci
1992-09-01T13:34:37.390Z,34.42,-116.473,1.046,2.66,mc,0,47.1,,0.124,ci,ci3059339,2016-02-10T08:33:33.977Z,"34km N of Yucca Valley, California",earthquake,,0.279,,71,reviewed,ci,ci
1992-09-01T12:44:19.880Z,34.595,-116.323,-1.221,2.96,mc,0,72.6,,0.148,ci,ci3059337,2016-02-10T12:05:07.625Z,"20km SW of Ludlow, California",earthquake,,0.715,,82,reviewed,ci,ci
1992-09-01T12:20:13.900Z,34.605,-116.329,1.964,2.95,mc,0,73,,0.228,ci,ci3059338,2016-02-10T12:05:06.125Z,"20km SW of Ludlow, California",earthquake,,5.476,,75,reviewed,ci,ci
1992-09-01T12:17:24.810Z,34.597,-116.324,-1.144,3.9,ml,0,72.7,,0.207,ci,ci3059325,2016-02-10T12:05:04.693Z,"20km SW of Ludlow, California",earthquake,,0.654,,36,reviewed,ci,ci
1992-09-01T04:54:31.800Z,34.038,-116.358,4.209,2.57,mc,0,37.6,,0.179,ci,ci3059279,2016-02-10T01:23:58.582Z,"11km SE of Yucca Valley, California",earthquake,,0.236,,62,reviewed,ci,ci
1992-09-01T04:29:52.320Z,34.106,-116.982,2.543,2.7,mc,0,33.7,,0.165,ci,ci3059269,2016-02-10T12:05:01.747Z,"10km NE of Yucaipa, California",earthquake,,0.1,,81,reviewed,ci,ci
1992-08-31T22:54:24.530Z,34.987,-116.948,5.088,3.25,ml,0,62.2,,0.173,ci,ci3058708,2016-02-10T08:33:26.219Z,"12km NE of Barstow, California",earthquake,,,,4,reviewed,ci,ci
1992-08-31T21:25:15.830Z,33.311,-118.512,5.778,2.8,mh,0,103.9,,0.384,ci,ci3058692,2016-02-10T22:46:38.837Z,"18km WSW of Avalon, California",earthquake,,,,0,reviewed,ci,ci
1992-08-31T21:23:43.900Z,34.211,-116.828,8.023,2.55,mc,0,26.1,,0.167,ci,ci3058691,2016-02-10T04:58:55.368Z,"6km SSE of Big Bear City, California",earthquake,,0.816,,70,reviewed,ci,ci
1992-08-31T21:00:27.820Z,34.254,-116.434,1.727,2.88,mc,0,43.1,,0.158,ci,ci3058689,2016-02-10T15:32:03.861Z,"16km N of Yucca Valley, California",earthquake,,0.276,,81,reviewed,ci,ci
1992-08-31T20:36:29.170Z,34.101,-116.642,8.172,2.63,mc,0,30.9,,0.181,ci,ci3058996,2016-02-10T22:46:37.255Z,"8km NW of Morongo Valley, California",earthquake,,0.678,,74,reviewed,ci,ci
1992-08-31T18:34:25.740Z,34.589,-116.601,4.696,2.58,mc,0,60.2,,0.148,ci,ci3058654,2016-02-10T08:33:21.285Z,"37km ENE of Lucerne Valley, California",earthquake,,,,61,reviewed,ci,ci
1992-08-31T13:48:18.030Z,34.148,-116.417,1.698,2.93,mc,0,40.8,,0.15,ci,ci3058612,2016-02-09T21:42:58.862Z,"4km NNE of Yucca Valley, California",earthquake,,0.294,,81,reviewed,ci,ci
1992-08-31T12:23:27.750Z,35.685,-117.583,3.646,2.74,mc,0,126.3,,0.117,ci,ci3058775,2016-02-10T04:58:28.060Z,"11km NE of Ridgecrest, California",earthquake,,0.296,,57,reviewed,ci,ci
1992-08-31T12:22:39.750Z,34.339,-116.456,-0.082,2.67,mc,0,46.3,,0.145,ci,ci3058597,2016-02-10T22:46:21.478Z,"25km N of Yucca Valley, California",earthquake,,0.486,,69,reviewed,ci,ci
1992-08-31T12:01:14.790Z,33.886,-116.256,4.885,2.52,mc,0,33.9,,0.166,ci,ci3058595,2016-02-10T01:23:36.696Z,"14km ENE of Thousand Palms, California",earthquake,,2.011,,52,reviewed,ci,ci
1992-08-31T09:51:30.390Z,34.941,-116.79,4.98,2.77,mc,0,75.1,,0.191,ci,ci3058572,2016-02-10T22:46:16.119Z,"22km ENE of Barstow, California",earthquake,,,,73,reviewed,ci,ci
1992-08-31T09:25:40.630Z,34.455,-116.47,9.616,4.36,ml,0,47.7,,0.181,ci,ci3058571,2016-02-10T04:58:25.010Z,"38km N of Yucca Valley, California",earthquake,,0.63,,29,reviewed,ci,ci
1992-08-31T06:03:58.970Z,34.629,-116.673,4.818,2.66,mc,0,42.1,,0.168,ci,ci3058534,2016-02-10T04:58:18.659Z,"34km NE of Lucerne Valley, California",earthquake,,0.696,,73,reviewed,ci,ci
1992-08-31T03:26:59.860Z,34.634,-116.5,4.678,2.59,mc,0,45.5,,0.147,ci,ci3058510,2016-02-10T08:32:54.257Z,"33km WSW of Ludlow, California",earthquake,,9.506,,62,reviewed,ci,ci
1992-08-31T00:15:13.870Z,34.174,-116.43,5.097,2.67,mc,0,68.6,,0.158,ci,ci3058489,2016-02-10T19:06:38.706Z,"7km N of Yucca Valley, California",earthquake,,26.334,,65,reviewed,ci,ci
1992-08-30T21:40:27.740Z,34.556,-116.535,3.199,2.92,ml,0,66.3,,0.179,ci,ci3058460,2016-02-10T01:23:14.797Z,"39km WSW of Ludlow, California",earthquake,,0.698,,21,reviewed,ci,ci
1992-08-30T21:17:58.060Z,34.558,-116.54,3.738,2.78,ml,0,56.9,,0.145,ci,ci3058457,2016-02-10T22:45:48.947Z,"39km WSW of Ludlow, California",earthquake,,0.723,,18,reviewed,ci,ci
1992-08-30T20:47:23.070Z,35.409,-117.192,6.571,2.59,mc,0,147.5,0.1809,0.203,ci,ci3058450,2016-02-10T01:23:10.977Z,"40km E of Johannesburg, California",earthquake,,16.527,,57,reviewed,ci,ci
1992-08-30T20:31:04.940Z,34.28,-116.452,4.03,2.91,mc,0,43.1,,0.132,ci,ci3058448,2016-02-10T01:23:09.722Z,"18km N of Yucca Valley, California",earthquake,,0.344,,79,reviewed,ci,ci
1992-08-30T17:20:43.300Z,34.475,-116.511,2.558,2.91,ml,0,45.9,,0.162,ci,ci3058421,2016-02-10T01:23:05.937Z,"39km NE of Big Bear City, California",earthquake,,0.39,,8,reviewed,ci,ci
1992-08-30T17:15:24.130Z,34.623,-116.535,8.428,2.88,mc,0,70.3,,0.147,ci,ci3058419,2016-02-10T01:23:03.967Z,"36km WSW of Ludlow, California",earthquake,,0.729,,86,reviewed,ci,ci
1992-08-30T15:11:25.160Z,34.113,-116.993,3.393,2.63,mc,0,33.9,,0.157,ci,ci3058400,2016-02-10T22:45:37.925Z,"10km NNE of Yucaipa, California",earthquake,,0.121,,81,reviewed,ci,ci
1992-08-30T11:06:35.700Z,34.326,-116.683,-1.506,3.03,mc,0,35,,0.163,ci,ci3058362,2016-02-10T04:57:49.540Z,"16km ENE of Big Bear City, California",earthquake,,0.217,,90,reviewed,ci,ci
1992-08-30T08:27:03.480Z,34.032,-116.353,0.821,2.51,mc,0,39.3,,0.194,ci,ci3058333,2016-02-09T21:42:10.550Z,"12km SE of Yucca Valley, California",earthquake,,0.288,,35,reviewed,ci,ci
1992-08-30T08:15:12.470Z,34.006,-118.368,14.134,3.61,ml,0,98.7,,0.209,ci,ci3058332,2016-02-10T22:45:32.171Z,"0km NE of Baldwin Hills, California",earthquake,,0.223,,36,reviewed,ci,ci
1992-08-30T02:48:48.840Z,34.245,-116.434,2.507,2.62,mc,0,42.9,,0.115,ci,ci3058292,2016-02-10T12:04:05.945Z,"14km N of Yucca Valley, California",earthquake,,0.33,,69,reviewed,ci,ci
1992-08-29T23:47:34.030Z,34.596,-116.615,3.57,2.91,mc,0,41.2,,0.174,ci,ci3058267,2016-02-09T21:41:50.611Z,"36km ENE of Lucerne Valley, California",earthquake,,0.291,,82,reviewed,ci,ci
1992-08-29T22:04:48.630Z,34.154,-116.875,6.92,2.54,mc,0,39.2,,0.158,ci,ci3058817,2016-02-09T21:41:47.668Z,"10km SSE of Big Bear Lake, California",earthquake,,0.751,,69,reviewed,ci,ci
1992-08-29T14:56:32.690Z,35.018,-116.967,-1.001,2.53,mc,0,60.9,,0.2,ci,ci3058188,2016-02-10T04:57:24.313Z,"14km NNE of Barstow, California",earthquake,,1.015,,56,reviewed,ci,ci
1992-08-29T14:32:28.120Z,34.378,-116.473,0.746,2.98,ml,0,54,,0.173,ci,ci3058662,2016-02-10T08:32:07.028Z,"30km N of Yucca Valley, California",earthquake,,0.391,,15,reviewed,ci,ci
1992-08-29T13:40:19.190Z,34.111,-116.993,2.753,2.96,mc,0,33.8,,0.158,ci,ci3058175,2016-02-10T04:57:21.725Z,"10km NNE of Yucaipa, California",earthquake,,0.112,,94,reviewed,ci,ci
1992-08-29T13:01:52.470Z,34.114,-116.921,4.373,2.61,mc,0,34.9,,0.163,ci,ci3058168,2016-02-10T15:30:49.652Z,"14km NE of Yucaipa, California",earthquake,,0.563,,74,reviewed,ci,ci
1992-08-29T11:43:47.770Z,34.112,-116.92,4.443,2.5,mh,0,34.8,,0.133,ci,ci3058154,2016-02-09T21:41:32.419Z,"14km NE of Yucaipa, California",earthquake,,0.556,,0,reviewed,ci,ci
1992-08-29T09:42:03.900Z,34.599,-116.633,3.55,2.6,mc,0,59.3,,0.173,ci,ci3058136,2016-02-10T22:44:54.755Z,"35km ENE of Lucerne Valley, California",earthquake,,0.292,,73,reviewed,ci,ci
1992-08-29T08:09:17.580Z,35.091,-116.994,-0.884,2.83,mc,0,70.3,,0.221,ci,ci3058122,2016-02-09T21:41:24.683Z,"22km N of Barstow, California",earthquake,,0.827,,80,reviewed,ci,ci
1992-08-29T08:07:47.810Z,34.125,-116.395,-1.083,2.53,mc,0,36.1,,0.206,ci,ci3058121,2016-02-10T15:30:42.022Z,"4km ENE of Yucca Valley, California",earthquake,,0.459,,56,reviewed,ci,ci
1992-08-29T04:11:39.490Z,34.617,-116.657,4.538,2.5,mc,0,41,,0.188,ci,ci3058095,2016-02-10T01:22:21.376Z,"34km NE of Lucerne Valley, California",earthquake,,0.65,,58,reviewed,ci,ci
1992-08-29T01:16:28.270Z,34.983,-116.956,3.66,2.66,mc,0,60.9,,0.212,ci,ci3058055,2016-02-10T15:30:25.620Z,"11km NNE of Barstow, California",earthquake,,2.461,,69,reviewed,ci,ci
1992-08-28T19:59:33.550Z,34.018,-116.349,0.521,2.7,mc,0,52.1,,0.172,ci,ci3057982,2016-02-10T04:56:53.078Z,"13km SE of Yucca Valley, California",earthquake,,0.347,,60,reviewed,ci,ci
1992-08-28T19:05:05.220Z,34.627,-116.555,2.35,3.03,ml,0,43.3,,0.203,ci,ci3057974,2016-02-10T19:05:09.659Z,"38km WSW of Ludlow, California",earthquake,,0.302,,21,reviewed,ci,ci
1992-08-28T18:49:41.370Z,34.586,-116.616,3.58,2.6,mh,0,41.3,,0.158,ci,ci3057973,2016-02-09T21:40:59.332Z,"36km ENE of Lucerne Valley, California",earthquake,,0.313,,0,reviewed,ci,ci
1992-08-28T16:42:20.600Z,35.022,-116.966,-1.06,3.01,ml,0,61.4,,0.154,ci,ci3057957,2016-02-10T19:05:06.830Z,"15km NNE of Barstow, California",earthquake,,0.524,,28,reviewed,ci,ci
1992-08-28T13:44:43.040Z,34.624,-116.651,4.913,2.56,mc,0,41.1,,0.202,ci,ci3057930,2016-02-10T01:21:55.542Z,"35km NE of Lucerne Valley, California",earthquake,,,,69,reviewed,ci,ci
1992-08-28T13:26:11.840Z,34.429,-116.523,2.394,3.03,mc,0,44.9,,0.131,ci,ci3057928,2016-02-09T21:40:47.077Z,"35km ENE of Big Bear City, California",earthquake,,0.28,,86,reviewed,ci,ci
1992-08-28T11:50:28.460Z,34.116,-116.988,2.193,2.85,mc,0,34.7,,0.136,ci,ci3057912,2016-02-10T15:30:11.071Z,"10km NNE of Yucaipa, California",earthquake,,0.105,,81,reviewed,ci,ci
1992-08-28T11:09:23.930Z,33.947,-116.369,6.138,2.52,mc,0,32.8,,0.159,ci,ci3057906,2016-02-10T22:44:27.975Z,"12km E of Desert Hot Springs, California",earthquake,,0.271,,58,reviewed,ci,ci
1992-08-28T10:50:44.350Z,34.159,-116.427,7.587,2.72,mc,0,41,,0.19,ci,ci3057904,2016-02-10T04:56:38.339Z,"5km N of Yucca Valley, California",earthquake,,1.065,,75,reviewed,ci,ci
1992-08-28T10:04:32.190Z,34.603,-116.636,1.89,2.81,ml,0,40.4,,0.233,ci,ci3057895,2016-02-10T08:31:23.189Z,"35km ENE of Lucerne Valley, California",earthquake,,0.392,,22,reviewed,ci,ci
1992-08-28T09:35:10.470Z,34.601,-116.619,3.25,2.84,mc,0,41.1,,0.187,ci,ci3057887,2016-02-10T22:44:24.887Z,"36km ENE of Lucerne Valley, California",earthquake,,0.309,,80,reviewed,ci,ci
1992-08-28T08:29:51.650Z,34.939,-116.834,4.93,2.8,mc,0,70.6,,0.228,ci,ci3057879,2016-02-10T19:04:55.188Z,"18km ENE of Barstow, California",earthquake,,,,76,reviewed,ci,ci
1992-08-28T06:24:20.980Z,34.604,-116.635,2.32,3.17,mc,0,40.4,,0.183,ci,ci3057856,2016-02-10T12:03:05.489Z,"35km ENE of Lucerne Valley, California",earthquake,,0.344,,95,reviewed,ci,ci
1992-08-28T05:19:42.170Z,34.622,-116.672,8.478,2.92,mc,0,41.6,,0.152,ci,ci3057844,2016-02-10T19:04:47.329Z,"34km NE of Lucerne Valley, California",earthquake,,0.383,,80,reviewed,ci,ci
1992-08-28T03:20:05.210Z,34.274,-116.773,-0.437,3.03,ml,0,28,,0.147,ci,ci3057821,2016-02-10T08:31:03.767Z,"7km ENE of Big Bear City, California",earthquake,,0.233,,29,reviewed,ci,ci
1992-08-28T02:58:16.510Z,35.026,-116.979,2.978,3.05,ml,0,59.9,,0.17,ci,ci3057819,2016-02-10T22:44:10.906Z,"15km NNE of Barstow, California",earthquake,,0.744,,28,reviewed,ci,ci
1992-08-27T15:23:54.590Z,34.544,-116.537,2.408,2.83,mc,0,53.9,,0.19,ci,ci3057660,2016-02-10T04:56:15.801Z,"40km WSW of Ludlow, California",earthquake,,0.55,,77,reviewed,ci,ci
1992-08-27T14:03:51.200Z,34.507,-116.523,1.607,2.55,mc,0,46.9,,0.175,ci,ci3057648,2016-02-10T15:29:36.262Z,"40km NE of Big Bear City, California",earthquake,,0.343,,58,reviewed,ci,ci
1992-08-27T03:47:08.370Z,34.222,-116.376,6.64,2.66,mc,0,45.8,,0.159,ci,ci3057546,2016-02-10T01:20:57.668Z,"11km NNW of Joshua Tree, California",earthquake,,1.188,,70,reviewed,ci,ci
1992-08-27T02:53:35.180Z,34.976,-116.972,4.93,3.61,ml,0,58.9,,0.224,ci,ci3057542,2016-02-10T01:20:56.173Z,"10km NNE of Barstow, California",earthquake,,,,31,reviewed,ci,ci
1992-08-27T01:44:38.110Z,34.943,-116.79,4.98,3.51,ml,0,75.4,,0.183,ci,ci3057527,2016-02-10T12:02:35.311Z,"22km ENE of Barstow, California",earthquake,,,,33,reviewed,ci,ci
1992-08-27T00:11:18.540Z,34.275,-116.777,0.255,2.86,mc,0,53.5,,0.174,ci,ci3057510,2016-02-10T19:04:06.512Z,"6km ENE of Big Bear City, California",earthquake,,0.186,,82,reviewed,ci,ci
1992-08-26T20:29:01.670Z,34.945,-116.787,4.98,2.99,ml,0,76,,0.209,ci,ci3057464,2016-02-10T04:55:48.632Z,"22km ENE of Barstow, California",earthquake,,,,29,reviewed,ci,ci
1992-08-26T18:47:53.480Z,34.96,-116.942,4.93,2.59,mc,0,61.3,,0.212,ci,ci3057798,2016-02-10T15:29:03.732Z,"10km NE of Barstow, California",earthquake,,,,62,reviewed,ci,ci
1992-08-26T16:28:11.150Z,34.311,-116.436,3.122,2.68,ml,0,46.6,,0.131,ci,ci3057413,2016-02-10T22:43:36.554Z,"22km N of Yucca Valley, California",earthquake,,0.623,,24,reviewed,ci,ci
1992-08-26T15:50:48.330Z,34.277,-116.742,-1.759,2.84,mc,0,29.3,,0.139,ci,ci3057406,2016-02-10T22:43:32.449Z,"10km E of Big Bear City, California",earthquake,,0.305,,81,reviewed,ci,ci
1992-08-26T15:36:22.130Z,34.276,-116.741,-1.679,2.79,mc,0,29.3,,0.143,ci,ci3057403,2016-02-10T01:20:46.108Z,"10km E of Big Bear City, California",earthquake,,0.318,,82,reviewed,ci,ci
1992-08-26T13:50:49.650Z,34.106,-116.985,2.503,3.4,ml,0,29.9,,0.158,ci,ci3057380,2016-02-10T15:28:49.402Z,"10km NNE of Yucaipa, California",earthquake,,0.162,,33,reviewed,ci,ci
1992-08-26T13:31:02.930Z,35.518,-117.475,-0.004,2.74,mc,0,118,,0.183,ci,ci3057372,2016-02-10T04:55:27.618Z,"22km ESE of Ridgecrest, California",earthquake,,0.356,,62,reviewed,ci,ci
1992-08-26T13:21:57.470Z,34.06,-116.368,-1.093,3.83,ml,0,37.6,,0.17,ci,ci3057371,2016-02-10T12:02:17.872Z,"8km SE of Yucca Valley, California",earthquake,,0.249,,37,reviewed,ci,ci
1992-08-26T12:25:18.390Z,34.111,-116.984,2.863,2.5,mh,0,33.9,,0.141,ci,ci3057365,2016-02-10T12:02:14.046Z,"10km NNE of Yucaipa, California",earthquake,,0.115,,0,reviewed,ci,ci
1992-08-26T08:55:48.900Z,34.145,-116.427,3.257,2.96,ml,0,40.3,,0.176,ci,ci3057330,2016-02-09T21:39:36.314Z,"4km N of Yucca Valley, California",earthquake,,0.22,,26,reviewed,ci,ci
1992-08-26T08:11:57.850Z,34.249,-116.435,1.827,2.76,mc,0,42.8,,0.167,ci,ci3057315,2016-02-10T12:02:02.225Z,"15km N of Yucca Valley, California",earthquake,,0.262,,77,reviewed,ci,ci
1992-08-26T05:48:00.300Z,35.035,-116.999,4.016,2.79,mc,0,61.5,,0.162,ci,ci3057293,2016-02-10T01:20:19.615Z,"15km N of Barstow, California",earthquake,,6.404,,79,reviewed,ci,ci
1992-08-26T04:59:51.090Z,35.008,-116.959,-0.942,2.54,mc,0,61.5,,0.128,ci,ci3057283,2016-02-10T15:28:39.905Z,"14km NNE of Barstow, California",earthquake,,1.101,,65,reviewed,ci,ci
1992-08-26T01:50:13.980Z,34.51,-116.515,4.827,2.53,mc,0,67.7,,0.133,ci,ci3057249,2016-02-10T04:55:04.361Z,"40km SW of Ludlow, California",earthquake,,11.021,,63,reviewed,ci,ci
1992-08-25T23:33:44.900Z,34.587,-116.559,4.936,2.5,mh,0,132.1,0.3036,0.121,ci,ci3057226,2016-02-10T19:03:32.977Z,"39km WSW of Ludlow, California",earthquake,,,,0,reviewed,ci,ci
1992-08-25T19:46:43.510Z,34.16,-116.442,1.697,2.88,mc,0,40.6,,0.144,ci,ci3057187,2016-02-10T12:01:39.870Z,"5km N of Yucca Valley, California",earthquake,,0.265,,81,reviewed,ci,ci
1992-08-25T17:24:27.690Z,34.94,-116.785,4.917,2.84,ml,0,75.6,,0.16,ci,ci3057158,2016-02-10T08:29:35.701Z,"22km ENE of Barstow, California",earthquake,,,,21,reviewed,ci,ci
1992-08-25T17:08:46.360Z,34.593,-116.548,4.22,2.63,mc,0,65.1,,0.157,ci,ci3057156,2016-02-10T15:28:29.100Z,"38km WSW of Ludlow, California",earthquake,,0.43,,68,reviewed,ci,ci
1992-08-25T10:37:39.510Z,34.276,-116.773,0.045,2.78,mc,0,53.9,,0.158,ci,ci3057091,2016-02-10T01:19:52.591Z,"7km ENE of Big Bear City, California",earthquake,,0.176,,85,reviewed,ci,ci
1992-08-25T07:58:40.620Z,33.985,-116.294,5.535,2.61,mc,0,30.8,,0.166,ci,ci3057073,2016-02-09T21:38:52.072Z,"17km S of Joshua Tree, California",earthquake,,1.689,,61,reviewed,ci,ci
1992-08-24T22:08:31.680Z,33.993,-116.963,6.425,2.84,mc,0,37,,0.143,ci,ci3056918,2016-02-10T19:02:54.044Z,"7km N of Beaumont, California",earthquake,,0.442,,73,reviewed,ci,ci
1992-08-24T21:57:40.550Z,34.228,-116.748,1.031,2.6,mc,0,28.9,,0.131,ci,ci3056914,2016-02-10T12:01:06.498Z,"10km ESE of Big Bear City, California",earthquake,,0.275,,63,reviewed,ci,ci
1992-08-24T21:15:19.700Z,34.184,-116.808,6.497,2.97,ml,0,26.7,,0.123,ci,ci3056907,2016-02-10T19:02:51.471Z,"9km SSE of Big Bear City, California",earthquake,,1.403,,34,reviewed,ci,ci
1992-08-24T20:24:43.350Z,34.941,-116.787,5.022,3.04,ml,0,75.5,,0.158,ci,ci3056901,2016-02-10T12:01:05.160Z,"22km ENE of Barstow, California",earthquake,,,,25,reviewed,ci,ci
1992-08-24T18:21:42.480Z,34.277,-116.777,-0.309,3.45,ml,0,27.8,,0.15,ci,ci3056869,2016-02-10T04:54:25.807Z,"6km ENE of Big Bear City, California",earthquake,,0.237,,36,reviewed,ci,ci
1992-08-24T16:45:33.200Z,34.184,-116.808,7.687,3.32,ml,0,38.8,,0.124,ci,ci3056839,2016-02-10T01:19:28.980Z,"9km SSE of Big Bear City, California",earthquake,,0.707,,39,reviewed,ci,ci
1992-08-24T14:43:04.660Z,34.548,-116.542,2.587,2.5,mh,0,53.3,,0.136,ci,ci3056826,2016-02-10T22:42:15.462Z,"40km WSW of Ludlow, California",earthquake,,0.785,,0,reviewed,ci,ci
1992-08-24T13:51:46.040Z,34.274,-116.774,-0.187,4.29,ml,0,28,,0.167,ci,ci3056815,2016-02-10T08:28:55.639Z,"7km ENE of Big Bear City, California",earthquake,,0.194,,29,reviewed,ci,ci
1992-08-24T13:39:16.240Z,34.171,-116.433,4.397,2.63,mc,0,41.4,,0.164,ci,ci3056813,2016-02-10T15:27:47.634Z,"6km N of Yucca Valley, California",earthquake,,0.493,,72,reviewed,ci,ci
1992-08-24T12:51:01.270Z,34.279,-116.77,0.965,2.61,mc,0,69,,0.198,ci,ci3056809,2016-02-10T22:42:14.077Z,"7km ENE of Big Bear City, California",earthquake,,0.245,,60,reviewed,ci,ci
1992-08-24T12:43:03.610Z,34.947,-116.781,4.917,3.57,ml,0,77,,0.191,ci,ci3056807,2016-02-10T01:19:23.820Z,"23km ENE of Barstow, California",earthquake,,,,5,reviewed,ci,ci
1992-08-24T09:16:55.030Z,35.016,-116.971,-1.06,2.62,mc,0,60.6,,0.218,ci,ci3056770,2016-02-09T21:38:14.410Z,"14km NNE of Barstow, California",earthquake,,0.768,,77,reviewed,ci,ci
1992-08-24T08:08:19.480Z,34.152,-116.418,-0.893,2.71,mc,0,75.9,,0.233,ci,ci3056851,2016-02-10T08:28:40.552Z,"4km NNE of Yucca Valley, California",earthquake,,0.917,,61,reviewed,ci,ci
1992-08-24T07:44:44.080Z,35.012,-116.969,4.674,2.77,mc,0,60.7,,0.182,ci,ci3056753,2016-02-10T15:27:33.187Z,"14km NNE of Barstow, California",earthquake,,8.52,,80,reviewed,ci,ci
1992-08-24T06:33:18.500Z,34.499,-116.508,8.238,2.55,mc,0,68.3,,0.165,ci,ci3056742,2016-02-10T04:54:18.266Z,"40km SW of Ludlow, California",earthquake,,3.35,,65,reviewed,ci,ci
1992-08-24T05:47:44.110Z,34.267,-116.408,0.09,3.06,ml,0,44.8,,0.166,ci,ci3056936,2016-02-09T21:38:00.714Z,"17km NNW of Joshua Tree, California",earthquake,,0.37,,21,reviewed,ci,ci
1992-08-24T03:29:16.840Z,34.432,-116.459,1.306,2.96,mc,0,48,,0.116,ci,ci3056716,2016-02-10T04:54:12.761Z,"35km N of Yucca Valley, California",earthquake,,0.311,,85,reviewed,ci,ci
1992-08-24T00:41:39.870Z,33.949,-116.312,1.229,2.54,mc,0,31,,0.223,ci,ci3057018,2016-02-10T12:00:45.281Z,"16km NNE of Thousand Palms, California",earthquake,,0.228,,61,reviewed,ci,ci
1992-08-24T00:40:05.590Z,33.445,-116.439,9.256,2.52,mc,0,35.4,,0.246,ci,ci3056682,2016-02-09T21:37:53.928Z,"22km NNW of Borrego Springs, California",earthquake,,1.027,,11,reviewed,ci,ci
1992-08-23T19:34:57.510Z,34.147,-116.436,2.247,2.62,mc,0,40.2,,0.175,ci,ci3056632,2016-02-10T15:27:10.940Z,"4km N of Yucca Valley, California",earthquake,,0.217,,72,reviewed,ci,ci
1992-08-23T18:50:59.220Z,34.161,-116.819,5.37,3.17,ml,0,27,,0.143,ci,ci3056626,2016-02-10T22:41:41.850Z,"11km SSE of Big Bear City, California",earthquake,,1.885,,26,reviewed,ci,ci
1992-08-23T17:49:31.560Z,34.123,-116.735,8.802,3.37,ml,0,28.7,,0.178,ci,ci3056618,2016-02-10T08:28:21.690Z,"16km WNW of Morongo Valley, California",earthquake,,0.372,,36,reviewed,ci,ci
1992-08-23T17:12:37.620Z,34.975,-116.946,4.93,2.51,mc,0,61.7,,0.246,ci,ci3056614,2016-02-09T21:37:41.725Z,"11km NE of Barstow, California",earthquake,,,,60,reviewed,ci,ci
1992-08-23T15:19:07.450Z,35.006,-116.961,-1.06,2.55,mc,0,61.3,,0.211,ci,ci3056586,2016-02-10T22:41:38.984Z,"13km NNE of Barstow, California",earthquake,,0.928,,65,reviewed,ci,ci
1992-08-23T14:54:57.490Z,34.361,-116.488,-1.364,2.54,mc,0,89.9,,0.119,ci,ci3056580,2016-02-10T01:18:52.914Z,"28km N of Yucca Valley, California",earthquake,,0.468,,63,reviewed,ci,ci
1992-08-23T14:10:46.970Z,34.945,-116.757,4.917,2.79,mc,0,79,,0.198,ci,ci3056571,2016-02-11T17:27:49.587Z,"25km ENE of Barstow, California",earthquake,,,,82,reviewed,ci,ci
1992-08-23T13:46:24.640Z,34.111,-116.989,1.983,3.04,ml,0,46.9,,0.156,ci,ci3056859,2016-02-10T12:00:31.278Z,"10km NNE of Yucaipa, California",earthquake,,0.358,,11,reviewed,ci,ci
1992-08-23T13:46:04.420Z,34.111,-116.984,2.163,2.8,mh,0,22.4,,0.169,ci,ci3056567,2016-02-10T12:00:29.903Z,"10km NNE of Yucaipa, California",earthquake,,0.148,,0,reviewed,ci,ci
1992-08-23T11:58:26.600Z,34.255,-116.734,8.421,2.93,ml,0,38.8,,0.15,ci,ci3056554,2016-02-09T21:37:29.397Z,"10km E of Big Bear City, California",earthquake,,0.793,,25,reviewed,ci,ci
1992-08-23T07:36:06.180Z,34.142,-116.838,4.399,3.08,ml,0,25.7,,0.129,ci,ci3056516,2016-02-10T01:18:42.570Z,"13km SSE of Big Bear Lake, California",earthquake,,3.068,,30,reviewed,ci,ci
1992-08-23T06:40:44.480Z,35.032,-116.99,2.958,4.11,ml,0,58.5,,0.228,ci,ci3056509,2016-02-10T12:00:17.151Z,"15km NNE of Barstow, California",earthquake,,0.258,,34,reviewed,ci,ci
1992-08-23T06:36:22.020Z,34.943,-116.779,4.917,2.74,mc,0,76.6,,0.285,ci,ci3056508,2016-02-10T01:18:41.112Z,"23km ENE of Barstow, California",earthquake,,,,76,reviewed,ci,ci
1992-08-23T05:30:23.100Z,34.218,-116.776,-0.077,3.39,ml,0,27.9,,0.198,ci,ci3056494,2016-02-10T19:01:57.577Z,"8km SE of Big Bear City, California",earthquake,,0.175,,35,reviewed,ci,ci
1992-08-23T05:15:10.090Z,34.94,-116.773,4.917,2.92,ml,0,76.7,,0.329,ci,ci3056641,2016-02-09T21:37:18.305Z,"23km ENE of Barstow, California",earthquake,,,,23,reviewed,ci,ci
1992-08-23T05:14:40.220Z,34.943,-116.778,4.917,2.9,mc,0,76.7,,0.25,ci,ci3056493,2016-02-10T15:26:49.288Z,"23km ENE of Barstow, California",earthquake,,,,87,reviewed,ci,ci
1992-08-23T02:55:11.590Z,34.215,-116.737,0.313,3.24,ml,0,29.3,,0.196,ci,ci3056472,2016-02-10T19:01:50.854Z,"11km ESE of Big Bear City, California",earthquake,,0.172,,33,reviewed,ci,ci
1992-08-23T01:17:11.030Z,34.264,-116.735,-1.329,2.54,mc,0,30.3,,0.118,ci,ci3056453,2016-02-09T21:37:11.229Z,"10km E of Big Bear City, California",earthquake,,0.304,,70,reviewed,ci,ci
1992-08-22T19:08:12.400Z,34.109,-116.983,2.883,2.84,mc,0,41.2,,0.145,ci,ci3056397,2016-02-10T04:53:33.880Z,"10km NNE of Yucaipa, California",earthquake,,0.101,,85,reviewed,ci,ci
1992-08-22T17:54:47.580Z,33.993,-116.964,6.925,2.67,mc,0,27.2,,0.151,ci,ci3056390,2016-02-10T04:53:31.309Z,"7km N of Beaumont, California",earthquake,,0.456,,74,reviewed,ci,ci
1992-08-22T17:35:52.570Z,34.449,-116.504,0.164,2.67,mc,0,46,,0.133,ci,ci3056386,2016-02-10T19:01:42.427Z,"38km NE of Big Bear City, California",earthquake,,0.305,,77,reviewed,ci,ci
1992-08-22T16:27:33.120Z,34.058,-117.109,11.462,2.55,mc,0,29.6,,0.126,ci,ci3056376,2016-02-10T11:59:55.329Z,"3km ESE of Mentone, California",earthquake,,0.246,,73,reviewed,ci,ci
1992-08-22T13:43:50.690Z,35.067,-116.996,4.706,2.51,mc,0,66.4,,0.205,ci,ci3056350,2016-02-09T21:36:51.286Z,"19km N of Barstow, California",earthquake,,0.341,,65,reviewed,ci,ci
1992-08-22T13:26:20.390Z,35.018,-116.963,4.558,2.57,mc,0,61.4,,0.153,ci,ci3056348,2016-02-10T01:18:23.880Z,"14km NNE of Barstow, California",earthquake,,3.051,,67,reviewed,ci,ci
1992-08-22T08:13:16.040Z,34.341,-116.402,3.696,2.5,mc,0,49.3,,0.126,ci,ci3056299,2016-02-10T08:27:51.807Z,"24km NNW of Joshua Tree, California",earthquake,,0.341,,65,reviewed,ci,ci
1992-08-22T01:52:59.820Z,34.109,-116.985,2.243,3.33,ml,0,21.9,,0.2,ci,ci3056221,2016-02-10T01:18:00.600Z,"10km NNE of Yucaipa, California",earthquake,,0.15,,37,reviewed,ci,ci
1992-08-22T00:17:08.800Z,34.188,-116.787,-0.627,3.06,mc,0,43.3,,0.158,ci,ci3056210,2016-02-10T22:40:48.252Z,"10km SSE of Big Bear City, California",earthquake,,0.286,,89,reviewed,ci,ci
1992-08-21T20:42:57.990Z,35.029,-116.977,4.989,2.78,mc,0,82.9,,0.176,ci,ci3056169,2016-02-10T15:26:07.562Z,"15km NNE of Barstow, California",earthquake,,,,75,reviewed,ci,ci
1992-08-21T19:46:06.580Z,34.042,-116.909,15.975,3.02,mc,0,28.3,,0.153,ci,ci3056164,2016-02-10T22:40:45.628Z,"12km E of Yucaipa, California",earthquake,,0.259,,85,reviewed,ci,ci
1992-08-21T17:32:50.420Z,34.11,-116.983,2.893,2.5,mc,0,36.2,,0.077,ci,ci3056139,2016-02-09T21:36:21.537Z,"10km NNE of Yucaipa, California",earthquake,,0.114,,63,reviewed,ci,ci
1992-08-21T16:36:58.660Z,34.164,-116.434,8.977,2.7,mc,0,40.9,,0.127,ci,ci3056120,2016-02-10T04:52:58.683Z,"6km N of Yucca Valley, California",earthquake,,0.712,,68,reviewed,ci,ci
1992-08-21T01:28:53.890Z,34.518,-116.525,4.118,2.93,mc,0,48.6,,0.171,ci,ci3055968,2016-02-10T01:17:29.954Z,"40km SW of Ludlow, California",earthquake,,17.261,,88,reviewed,ci,ci
1992-08-20T21:59:54.070Z,35.038,-116.978,4.93,2.68,ml,0,60.5,,0.194,ci,ci3055916,2016-02-10T04:52:20.312Z,"16km NNE of Barstow, California",earthquake,,,,19,reviewed,ci,ci
1992-08-20T20:18:08.830Z,34.586,-116.314,4.779,2.77,mc,0,73.8,,0.209,ci,ci3055907,2016-02-10T04:52:17.589Z,"21km SW of Ludlow, California",earthquake,,,,76,reviewed,ci,ci
1992-08-20T18:35:05.770Z,34.579,-116.587,2.1,2.5,mc,0,51.8,,0.209,ci,ci3055883,2016-02-10T22:40:11.672Z,"38km ENE of Lucerne Valley, California",earthquake,,0.625,,57,reviewed,ci,ci
1992-08-20T14:15:44.290Z,34.39,-116.459,11.204,2.85,mc,0,47.5,,0.109,ci,ci3055841,2016-02-10T22:40:02.672Z,"31km N of Yucca Valley, California",earthquake,,0.375,,79,reviewed,ci,ci
1992-08-20T13:30:48.470Z,34.593,-116.611,5.827,2.56,mc,0,41.4,,0.131,ci,ci3055824,2016-02-09T21:35:42.948Z,"37km ENE of Lucerne Valley, California",earthquake,,0.666,,67,reviewed,ci,ci
1992-08-20T13:28:21.730Z,34.109,-116.985,2.513,2.77,mc,0,33.8,,0.144,ci,ci3055823,2016-02-10T11:58:53.202Z,"10km NNE of Yucaipa, California",earthquake,,0.115,,86,reviewed,ci,ci
1992-08-20T12:37:35.810Z,34.963,-116.947,4.93,2.74,mc,0,60.9,,0.229,ci,ci3055813,2016-02-10T08:26:35.375Z,"10km NE of Barstow, California",earthquake,,,,79,reviewed,ci,ci
1992-08-20T07:15:09.500Z,34.119,-116.925,3.733,2.65,ml,0,36.7,,0.191,ci,ci3055960,2016-02-10T04:52:02.383Z,"14km S of Big Bear Lake, California",earthquake,,0.461,,18,reviewed,ci,ci
1992-08-20T07:14:51.920Z,34.029,-117.541,2.264,2.74,mc,0,54.9,,0.148,ci,ci3055755,2016-02-10T22:39:52.103Z,"5km NNW of Mira Loma, California",earthquake,,0.111,,84,reviewed,ci,ci
1992-08-19T23:53:19.850Z,34.3698333,-116.4523333,4.056,2.7,mh,16,94,,0.06,ci,ci3055836,2016-04-02T12:04:27.858Z,"28km N of Yucca Valley, CA",earthquake,0.36,0.68,,0,reviewed,ci,ci
1992-08-19T23:53:19.560Z,34.174,-116.806,11.313,2.85,mc,0,84.2,,0.153,ci,ci3055677,2016-02-10T08:26:07.225Z,"10km SSE of Big Bear City, California",earthquake,,0.767,,79,reviewed,ci,ci
1992-08-19T23:41:21.140Z,34.628,-116.592,7.827,2.67,mc,0,41.8,,0.137,ci,ci3055675,2016-02-09T21:35:17.709Z,"40km ENE of Lucerne Valley, California",earthquake,,0.32,,66,reviewed,ci,ci
1992-08-19T22:38:11.860Z,35.029,-116.987,-0.9,2.56,mc,0,59.9,,0.205,ci,ci3055664,2016-02-10T08:26:03.975Z,"15km NNE of Barstow, California",earthquake,,0.755,,60,reviewed,ci,ci
1992-08-19T22:25:53.560Z,34.944,-116.868,4.93,2.54,mc,0,67.6,,0.199,ci,ci3055657,2016-02-09T21:35:13.443Z,"15km ENE of Barstow, California",earthquake,,,,67,reviewed,ci,ci
1992-08-19T20:58:09.950Z,34.269,-116.413,9.47,2.75,mc,0,45.4,,0.117,ci,ci3055637,2016-02-09T21:35:09.249Z,"17km N of Yucca Valley, California",earthquake,,0.545,,70,reviewed,ci,ci
1992-08-19T15:36:36.120Z,34.564,-116.555,8.368,2.6,mc,0,43.8,,0.168,ci,ci3055555,2016-02-10T18:59:47.359Z,"40km ENE of Lucerne Valley, California",earthquake,,1.029,,57,reviewed,ci,ci
1992-08-19T12:35:16.600Z,34.942,-116.873,4.93,2.73,mc,0,67.1,,0.218,ci,ci3055517,2016-02-10T11:58:22.867Z,"14km ENE of Barstow, California",earthquake,,,,70,reviewed,ci,ci
1992-08-19T12:25:31.420Z,34.61,-116.636,6.64,2.8,mc,0,51.6,,0.13,ci,ci3055515,2016-02-10T04:51:32.848Z,"36km ENE of Lucerne Valley, California",earthquake,,0.431,,78,reviewed,ci,ci
1992-08-19T12:04:25.660Z,34.989,-116.957,-0.84,2.7,mh,0,61.2,,0.145,ci,ci3055513,2016-02-10T01:16:32.219Z,"12km NNE of Barstow, California",earthquake,,0.456,,0,reviewed,ci,ci
1992-08-19T11:48:40.910Z,35.246,-116.883,1.921,2.57,mc,0,94.5,,0.207,ci,ci3055510,2016-02-10T01:16:30.757Z,"18km W of Fort Irwin, California",earthquake,,2.35,,16,reviewed,ci,ci
1992-08-19T10:19:44.000Z,35.019,-116.975,4.93,2.58,mc,0,60,,0.184,ci,ci3055494,2016-02-10T08:25:48.786Z,"14km NNE of Barstow, California",earthquake,,,,69,reviewed,ci,ci
1992-08-19T08:49:19.240Z,34.03,-117.129,4.782,2.77,mc,0,37.5,,0.137,ci,ci3055479,2016-02-10T11:58:20.405Z,"4km S of Mentone, California",earthquake,,0.469,,88,reviewed,ci,ci
1992-08-19T07:50:12.260Z,34.414,-116.509,2.356,3.21,ml,0,45.4,,0.12,ci,ci3055470,2016-02-09T21:34:48.542Z,"34km NNW of Yucca Valley, California",earthquake,,0.487,,34,reviewed,ci,ci
1992-08-19T05:00:31.500Z,34.498,-116.518,-0.472,2.8,mc,0,45.5,,0.157,ci,ci3055440,2016-02-10T01:16:16.582Z,"40km NE of Big Bear City, California",earthquake,,0.326,,83,reviewed,ci,ci
1992-08-19T04:00:42.880Z,34.98,-116.957,4.93,2.65,mc,0,84.8,,0.194,ci,ci3055432,2016-02-10T11:58:10.314Z,"11km NNE of Barstow, California",earthquake,,,,80,reviewed,ci,ci
1992-08-19T03:10:07.360Z,34.497,-116.519,-0.302,3.07,ml,0,45.6,,0.158,ci,ci3055426,2016-02-10T18:59:21.170Z,"40km NE of Big Bear City, California",earthquake,,0.427,,31,reviewed,ci,ci
1992-08-19T02:16:17.780Z,34.359,-116.469,2.256,2.59,mc,0,46.3,,0.132,ci,ci3055406,2016-02-10T01:16:07.694Z,"27km N of Yucca Valley, California",earthquake,,0.313,,66,reviewed,ci,ci
1992-08-19T02:06:42.090Z,34.09,-116.43,-0.683,2.5,mc,0,32.9,,0.201,ci,ci3055401,2016-02-09T21:34:33.418Z,"3km S of Yucca Valley, California",earthquake,,0.387,,53,reviewed,ci,ci
1992-08-19T02:00:56.260Z,34.092,-116.43,-0.573,2.82,mc,0,55.1,,0.18,ci,ci3055400,2016-02-10T18:59:18.114Z,"2km S of Yucca Valley, California",earthquake,,0.274,,80,reviewed,ci,ci
1992-08-19T01:26:16.710Z,34.261,-116.726,2.953,2.85,mc,0,54.3,,0.157,ci,ci3055393,2016-02-10T18:59:16.351Z,"11km E of Big Bear City, California",earthquake,,0.201,,87,reviewed,ci,ci
1992-08-18T22:35:31.430Z,33.934,-116.331,5.299,2.69,mc,0,37.5,,0.19,ci,ci3055351,2016-02-10T22:39:08.976Z,"14km NNE of Thousand Palms, California",earthquake,,,,64,reviewed,ci,ci
1992-08-18T20:33:35.090Z,34.976,-116.958,-1.01,2.88,mc,0,60.3,,0.196,ci,ci3055598,2016-02-10T22:39:04.831Z,"10km NE of Barstow, California",earthquake,,0.754,,87,reviewed,ci,ci
1992-08-18T19:36:00.490Z,34.189,-116.865,10.16,2.54,mc,0,42.3,,0.153,ci,ci3055324,2016-02-10T15:24:17.429Z,"7km SE of Big Bear Lake, California",earthquake,,0.445,,53,reviewed,ci,ci
1992-08-18T16:06:46.130Z,35.927,-116.768,5.132,2.5,mc,0,235.5,0.6246,0.276,ci,ci3057433,2016-02-10T11:57:51.973Z,"45km W of Shoshone, California",earthquake,,,,40,reviewed,ci,ci
1992-08-18T11:37:57.820Z,34.375,-116.46,6.796,2.75,mc,0,47,,0.129,ci,ci3055220,2016-02-09T21:34:06.028Z,"29km N of Yucca Valley, California",earthquake,,1.28,,79,reviewed,ci,ci
1992-08-18T11:16:44.710Z,33.895,-116.286,4.831,2.55,mc,0,31.6,,0.167,ci,ci3055214,2016-02-10T08:25:25.751Z,"13km NE of Thousand Palms, California",earthquake,,11.284,,52,reviewed,ci,ci
1992-08-18T10:56:37.220Z,34.583,-116.592,3.718,2.5,mc,0,119.1,,0.152,ci,ci3055644,2016-02-10T18:58:53.581Z,"38km ENE of Lucerne Valley, California",earthquake,,0.461,,62,reviewed,ci,ci
1992-08-18T09:46:40.730Z,34.197,-116.862,10.33,4.14,ml,0,25,,0.182,ci,ci3055197,2016-02-10T22:38:51.731Z,"7km SE of Big Bear Lake, California",earthquake,,0.248,,27,reviewed,ci,ci
1992-08-18T07:26:10.450Z,34.254,-116.434,2.577,2.73,mc,0,43,,0.129,ci,ci3055177,2016-02-10T01:15:41.385Z,"16km N of Yucca Valley, California",earthquake,,0.256,,79,reviewed,ci,ci
1992-08-18T06:51:26.400Z,34.335,-116.643,-1.532,2.65,mc,0,38.5,,0.158,ci,ci3055168,2016-02-10T18:58:49.709Z,"20km ENE of Big Bear City, California",earthquake,,0.349,,75,reviewed,ci,ci
1992-08-18T06:19:29.440Z,34.11,-116.99,2.653,2.68,mc,0,30.7,,0.132,ci,ci3055159,2016-02-10T04:50:44.628Z,"10km NNE of Yucaipa, California",earthquake,,0.111,,85,reviewed,ci,ci
1992-08-18T02:48:50.580Z,34.195,-116.874,9.79,2.88,ml,0,42,,0.134,ci,ci3055103,2016-02-10T22:38:37.997Z,"6km SSE of Big Bear Lake, California",earthquake,,0.783,,30,reviewed,ci,ci
1992-08-18T01:19:31.320Z,34.004,-116.333,2.325,2.89,ml,0,37,,0.179,ci,ci3055087,2016-02-10T18:58:42.858Z,"15km S of Joshua Tree, California",earthquake,,0.328,,19,reviewed,ci,ci
1992-08-18T01:13:49.160Z,34.935,-116.785,4.917,2.7,mc,0,74.6,,0.203,ci,ci3055086,2016-02-10T11:57:33.039Z,"22km E of Barstow, California",earthquake,,,,72,reviewed,ci,ci
1992-08-17T22:33:22.010Z,34.057,-116.383,0.583,2.71,mc,0,52.5,,0.194,ci,ci3055046,2016-02-09T21:33:40.092Z,"8km SE of Yucca Valley, California",earthquake,,0.414,,63,reviewed,ci,ci
1992-08-17T22:14:15.840Z,34.488,-116.519,0.997,2.58,mc,0,67.2,0.1781,0.217,ci,ci3055042,2016-02-10T15:23:45.744Z,"39km NE of Big Bear City, California",earthquake,,0.585,,32,reviewed,ci,ci
1992-08-17T22:04:28.060Z,34.052,-116.385,0.383,3.21,ml,0,34.7,,0.193,ci,ci3055149,2016-02-10T18:58:38.543Z,"8km SSE of Yucca Valley, California",earthquake,,0.225,,29,reviewed,ci,ci
1992-08-17T22:03:47.700Z,34.056,-116.382,2.283,2.56,mc,0,47.5,,0.208,ci,ci3055147,2016-02-09T21:33:37.747Z,"8km SE of Yucca Valley, California",earthquake,,0.222,,52,reviewed,ci,ci
1992-08-17T21:25:47.600Z,34.195,-116.869,9.03,3.35,mc,0,24.8,,0.155,ci,ci3055037,2016-02-10T04:50:31.439Z,"7km SE of Big Bear Lake, California",earthquake,,0.483,,100,reviewed,ci,ci
1992-08-17T21:06:00.880Z,35.029,-116.83,5.048,2.93,mc,0,82.6,,0.218,ci,ci3055036,2016-02-10T15:23:44.462Z,"23km NE of Barstow, California",earthquake,,,,31,reviewed,ci,ci
1992-08-17T21:03:05.180Z,34.2,-116.879,9.74,2.6,mc,0,42.9,,0.139,ci,ci3055298,2016-02-10T22:38:33.076Z,"6km SSE of Big Bear Lake, California",earthquake,,0.67,,45,reviewed,ci,ci
1992-08-17T21:01:33.510Z,34.194,-116.877,10.19,3.61,ml,0,24.5,,0.172,ci,ci3055035,2016-02-10T11:57:21.587Z,"6km SSE of Big Bear Lake, California",earthquake,,0.231,,31,reviewed,ci,ci
1992-08-17T20:55:27.690Z,34.2,-116.875,10.04,3.09,mc,0,31.1,,0.171,ci,ci3055033,2016-02-10T15:23:43.199Z,"6km SE of Big Bear Lake, California",earthquake,,0.363,,74,reviewed,ci,ci
1992-08-17T20:51:10.040Z,34.197,-116.864,9.27,2.56,mc,0,29.3,,0.151,ci,ci3055030,2016-02-10T01:15:27.967Z,"7km SE of Big Bear Lake, California",earthquake,,0.716,,42,reviewed,ci,ci
1992-08-17T20:44:54.800Z,34.197,-116.884,12.81,2.59,mc,0,59.9,,0.124,ci,ci3055136,2016-02-09T21:33:35.923Z,"6km SSE of Big Bear Lake, California",earthquake,,2.697,,6,reviewed,ci,ci
1992-08-17T20:44:45.880Z,34.193,-116.88,8.95,2.7,mc,0,60.2,,0.141,ci,ci3055129,2016-02-10T04:50:29.931Z,"6km SSE of Big Bear Lake, California",earthquake,,0.613,,15,reviewed,ci,ci
1992-08-17T20:41:52.120Z,34.195,-116.863,9.44,5.23,ml,0,25,,0.176,ci,ci3055028,2020-07-09T21:19:27.026Z,"7km SE of Big Bear Lake, California",earthquake,,0.259,,23,reviewed,ci,ci
1992-08-17T20:17:39.510Z,34.031,-116.346,3.695,2.62,mc,0,44.6,,0.189,ci,ci3055025,2016-02-10T08:24:51.041Z,"12km SSW of Joshua Tree, California",earthquake,,0.322,,52,reviewed,ci,ci
1992-08-17T18:39:54.960Z,34.122,-116.395,0.417,3.29,ml,0,35.4,,0.177,ci,ci3055006,2016-02-09T21:33:31.896Z,"4km ENE of Yucca Valley, California",earthquake,,0.359,,36,reviewed,ci,ci
1992-08-17T18:37:50.820Z,34.111,-116.995,3.863,2.65,mc,0,31.1,,0.225,ci,ci3055005,2016-02-10T18:58:29.323Z,"10km NNE of Yucaipa, California",earthquake,,0.849,,74,reviewed,ci,ci
1992-08-17T18:24:11.820Z,33.795,-118.58,5.788,2.61,mc,0,132.5,,0.117,ci,ci3055002,2016-02-10T18:58:27.738Z,"18km W of Palos Verdes Estates, California",earthquake,,,,50,reviewed,ci,ci
1992-08-17T18:20:10.100Z,34.503,-116.508,8.897,2.59,mc,0,68.3,,0.099,ci,ci3055001,2016-02-10T04:50:27.361Z,"40km SW of Ludlow, California",earthquake,,3.919,,67,reviewed,ci,ci
1992-08-17T17:36:45.350Z,34.626,-116.663,3.918,2.64,mc,0,57.3,,0.157,ci,ci3054990,2016-02-10T11:57:16.437Z,"34km NE of Lucerne Valley, California",earthquake,,0.238,,73,reviewed,ci,ci
1992-08-17T12:49:42.020Z,34.089,-116.431,0.247,3.03,ml,0,27.8,,0.195,ci,ci3054931,2016-02-10T04:50:11.144Z,"3km S of Yucca Valley, California",earthquake,,0.284,,27,reviewed,ci,ci
1992-08-17T12:36:53.320Z,34.411,-116.517,-0.914,2.52,mc,0,44.9,,0.163,ci,ci3054928,2016-02-10T15:23:24.331Z,"34km NNW of Yucca Valley, California",earthquake,,0.828,,63,reviewed,ci,ci
1992-08-17T07:07:32.650Z,34.268,-116.773,-0.227,2.5,mc,0,42.2,,0.161,ci,ci3054857,2016-02-10T22:38:09.587Z,"7km E of Big Bear City, California",earthquake,,0.271,,70,reviewed,ci,ci
1992-08-17T05:04:29.520Z,34.218,-116.434,0.847,2.61,mc,0,43.3,,0.132,ci,ci3054832,2016-02-10T22:38:05.694Z,"12km N of Yucca Valley, California",earthquake,,0.276,,63,reviewed,ci,ci
1992-08-17T04:20:09.130Z,34.786,-116.582,6.926,3.22,ml,0,55.9,,0.158,ci,ci3054824,2016-02-10T22:38:04.350Z,"39km W of Ludlow, California",earthquake,,2.412,,33,reviewed,ci,ci
1992-08-17T03:11:30.970Z,34.551,-116.528,2.967,2.64,mc,0,68.6,,0.098,ci,ci3055669,2016-02-10T08:24:23.722Z,"39km WSW of Ludlow, California",earthquake,,0.985,,73,reviewed,ci,ci
1992-08-16T18:57:07.660Z,34.597,-116.597,3.83,2.91,ml,0,41.9,,0.188,ci,ci3054730,2016-02-10T15:22:50.166Z,"38km ENE of Lucerne Valley, California",earthquake,,0.29,,22,reviewed,ci,ci
1992-08-16T16:08:27.150Z,34.113,-116.988,3.113,2.6,mc,0,41.1,,0.152,ci,ci3054700,2016-02-10T04:49:38.318Z,"10km NNE of Yucaipa, California",earthquake,,0.1,,76,reviewed,ci,ci
1992-08-16T14:47:40.140Z,34.129,-116.398,2.157,2.57,mc,0,69.4,,0.186,ci,ci3054682,2016-02-10T11:56:32.779Z,"4km ENE of Yucca Valley, California",earthquake,,0.292,,71,reviewed,ci,ci
1992-08-16T11:18:43.480Z,32.649,-115.922,5.767,3.11,md,0,130.1,0.001763,3.229,ci,ci3054637,2016-02-10T15:22:34.259Z,"12km SE of Ocotillo, California",earthquake,,,,4,reviewed,ci,ci
1992-08-16T11:06:43.070Z,35.168,-116.818,-0.404,2.85,mc,0,102.3,,0.152,ci,ci3054634,2016-02-10T08:23:51.519Z,"16km SW of Fort Irwin, California",earthquake,,2.059,,80,reviewed,ci,ci
1992-08-16T07:09:54.400Z,34.493,-116.496,3.998,2.86,mc,0,48,,0.15,ci,ci3054589,2016-02-10T04:49:16.021Z,"40km SW of Ludlow, California",earthquake,,2.786,,83,reviewed,ci,ci
1992-08-16T06:30:59.510Z,34.03,-116.678,8.692,3.72,ml,0,27.8,,0.152,ci,ci3054583,2016-02-10T15:22:30.425Z,"9km WSW of Morongo Valley, California",earthquake,,0.31,,35,reviewed,ci,ci
1992-08-16T06:15:51.000Z,34.42,-116.478,1.574,3.19,ml,0,46.9,,0.134,ci,ci3054581,2016-02-10T22:37:16.963Z,"34km N of Yucca Valley, California",earthquake,,0.43,,31,reviewed,ci,ci
1992-08-16T02:37:25.140Z,34.577,-116.596,1.59,2.62,mc,0,42.1,,0.21,ci,ci3054541,2016-02-10T01:14:21.354Z,"37km ENE of Lucerne Valley, California",earthquake,,0.725,,72,reviewed,ci,ci
1992-08-15T22:31:15.090Z,34.108,-116.976,2.663,2.51,mc,0,29.6,,0.152,ci,ci3054469,2016-02-10T22:36:57.140Z,"10km NE of Yucaipa, California",earthquake,,0.108,,64,reviewed,ci,ci
1992-08-15T22:15:04.740Z,34.609,-116.664,7.438,2.91,mc,0,40.2,,0.144,ci,ci3054467,2016-02-10T04:48:59.977Z,"33km ENE of Lucerne Valley, California",earthquake,,0.45,,84,reviewed,ci,ci
1992-08-15T21:46:37.140Z,34.111,-116.988,3.143,2.65,mc,0,33.9,,0.144,ci,ci3054463,2016-02-10T15:22:10.931Z,"10km NNE of Yucaipa, California",earthquake,,0.109,,78,reviewed,ci,ci
1992-08-15T21:35:24.450Z,34.09,-116.411,-0.393,2.58,mc,0,57.5,,0.183,ci,ci3054461,2016-02-10T15:22:09.501Z,"3km SE of Yucca Valley, California",earthquake,,0.505,,52,reviewed,ci,ci
1992-08-15T19:18:54.950Z,34.532,-116.534,7.666,2.82,mc,0,44.9,,0.142,ci,ci3054429,2016-02-10T11:55:39.363Z,"40km WSW of Ludlow, California",earthquake,,1.546,,79,reviewed,ci,ci
1992-08-15T19:09:06.210Z,34.114,-116.991,3.023,3.47,ml,0,40.9,,0.146,ci,ci3054427,2016-02-10T15:22:04.086Z,"10km NNE of Yucaipa, California",earthquake,,0.104,,31,reviewed,ci,ci
1992-08-15T18:33:03.720Z,34.117,-116.996,2.923,2.5,mc,0,40,,0.193,ci,ci3055349,2016-02-09T21:32:21.069Z,"10km NNE of Yucaipa, California",earthquake,,0.164,,42,reviewed,ci,ci
1992-08-15T18:18:06.180Z,34.116,-116.989,2.513,3.65,ml,0,29.9,,0.194,ci,ci3054415,2016-02-10T01:14:05.286Z,"10km NNE of Yucaipa, California",earthquake,,0.135,,33,reviewed,ci,ci
1992-08-15T18:17:04.720Z,34.954,-116.935,0.178,2.6,mh,0,61.4,,0.192,ci,ci3055331,2016-02-10T22:36:53.445Z,"10km NE of Barstow, California",earthquake,,0.519,,0,reviewed,ci,ci
1992-08-15T17:35:33.690Z,34.275,-116.44,-1.15,2.75,mc,0,43.5,,0.159,ci,ci3054407,2016-02-10T22:36:49.351Z,"18km N of Yucca Valley, California",earthquake,,0.379,,78,reviewed,ci,ci
1992-08-15T16:47:30.650Z,34.609,-116.639,4.94,3.15,ml,0,40.3,,0.173,ci,ci3054396,2016-02-10T01:14:00.749Z,"35km ENE of Lucerne Valley, California",earthquake,,0.526,,32,reviewed,ci,ci
1992-08-15T16:21:50.080Z,34.55,-116.555,-1.382,2.77,mc,0,43.8,,0.201,ci,ci3054390,2016-02-10T15:21:57.070Z,"40km ENE of Lucerne Valley, California",earthquake,,0.355,,82,reviewed,ci,ci
1992-08-15T15:50:42.140Z,34.388,-116.461,2.336,2.82,mc,0,47.3,,0.165,ci,ci3054384,2016-02-09T21:32:15.785Z,"31km N of Yucca Valley, California",earthquake,,0.304,,79,reviewed,ci,ci
1992-08-15T13:34:24.580Z,34.972,-116.962,-0.902,3.07,ml,0,59.8,,0.189,ci,ci3054355,2016-02-10T01:13:54.458Z,"10km NE of Barstow, California",earthquake,,0.6,,24,reviewed,ci,ci
1992-08-15T13:16:14.980Z,34.392,-116.457,2.346,2.55,mc,0,47.7,,0.145,ci,ci3054350,2016-02-10T11:55:24.409Z,"31km N of Yucca Valley, California",earthquake,,0.28,,65,reviewed,ci,ci
1992-08-15T11:50:21.130Z,35.124,-116.834,0.815,2.76,mc,0,92.2,,0.213,ci,ci3054332,2016-02-10T22:36:37.381Z,"20km SW of Fort Irwin, California",earthquake,,0.55,,12,reviewed,ci,ci
1992-08-15T09:27:13.230Z,34.091,-116.402,-0.873,3.29,ml,0,31.9,,0.208,ci,ci3054302,2016-02-10T11:55:18.649Z,"4km SE of Yucca Valley, California",earthquake,,0.247,,37,reviewed,ci,ci
1992-08-15T08:54:34.380Z,34.42,-116.479,7.456,3.35,ml,0,46.9,,0.137,ci,ci3054300,2016-02-10T15:21:37.569Z,"34km N of Yucca Valley, California",earthquake,,1.424,,34,reviewed,ci,ci
1992-08-15T08:33:41.570Z,34.09,-116.402,-0.843,2.75,mc,0,31.8,,0.217,ci,ci3054294,2016-02-10T18:56:18.813Z,"4km SE of Yucca Valley, California",earthquake,,0.352,,73,reviewed,ci,ci
1992-08-15T08:33:34.460Z,34.091,-116.402,-1.093,2.51,mc,0,58.8,,0.208,ci,ci3115312,2016-02-10T08:23:02.911Z,"4km SE of Yucca Valley, California",earthquake,,0.997,,61,reviewed,ci,ci
1992-08-15T08:24:14.660Z,34.087,-116.403,-0.546,4.73,ml,0,57.8,,0.207,ci,ci3054293,2016-02-09T21:32:00.033Z,"4km SE of Yucca Valley, California",earthquake,,0.395,,25,reviewed,ci,ci
1992-08-15T08:24:00.260Z,34.089,-116.405,-0.383,2.66,mc,0,31.2,,0.188,ci,ci3054436,2016-02-10T01:13:48.106Z,"4km SE of Yucca Valley, California",earthquake,,0.256,,10,reviewed,ci,ci
1992-08-15T07:37:31.370Z,34.358,-116.456,-0.744,3.06,ml,0,46.9,,0.182,ci,ci3054283,2016-02-10T22:36:31.098Z,"27km N of Yucca Valley, California",earthquake,,0.316,,34,reviewed,ci,ci
1992-08-15T07:07:44.270Z,34.087,-116.407,-0.813,2.6,mc,0,31,,0.194,ci,ci3054276,2016-02-10T22:36:28.530Z,"4km SE of Yucca Valley, California",earthquake,,0.284,,69,reviewed,ci,ci
1992-08-15T06:12:01.800Z,32.683,-115.926,0.967,2.99,ml,0,82.2,,0.282,ci,ci3054259,2016-02-09T21:31:55.836Z,"8km SE of Ocotillo, California",earthquake,,0.366,,12,reviewed,ci,ci
1992-08-15T04:40:39.080Z,34.143,-116.433,1.837,2.91,ml,0,40.1,,0.154,ci,ci3054246,2016-02-09T21:31:53.020Z,"3km N of Yucca Valley, California",earthquake,,0.225,,25,reviewed,ci,ci
1992-08-15T02:57:22.370Z,34.445,-116.493,-0.089,3.17,ml,0,46.5,,0.114,ci,ci3054212,2016-02-10T18:56:07.681Z,"37km N of Yucca Valley, California",earthquake,,0.473,,33,reviewed,ci,ci
1992-08-15T00:19:22.570Z,33.93,-116.306,3.881,3.54,ml,0,23.4,,0.165,ci,ci3054179,2016-02-10T18:56:00.713Z,"14km NNE of Thousand Palms, California",earthquake,,0.159,,27,reviewed,ci,ci
1992-08-14T23:38:51.970Z,34.529,-115.989,5.077,2.7,mh,0,92.1,,0.249,ci,ci3054170,2016-02-09T21:31:41.771Z,"23km W of Amboy, California",earthquake,,,,0,reviewed,ci,ci
1992-08-14T23:27:56.910Z,35.838,-117.668,7.858,3.58,ml,0,102.8,,0.153,ci,ci3054169,2016-02-10T01:13:17.691Z,"24km ESE of Little Lake, California",earthquake,,0.495,,5,reviewed,ci,ci
1992-08-14T23:25:01.910Z,34.417,-116.504,0.043,3.15,mc,0,45.6,,0.147,ci,ci3054168,2016-02-10T04:48:20.455Z,"34km N of Yucca Valley, California",earthquake,,0.378,,93,reviewed,ci,ci
1992-08-14T22:37:46.430Z,34.584,-116.567,2.88,2.57,mc,0,63.7,,0.184,ci,ci3054152,2016-02-10T08:22:37.490Z,"40km ENE of Lucerne Valley, California",earthquake,,0.482,,63,reviewed,ci,ci
1992-08-14T17:37:06.280Z,32.673,-115.93,-0.213,2.93,mc,0,94.3,,0.254,ci,ci3054060,2016-02-10T18:55:45.561Z,"9km SE of Ocotillo, California",earthquake,,0.535,,61,reviewed,ci,ci
1992-08-14T14:43:44.500Z,34.09,-116.369,-0.01,3.91,ml,0,38.3,,0.191,ci,ci3054010,2016-02-10T15:20:59.060Z,"6km ESE of Yucca Valley, California",earthquake,,0.236,,33,reviewed,ci,ci
1992-08-14T12:21:03.980Z,34.608,-116.629,7.291,2.61,mc,0,40.6,,0.193,ci,ci3053979,2016-02-10T18:55:33.986Z,"36km ENE of Lucerne Valley, California",earthquake,,0.395,,64,reviewed,ci,ci
1992-08-14T10:50:10.390Z,34.104,-116.443,7.853,3.24,mc,0,31.6,,0.229,ci,ci3054091,2016-02-10T18:55:31.006Z,"2km SW of Yucca Valley, California",earthquake,,1.147,,101,reviewed,ci,ci
1992-08-14T10:49:09.450Z,34.575,-116.58,2.457,2.66,mc,0,42.7,,0.202,ci,ci3053968,2016-02-10T04:47:48.098Z,"38km ENE of Lucerne Valley, California",earthquake,,0.439,,14,reviewed,ci,ci
1992-08-14T09:03:02.450Z,34.93,-116.859,2.512,2.51,mc,0,67.1,,0.097,ci,ci3053945,2016-02-10T04:47:44.397Z,"15km ENE of Barstow, California",earthquake,,0.672,,68,reviewed,ci,ci
1992-08-14T05:18:40.860Z,35.834,-117.68,4.119,2.62,mc,0,124.4,,0.105,ci,ci3053891,2016-02-10T18:55:14.853Z,"23km ESE of Little Lake, California",earthquake,,0.28,,42,reviewed,ci,ci
1992-08-14T04:55:40.020Z,35.838,-117.666,8.499,2.62,mc,0,133.8,,0.141,ci,ci3055023,2016-02-10T04:47:37.523Z,"24km N of Ridgecrest, California",earthquake,,1.426,,32,reviewed,ci,ci
1992-08-14T04:55:14.280Z,35.839,-117.669,8.409,2.53,mc,0,134,,0.152,ci,ci3053883,2016-02-10T15:20:37.945Z,"24km ESE of Little Lake, California",earthquake,,0.703,,52,reviewed,ci,ci
1992-08-14T03:53:31.810Z,34.983,-116.946,3.071,2.68,mc,0,62,,0.161,ci,ci3053873,2016-02-10T22:35:16.964Z,"12km NE of Barstow, California",earthquake,,0.433,,75,reviewed,ci,ci
1992-08-14T01:31:06.530Z,34.232,-116.853,9.053,3.04,ml,0,25.9,,0.146,ci,ci3053850,2016-02-10T22:35:07.259Z,"3km SSW of Big Bear City, California",earthquake,,0.361,,29,reviewed,ci,ci
1992-08-14T00:59:09.230Z,34.298,-116.445,4.866,2.66,mc,0,133.3,,0.177,ci,ci3053843,2016-02-10T11:53:47.643Z,"20km N of Yucca Valley, California",earthquake,,,,63,reviewed,ci,ci
1992-08-13T19:53:41.230Z,34.619,-116.662,3.091,3.19,ml,0,72.5,,0.183,ci,ci3053775,2016-02-10T11:53:36.958Z,"34km NE of Lucerne Valley, California",earthquake,,0.403,,25,reviewed,ci,ci
1992-08-13T19:37:43.190Z,34.622,-116.668,6.683,2.68,mc,0,41.2,,0.126,ci,ci3053770,2016-02-10T04:47:25.316Z,"34km NE of Lucerne Valley, California",earthquake,,0.52,,70,reviewed,ci,ci
1992-08-13T18:45:20.050Z,34.624,-116.658,8.333,2.53,mc,0,41.5,,0.096,ci,ci3053760,2016-02-10T15:20:22.218Z,"35km NE of Lucerne Valley, California",earthquake,,0.39,,60,reviewed,ci,ci
1992-08-13T17:40:00.190Z,34.112,-116.985,3.033,2.7,mh,0,30.1,,0.095,ci,ci3053751,2016-02-10T11:53:33.706Z,"10km NNE of Yucaipa, California",earthquake,,0.111,,0,reviewed,ci,ci
1992-08-13T16:00:11.690Z,34.554,-116.548,3.487,2.52,mc,0,44.1,,0.15,ci,ci3053728,2016-02-10T18:54:51.570Z,"40km WSW of Ludlow, California",earthquake,,0.679,,53,reviewed,ci,ci
1992-08-13T15:10:28.750Z,35.839,-117.663,9.479,2.73,mc,0,137.8,,0.157,ci,ci3053717,2016-02-10T18:54:47.989Z,"24km N of Ridgecrest, California",earthquake,,0.86,,54,reviewed,ci,ci
1992-08-13T09:45:23.800Z,34.643,-116.519,4.417,3.16,mc,0,44.6,,0.163,ci,ci3053660,2016-02-10T18:54:33.396Z,"34km WSW of Ludlow, California",earthquake,,5.643,,90,reviewed,ci,ci
1992-08-13T08:14:22.370Z,34.623,-116.666,4.291,3.26,ml,0,41.2,,0.162,ci,ci3053652,2016-02-10T08:21:14.260Z,"34km NE of Lucerne Valley, California",earthquake,,0.985,,27,reviewed,ci,ci
1992-08-13T07:25:26.480Z,34.115,-116.987,2.833,3.13,ml,0,40.1,,0.156,ci,ci3053641,2016-02-10T08:21:09.061Z,"10km NNE of Yucaipa, California",earthquake,,0.108,,32,reviewed,ci,ci
1992-08-13T06:23:53.080Z,34.256,-116.802,-1.167,2.83,mc,0,50.2,,0.184,ci,ci3053631,2016-02-10T08:21:06.144Z,"4km E of Big Bear City, California",earthquake,,0.249,,85,reviewed,ci,ci
1992-08-13T05:56:54.280Z,34.124,-116.388,4.397,2.55,mc,0,35.8,,0.182,ci,ci3053626,2016-02-10T08:21:03.446Z,"4km ENE of Yucca Valley, California",earthquake,,35.391,,57,reviewed,ci,ci
1992-08-13T05:04:04.110Z,34.108,-116.985,5.176,2.7,mc,0,52,,0.212,ci,ci3053613,2016-02-10T18:54:25.014Z,"10km NNE of Yucaipa, California",earthquake,,,,83,reviewed,ci,ci
1992-08-13T03:27:42.460Z,35.016,-116.966,-0.912,2.72,mc,0,61.2,,0.192,ci,ci3053588,2016-02-10T01:11:51.522Z,"14km NNE of Barstow, California",earthquake,,0.501,,71,reviewed,ci,ci
1992-08-13T03:00:52.800Z,34.141,-116.422,2.697,2.64,mc,0,40.3,,0.154,ci,ci3053586,2016-02-10T08:21:00.926Z,"3km NNE of Yucca Valley, California",earthquake,,0.247,,61,reviewed,ci,ci
1992-08-12T22:41:07.200Z,34.929,-116.922,-1.028,2.52,mc,0,61,,0.22,ci,ci3053525,2016-02-10T01:11:43.966Z,"10km ENE of Barstow, California",earthquake,,0.427,,62,reviewed,ci,ci
1992-08-12T20:28:55.860Z,34.622,-116.668,4.926,2.54,mc,0,46.1,,0.168,ci,ci3053487,2016-02-09T21:29:55.286Z,"34km NE of Lucerne Valley, California",earthquake,,,,64,reviewed,ci,ci
1992-08-12T17:51:17.310Z,34.311,-116.437,6.867,2.65,mc,0,46.5,,0.111,ci,ci3053448,2016-02-10T04:46:49.484Z,"22km N of Yucca Valley, California",earthquake,,0.865,,60,reviewed,ci,ci
1992-08-12T17:10:32.060Z,34.113,-116.989,2.485,2.73,mc,0,34,,0.221,ci,ci3053434,2016-02-10T04:46:46.965Z,"10km NNE of Yucaipa, California",earthquake,,0.133,,74,reviewed,ci,ci
1992-08-12T16:37:27.140Z,34.508,-116.518,3.631,2.67,mc,0,55.5,,0.154,ci,ci3053429,2016-02-10T11:52:51.359Z,"40km SW of Ludlow, California",earthquake,,0.508,,68,reviewed,ci,ci
1992-08-12T16:09:05.340Z,34.111,-116.988,3.105,2.7,mh,0,41.1,,0.188,ci,ci3053425,2016-02-09T21:29:45.126Z,"10km NNE of Yucaipa, California",earthquake,,0.165,,0,reviewed,ci,ci
1992-08-12T16:02:09.670Z,34.116,-116.989,2.235,2.59,mc,0,30,,0.196,ci,ci3053423,2016-02-10T04:46:44.273Z,"10km NNE of Yucaipa, California",earthquake,,0.249,,71,reviewed,ci,ci
1992-08-12T15:56:52.500Z,34.112,-116.983,2.185,2.67,mc,0,30,,0.175,ci,ci3053422,2016-02-10T22:34:18.543Z,"10km NNE of Yucaipa, California",earthquake,,0.177,,69,reviewed,ci,ci
1992-08-12T15:44:46.090Z,34.108,-116.982,3.165,2.94,mc,0,30.1,,0.17,ci,ci3053421,2016-02-10T04:46:42.942Z,"10km NE of Yucaipa, California",earthquake,,0.182,,85,reviewed,ci,ci
1992-08-12T15:35:59.520Z,34.929,-116.863,2.012,2.58,mc,0,89.2,,0.24,ci,ci3053419,2016-02-10T18:54:00.924Z,"15km ENE of Barstow, California",earthquake,,0.684,,52,reviewed,ci,ci
1992-08-12T15:12:01.650Z,34.112,-116.992,2.855,3.42,ml,0,22.4,,0.25,ci,ci3053417,2016-02-10T15:19:39.668Z,"10km NNE of Yucaipa, California",earthquake,,0.199,,34,reviewed,ci,ci
1992-08-12T14:25:32.460Z,34.639,-116.658,5.848,2.53,mc,0,42.7,,0.197,ci,ci3053404,2016-02-10T11:52:47.686Z,"36km NE of Lucerne Valley, California",earthquake,,0.435,,53,reviewed,ci,ci
1992-08-12T12:49:22.670Z,34.513,-116.532,-0.076,2.5,mh,0,45,,0.2,ci,ci3053384,2016-02-10T22:34:14.105Z,"40km NE of Big Bear City, California",earthquake,,0.534,,0,reviewed,ci,ci
1992-08-12T11:00:50.490Z,34.928,-116.86,2.352,2.81,mc,0,67,,0.168,ci,ci3053358,2016-02-10T18:53:50.814Z,"15km ENE of Barstow, California",earthquake,,0.677,,76,reviewed,ci,ci
1992-08-12T10:48:45.990Z,33.995,-116.363,0.031,2.76,mc,0,36.1,,0.179,ci,ci3053354,2016-02-10T04:46:31.278Z,"13km ENE of Desert Hot Springs, California",earthquake,,0.214,,69,reviewed,ci,ci
1992-08-12T09:23:58.930Z,34.07,-116.734,2.152,2.65,mc,0,33.4,,0.18,ci,ci3053338,2016-02-10T22:34:08.225Z,"14km W of Morongo Valley, California",earthquake,,0.148,,72,reviewed,ci,ci
1992-08-12T08:52:50.710Z,34.156,-116.433,5.397,2.7,mh,0,40.7,,0.161,ci,ci3053333,2016-02-10T15:19:22.562Z,"5km N of Yucca Valley, California",earthquake,,5.233,,0,reviewed,ci,ci
1992-08-12T08:17:32.860Z,34.545,-116.55,2.208,2.56,mc,0,85.2,,0.207,ci,ci3053483,2016-02-10T08:20:34.983Z,"40km ENE of Lucerne Valley, California",earthquake,,0.611,,57,reviewed,ci,ci
1992-08-12T06:17:13.230Z,33.068,-116.61,12.566,2.57,mc,0,57.9,,0.246,ci,ci3053288,2016-02-10T01:11:11.260Z,"1km SSW of Julian, California",earthquake,,0.301,,46,reviewed,ci,ci
1992-08-12T04:08:25.040Z,34.097,-116.412,2.277,2.74,mc,0,35.3,,0.159,ci,ci3053248,2016-02-10T11:52:26.243Z,"3km SE of Yucca Valley, California",earthquake,,0.195,,71,reviewed,ci,ci
1992-08-12T03:28:51.730Z,33.068,-116.61,12.646,2.74,mc,0,58,0.02,0.226,ci,ci3053240,2016-02-10T11:52:22.485Z,"1km SSW of Julian, California",earthquake,,0.344,,53,reviewed,ci,ci
1992-08-12T03:26:36.480Z,33.069,-116.612,5.132,3.42,ml,0,112.4,,0.472,ci,ci3053268,2016-02-09T21:29:22.804Z,"1km SW of Julian, California",earthquake,,,,38,reviewed,ci,ci
1992-08-12T03:26:21.710Z,33.066,-116.615,14.266,3.23,ml,0,71.4,,0.232,ci,ci3053239,2016-02-10T01:11:04.517Z,"2km SW of Julian, California",earthquake,,0.184,,22,reviewed,ci,ci
1992-08-12T00:36:08.040Z,35.014,-116.966,4.478,2.67,ml,0,61.2,,0.133,ci,ci3053203,2016-02-10T08:20:12.941Z,"14km NNE of Barstow, California",earthquake,,0.321,,27,reviewed,ci,ci
1992-08-12T00:20:43.090Z,34.515,-116.524,10.897,2.56,mc,0,45.3,,0.132,ci,ci3053200,2016-02-10T15:19:02.910Z,"40km SW of Ludlow, California",earthquake,,0.823,,55,reviewed,ci,ci
1992-08-11T23:27:29.500Z,34.248,-116.433,2.507,3.59,ml,0,42.9,,0.225,ci,ci3053192,2016-02-10T04:46:02.854Z,"15km N of Yucca Valley, California",earthquake,,0.219,,40,reviewed,ci,ci
1992-08-11T23:10:20.400Z,34.253,-116.439,1.677,2.66,ml,0,54.9,,0.21,ci,ci3053742,2016-02-10T01:10:52.736Z,"15km N of Yucca Valley, California",earthquake,,0.298,,22,reviewed,ci,ci
1992-08-11T23:08:25.000Z,34.247,-116.434,2.077,3.51,ml,0,42.8,,0.169,ci,ci3053187,2016-02-09T21:29:17.166Z,"15km N of Yucca Valley, California",earthquake,,0.23,,34,reviewed,ci,ci
1992-08-11T21:23:11.140Z,34.941,-116.779,1.246,2.54,mc,0,76.3,,0.141,ci,ci3053166,2016-02-10T08:20:00.905Z,"23km ENE of Barstow, California",earthquake,,0.82,,44,reviewed,ci,ci
1992-08-11T21:13:10.540Z,34.562,-116.447,0.127,2.78,ml,0,51.8,,0.162,ci,ci3053164,2016-02-10T18:53:09.153Z,"32km SW of Ludlow, California",earthquake,,0.679,,22,reviewed,ci,ci
1992-08-11T17:36:14.750Z,34.15,-116.438,8.067,2.68,mc,0,40.3,,0.174,ci,ci3053107,2016-02-10T01:10:39.246Z,"4km N of Yucca Valley, California",earthquake,,1.418,,59,reviewed,ci,ci
1992-08-11T16:31:05.170Z,34.632,-116.67,6.938,2.67,mc,0,42.3,,0.181,ci,ci3053093,2016-02-10T22:33:35.009Z,"34km NE of Lucerne Valley, California",earthquake,,0.454,,67,reviewed,ci,ci
1992-08-11T12:52:46.330Z,34.723,-116.084,-1.063,2.59,mc,0,110.7,,0.223,ci,ci3053052,2016-02-10T04:45:52.296Z,"7km E of Ludlow, California",earthquake,,3.852,,59,reviewed,ci,ci
1992-08-11T12:29:36.960Z,34.96,-116.941,3.588,2.72,mc,0,61.4,,0.196,ci,ci3053049,2016-02-10T04:45:50.982Z,"10km NE of Barstow, California",earthquake,,0.355,,76,reviewed,ci,ci
1992-08-11T11:28:39.550Z,34.625,-116.609,3.665,3.38,ml,0,41.2,,0.232,ci,ci3053037,2016-02-10T18:52:50.850Z,"38km ENE of Lucerne Valley, California",earthquake,,0.126,,34,reviewed,ci,ci
1992-08-11T06:33:01.770Z,34.07,-116.372,-0.693,2.56,mc,0,41.9,,0.194,ci,ci3052991,2016-02-09T21:28:32.387Z,"7km SE of Yucca Valley, California",earthquake,,0.462,,34,reviewed,ci,ci
1992-08-11T06:11:17.250Z,34.06,-116.374,-0.374,4.3,ml,0,36.6,,0.226,ci,ci3052987,2016-02-10T08:19:38.514Z,"8km SE of Yucca Valley, California",earthquake,,0.213,,27,reviewed,ci,ci
1992-08-11T05:59:14.820Z,35.689,-117.605,5.074,2.5,mc,0,118.1,,0.183,ci,ci3052982,2016-02-10T01:10:23.211Z,"10km NE of Ridgecrest, California",earthquake,,12.621,,42,reviewed,ci,ci
1992-08-11T05:24:29.770Z,35.69,-117.605,5.094,2.59,mc,0,118.9,,0.169,ci,ci3052973,2016-02-10T01:10:21.913Z,"10km NE of Ridgecrest, California",earthquake,,13.097,,53,reviewed,ci,ci
1992-08-11T03:02:38.250Z,34.923,-116.755,1.169,2.73,mc,0,75.3,,0.221,ci,ci3054111,2016-02-10T11:51:48.176Z,"25km E of Barstow, California",earthquake,,0.97,,71,reviewed,ci,ci
1992-08-11T00:49:05.310Z,34.147,-116.425,2.917,2.56,mc,0,40.5,,0.217,ci,ci3052904,2016-02-10T08:19:31.749Z,"4km N of Yucca Valley, California",earthquake,,0.269,,63,reviewed,ci,ci
1992-08-10T23:43:26.170Z,34.966,-116.93,0.64,2.7,mc,0,141.8,,0.168,ci,ci3053503,2016-02-09T21:28:14.669Z,"11km NE of Barstow, California",earthquake,,1.134,,69,reviewed,ci,ci
1992-08-10T23:11:30.460Z,34.974,-116.961,0.431,2.63,mc,0,76.9,,0.153,ci,ci3052883,2016-02-10T18:52:34.983Z,"10km NE of Barstow, California",earthquake,,0.62,,65,reviewed,ci,ci
1992-08-10T21:59:18.310Z,34.46,-116.488,0.729,2.51,mc,0,58,,0.101,ci,ci3052868,2016-02-10T22:32:55.686Z,"39km N of Yucca Valley, California",earthquake,,0.467,,58,reviewed,ci,ci
1992-08-10T21:54:57.480Z,34.097,-116.4,3.831,2.83,ml,0,35,,0.18,ci,ci3052866,2016-02-10T18:52:33.645Z,"4km ESE of Yucca Valley, California",earthquake,,0.467,,21,reviewed,ci,ci
1992-08-10T21:46:22.280Z,35.021,-116.97,5.038,2.72,ml,0,60.8,,0.178,ci,ci3052862,2016-02-09T21:28:10.833Z,"14km NNE of Barstow, California",earthquake,,1.807,,22,reviewed,ci,ci
1992-08-10T21:05:54.560Z,34.095,-117.027,2.235,2.55,mc,0,36.8,,0.217,ci,ci3052851,2016-02-10T18:52:29.722Z,"7km NNE of Yucaipa, California",earthquake,,0.19,,61,reviewed,ci,ci
1992-08-10T19:44:35.670Z,33.999,-116.326,7.116,2.57,mc,0,36.3,,0.177,ci,ci3052827,2016-02-10T01:10:00.900Z,"15km S of Joshua Tree, California",earthquake,,0.642,,52,reviewed,ci,ci
1992-08-10T12:22:06.710Z,34.572,-116.43,3.727,2.65,mc,0,54.3,,0.146,ci,ci3052745,2016-02-10T22:32:36.485Z,"30km SW of Ludlow, California",earthquake,,4.223,,53,reviewed,ci,ci
1992-08-10T10:03:14.570Z,35.113,-116.681,-1.044,2.55,mc,0,137.2,,0.159,ci,ci3052718,2016-02-10T08:19:03.590Z,"17km S of Fort Irwin, California",earthquake,,0.936,,62,reviewed,ci,ci
1992-08-10T06:37:52.350Z,34.928,-116.925,-1.058,2.65,mc,0,60.8,,0.173,ci,ci3052682,2016-02-09T21:27:39.787Z,"10km ENE of Barstow, California",earthquake,,0.525,,70,reviewed,ci,ci
1992-08-10T06:07:39.270Z,34.441,-116.464,1.926,2.55,mc,0,48.7,,0.174,ci,ci3052675,2016-02-10T11:51:12.182Z,"36km N of Yucca Valley, California",earthquake,,0.226,,69,reviewed,ci,ci
1992-08-10T06:05:22.770Z,34.436,-116.46,1.036,2.87,ml,0,48,,0.145,ci,ci3052673,2016-02-10T11:51:10.817Z,"36km N of Yucca Valley, California",earthquake,,0.497,,27,reviewed,ci,ci
1992-08-10T02:06:00.480Z,34.974,-116.954,-0.874,3.19,ml,0,60.8,,0.215,ci,ci3052616,2016-02-10T08:18:41.868Z,"10km NE of Barstow, California",earthquake,,0.575,,31,reviewed,ci,ci
1992-08-10T01:32:21.380Z,34.462,-116.466,0.903,2.58,mc,0,49.1,,0.167,ci,ci3052611,2016-02-10T15:17:58.554Z,"39km N of Yucca Valley, California",earthquake,,0.519,,67,reviewed,ci,ci
1992-08-09T21:20:11.740Z,34.056,-116.37,2.047,2.66,mc,0,37.2,,0.211,ci,ci3052551,2016-02-10T15:17:50.497Z,"9km SE of Yucca Valley, California",earthquake,,0.214,,64,reviewed,ci,ci
1992-08-09T15:30:43.350Z,34.357,-116.459,-0.934,2.81,mc,0,46.7,,0.129,ci,ci3052485,2016-02-10T01:09:17.227Z,"27km N of Yucca Valley, California",earthquake,,0.396,,75,reviewed,ci,ci
1992-08-09T11:27:58.120Z,35.123,-116.807,-0.045,2.61,mc,0,99.7,,0.185,ci,ci3052435,2016-02-10T08:18:03.787Z,"19km SW of Fort Irwin, California",earthquake,,0.654,,53,reviewed,ci,ci
1992-08-09T10:13:19.160Z,34.012,-116.36,-1.084,2.67,mc,0,41.5,,0.149,ci,ci3052417,2016-02-10T22:31:24.290Z,"13km SSE of Yucca Valley, California",earthquake,,0.361,,63,reviewed,ci,ci
1992-08-09T04:57:31.140Z,35.015,-116.964,-0.902,3.19,ml,0,61.4,,0.195,ci,ci3052358,2016-02-10T04:43:55.420Z,"14km NNE of Barstow, California",earthquake,,0.378,,30,reviewed,ci,ci
1992-08-09T01:39:23.570Z,34.145,-116.556,1.435,2.63,mc,0,38.4,,0.175,ci,ci3052313,2016-02-10T18:51:22.370Z,"11km NNE of Morongo Valley, California",earthquake,,0.242,,69,reviewed,ci,ci
1992-08-08T23:46:57.330Z,34.947,-116.926,-0.874,3.16,ml,0,87.9,,0.19,ci,ci3052291,2016-02-10T01:08:34.268Z,"10km ENE of Barstow, California",earthquake,,0.51,,32,reviewed,ci,ci
1992-08-08T22:52:44.290Z,34.581,-116.58,7.1,2.51,mc,0,62.7,,0.144,ci,ci3052282,2016-02-10T04:43:47.157Z,"39km ENE of Lucerne Valley, California",earthquake,,0.849,,53,reviewed,ci,ci
1992-08-08T20:59:24.430Z,35.015,-116.964,-1.039,2.57,mc,0,61.3,,0.179,ci,ci3052253,2016-02-10T18:51:14.660Z,"14km NNE of Barstow, California",earthquake,,0.712,,63,reviewed,ci,ci
1992-08-08T18:01:38.810Z,34.98,-116.951,3.928,2.68,mc,0,61.2,,0.196,ci,ci3052211,2016-02-10T01:08:23.878Z,"11km NE of Barstow, California",earthquake,,0.319,,70,reviewed,ci,ci
1992-08-08T16:34:31.000Z,34.015,-117.108,15.702,2.54,mc,0,24.5,,0.181,ci,ci3052186,2016-02-10T01:08:22.525Z,"6km WNW of Calimesa, California",earthquake,,0.234,,67,reviewed,ci,ci
1992-08-08T15:37:43.340Z,34.376,-116.459,1.384,4.57,ml,0,47.1,,0.148,ci,ci3052180,2016-02-10T22:30:35.321Z,"29km N of Yucca Valley, California",earthquake,,0.425,,23,reviewed,ci,ci
1992-08-08T15:12:57.110Z,34.336,-116.898,-0.312,2.56,mc,0,73.9,,0.141,ci,ci3052177,2016-02-10T18:51:05.244Z,"10km NNW of Big Bear City, California",earthquake,,0.373,,72,reviewed,ci,ci
1992-08-08T08:08:56.460Z,34.63,-116.553,7.555,2.77,ml,0,57,,0.224,ci,ci3052090,2016-02-10T11:49:28.653Z,"37km WSW of Ludlow, California",earthquake,,0.432,,21,reviewed,ci,ci
1992-08-08T04:37:18.090Z,35.842,-117.671,8.338,2.69,mc,0,102.6,,0.15,ci,ci3052036,2016-02-10T18:50:51.098Z,"24km ESE of Little Lake, California",earthquake,,0.517,,45,reviewed,ci,ci
1992-08-08T04:26:20.260Z,34.94,-116.784,4.406,2.54,mc,0,75.7,,0.209,ci,ci3052033,2016-02-10T11:49:19.477Z,"22km ENE of Barstow, California",earthquake,,33.426,,61,reviewed,ci,ci
1992-08-08T03:40:44.680Z,34.508,-116.519,5.711,2.89,mc,0,45.6,,0.141,ci,ci3052029,2016-02-10T11:49:17.923Z,"40km SW of Ludlow, California",earthquake,,5.174,,86,reviewed,ci,ci
1992-08-07T20:01:08.420Z,34.476,-116.506,4.634,2.64,mc,0,46.1,,0.158,ci,ci3051883,2016-02-10T08:16:43.976Z,"39km NE of Big Bear City, California",earthquake,,6.495,,68,reviewed,ci,ci
1992-08-07T19:04:08.530Z,34.219,-116.744,0.737,3.42,ml,0,47.9,,0.152,ci,ci3051871,2016-02-10T15:16:45.958Z,"10km ESE of Big Bear City, California",earthquake,,0.259,,31,reviewed,ci,ci
1992-08-07T17:32:41.440Z,34.946,-116.932,-0.902,2.72,mc,0,61.2,,0.236,ci,ci3051846,2016-02-10T04:42:33.745Z,"10km ENE of Barstow, California",earthquake,,0.797,,76,reviewed,ci,ci
1992-08-07T16:26:57.380Z,34.002,-117.18,3.215,2.69,mc,0,27.4,,0.149,ci,ci3051834,2016-02-10T04:42:28.429Z,"6km S of Redlands, California",earthquake,,0.377,,81,reviewed,ci,ci
1992-08-07T15:22:08.320Z,34.58,-116.484,4.177,2.81,mc,0,47,,0.152,ci,ci3052262,2016-02-10T18:50:32.787Z,"34km WSW of Ludlow, California",earthquake,,3.044,,77,reviewed,ci,ci
1992-08-07T14:42:45.440Z,34.239,-116.886,1.007,2.51,mc,0,24.8,,0.146,ci,ci3051808,2016-02-10T15:16:35.552Z,"2km ESE of Big Bear Lake, California",earthquake,,0.239,,67,reviewed,ci,ci
1992-08-07T14:17:50.230Z,34.445,-116.503,0.474,2.65,mc,0,68,,0.094,ci,ci3051806,2016-02-10T15:16:34.132Z,"37km N of Yucca Valley, California",earthquake,,0.461,,67,reviewed,ci,ci
1992-08-07T13:56:52.060Z,34.237,-116.886,1.677,2.9,ml,0,45,,0.17,ci,ci3051800,2016-02-09T21:25:22.614Z,"2km ESE of Big Bear Lake, California",earthquake,,0.244,,30,reviewed,ci,ci
1992-08-07T12:51:04.810Z,34.948,-116.928,-0.912,2.76,mc,0,61.8,,0.214,ci,ci3051789,2016-02-10T22:29:43.284Z,"10km ENE of Barstow, California",earthquake,,0.714,,83,reviewed,ci,ci
1992-08-07T12:44:50.190Z,34.121,-116.392,2.507,2.57,mc,0,68.4,,0.209,ci,ci3052259,2016-02-10T11:48:53.415Z,"4km ENE of Yucca Valley, California",earthquake,,0.373,,54,reviewed,ci,ci
1992-08-07T05:42:06.110Z,34.107,-116.985,3.225,2.85,mc,0,29.1,,0.197,ci,ci3051691,2016-02-10T22:29:18.839Z,"10km NNE of Yucaipa, California",earthquake,,0.154,,85,reviewed,ci,ci
1992-08-07T02:11:33.010Z,34.112,-116.394,-1.014,3.13,ml,0,33.2,,0.162,ci,ci3051641,2016-02-10T18:50:04.757Z,"4km E of Yucca Valley, California",earthquake,,0.289,,27,reviewed,ci,ci
1992-08-07T02:04:24.710Z,34.115,-116.391,-0.049,3.07,ml,0,33.9,,0.233,ci,ci3051639,2016-02-10T01:06:59.055Z,"4km E of Yucca Valley, California",earthquake,,0.208,,26,reviewed,ci,ci
1992-08-07T02:00:23.980Z,34.111,-116.392,-0.384,2.81,ml,0,33.7,,0.21,ci,ci3051637,2016-02-10T22:29:08.518Z,"4km E of Yucca Valley, California",earthquake,,0.224,,26,reviewed,ci,ci
1992-08-07T01:39:19.730Z,34.244,-116.432,1.567,2.71,mc,0,43.6,,0.178,ci,ci3051625,2016-02-10T04:41:58.670Z,"14km N of Yucca Valley, California",earthquake,,0.284,,72,reviewed,ci,ci
1992-08-07T01:13:54.800Z,34.11,-116.391,-1.014,2.7,ml,0,33.9,,0.174,ci,ci3051617,2016-02-09T21:24:47.685Z,"4km E of Yucca Valley, California",earthquake,,0.324,,26,reviewed,ci,ci
1992-08-07T00:43:28.390Z,34.269,-116.774,0.107,3.93,ml,0,28,,0.172,ci,ci3051614,2016-02-10T01:06:57.580Z,"7km E of Big Bear City, California",earthquake,,0.193,,13,reviewed,ci,ci
1992-08-07T00:33:12.540Z,34.975,-116.958,-0.902,2.71,mc,0,60.4,,0.189,ci,ci3051611,2016-02-10T08:16:02.352Z,"10km NE of Barstow, California",earthquake,,0.626,,78,reviewed,ci,ci
1992-08-06T23:58:09.440Z,34.495,-116.521,3.828,2.55,mc,0,45.4,,0.138,ci,ci3051604,2016-02-10T08:16:00.662Z,"40km NE of Big Bear City, California",earthquake,,10.027,,61,reviewed,ci,ci
1992-08-06T22:00:44.210Z,34.656,-116.681,2.191,2.76,ml,0,44,,0.231,ci,ci3051577,2016-02-10T18:49:53.371Z,"35km NE of Lucerne Valley, California",earthquake,,0.441,,19,reviewed,ci,ci
1992-08-06T21:31:15.230Z,34.063,-116.38,-0.213,2.56,mc,0,36.4,,0.191,ci,ci3051572,2016-02-09T21:24:38.823Z,"8km SE of Yucca Valley, California",earthquake,,0.307,,52,reviewed,ci,ci
1992-08-06T20:37:47.870Z,34.446,-116.516,-0.346,2.68,mc,0,45.4,,0.182,ci,ci3051561,2016-02-10T11:48:29.420Z,"36km NE of Big Bear City, California",earthquake,,0.451,,65,reviewed,ci,ci
1992-08-06T19:03:43.710Z,34.28,-116.714,-1.448,2.63,mc,0,30.4,,0.18,ci,ci3053287,2016-02-10T18:49:44.650Z,"12km E of Big Bear City, California",earthquake,,0.352,,68,reviewed,ci,ci
1992-08-06T18:09:13.730Z,34.1,-116.893,1.895,2.58,mc,0,34.2,,0.197,ci,ci3051528,2016-02-10T04:41:47.000Z,"16km ENE of Yucaipa, California",earthquake,,0.168,,63,reviewed,ci,ci
1992-08-06T17:23:07.820Z,34.602,-116.574,8.055,3.51,ml,0,42.7,,0.203,ci,ci3051512,2016-02-10T11:48:26.733Z,"40km WSW of Ludlow, California",earthquake,,0.53,,28,reviewed,ci,ci
1992-08-06T16:50:59.990Z,35.025,-116.968,3.968,4.13,ml,0,61.3,,0.178,ci,ci3051305,2016-02-10T01:06:44.216Z,"15km NNE of Barstow, California",earthquake,,0.249,,36,reviewed,ci,ci
1992-08-06T15:38:40.770Z,34.932,-116.842,-1.048,2.54,mc,0,68.9,,0.196,ci,ci3051294,2016-02-10T22:28:49.900Z,"17km ENE of Barstow, California",earthquake,,0.611,,55,reviewed,ci,ci
1992-08-06T15:30:26.890Z,35.011,-116.963,2.538,2.63,mc,0,61.2,,0.231,ci,ci3051293,2016-02-10T08:15:48.992Z,"14km NNE of Barstow, California",earthquake,,0.342,,68,reviewed,ci,ci
1992-08-06T15:02:55.610Z,34.178,-116.871,6.113,2.62,mc,0,25.4,,0.156,ci,ci3051287,2016-02-10T11:48:22.705Z,"8km SSE of Big Bear Lake, California",earthquake,,2.32,,73,reviewed,ci,ci
1992-08-06T14:49:18.790Z,34.628,-116.629,7.085,3.11,ml,0,40.5,,0.193,ci,ci3051283,2016-02-10T11:48:21.364Z,"37km ENE of Lucerne Valley, California",earthquake,,0.257,,29,reviewed,ci,ci
1992-08-06T13:14:43.100Z,34.344,-116.454,2.88,3,ml,0,46.6,,0.204,ci,ci3051256,2016-02-10T18:49:35.005Z,"26km N of Yucca Valley, California",earthquake,,0.317,,29,reviewed,ci,ci
1992-08-06T12:39:12.360Z,35.901,-116.705,5.173,2.59,mc,0,216.8,,0.288,ci,ci3051246,2016-02-10T01:06:38.441Z,"40km WSW of Shoshone, California",earthquake,,,,43,reviewed,ci,ci
1992-08-06T08:24:13.750Z,34.557,-116.56,4.777,2.72,ml,0,43.7,,0.154,ci,ci3051190,2016-02-10T22:28:31.785Z,"39km ENE of Lucerne Valley, California",earthquake,,7.172,,24,reviewed,ci,ci
1992-08-06T08:19:18.520Z,34.976,-116.937,-0.912,2.62,mc,0,62.6,,0.191,ci,ci3051188,2016-02-09T21:24:12.755Z,"12km NE of Barstow, California",earthquake,,0.633,,74,reviewed,ci,ci
1992-08-06T05:25:51.460Z,34.519,-116.53,-1.372,2.72,mc,0,48.2,,0.172,ci,ci3051575,2016-02-10T04:41:25.353Z,"41km WSW of Ludlow, California",earthquake,,0.599,,49,reviewed,ci,ci
1992-08-06T05:23:34.150Z,34.516,-116.534,2.898,2.63,ml,0,66.3,,0.171,ci,ci3051573,2016-02-10T08:15:26.315Z,"40km NE of Big Bear City, California",earthquake,,0.835,,26,reviewed,ci,ci
1992-08-06T03:58:00.400Z,34.581,-116.541,4.867,2.73,mc,0,65.6,,0.212,ci,ci3051142,2016-02-10T08:15:22.124Z,"38km WSW of Ludlow, California",earthquake,,2.758,,78,reviewed,ci,ci
1992-08-06T02:52:03.690Z,34.346,-116.429,3.676,2.59,mc,0,47.8,,0.2,ci,ci3051127,2016-02-10T04:41:18.246Z,"26km N of Yucca Valley, California",earthquake,,0.371,,57,reviewed,ci,ci
1992-08-06T02:21:06.590Z,34.124,-118.261,11.214,3.09,ml,0,62.5,,0.17,ci,ci3051120,2016-02-10T08:15:18.146Z,"4km N of Silver Lake, California",earthquake,,0.3,,28,reviewed,ci,ci
1992-08-06T02:06:31.980Z,35.666,-117.621,4.674,2.94,ml,0,111,0.1087,0.177,ci,ci3051119,2016-02-10T08:15:16.765Z,"7km NE of Ridgecrest, California",earthquake,,0.02,,13,reviewed,ci,ci
1992-08-06T01:24:54.200Z,34.142,-116.72,2.284,2.8,mc,0,32.4,,0.183,ci,ci3051112,2016-02-10T01:06:10.633Z,"17km NW of Morongo Valley, California",earthquake,,0.169,,84,reviewed,ci,ci
1992-08-05T23:14:54.410Z,34.113,-116.422,-0.573,2.77,ml,0,33.3,,0.18,ci,ci3051643,2016-02-09T21:23:47.366Z,"1km E of Yucca Valley, California",earthquake,,0.427,,24,reviewed,ci,ci
1992-08-05T22:22:40.820Z,34.979,-116.952,-0.851,4.79,ml,0,61.2,,0.207,ci,ci3051065,2016-02-10T15:15:18.441Z,"11km NE of Barstow, California",earthquake,,0.477,,26,reviewed,ci,ci
1992-08-05T20:03:56.520Z,34.271,-116.869,3.467,3.15,ml,0,48.6,,0.148,ci,ci3051038,2016-02-10T08:14:55.408Z,"2km WNW of Big Bear City, California",earthquake,,0.453,,35,reviewed,ci,ci
1992-08-05T19:12:06.790Z,34.638,-116.64,8.863,2.65,mc,0,58.5,,0.149,ci,ci3051022,2016-02-10T11:47:40.570Z,"37km NE of Lucerne Valley, California",earthquake,,0.324,,68,reviewed,ci,ci
1992-08-05T18:55:36.270Z,34.037,-116.358,0.461,2.72,mc,0,51.1,0.1015,0.163,ci,ci3051019,2016-02-10T04:41:10.657Z,"11km SE of Yucca Valley, California",earthquake,,0.447,,69,reviewed,ci,ci
1992-08-05T17:48:45.510Z,33.988,-117.553,1.485,2.62,mc,0,89.1,,0.123,ci,ci3051006,2016-02-10T22:28:07.787Z,"3km W of Mira Loma, California",earthquake,,0.208,,70,reviewed,ci,ci
1992-08-05T17:26:10.950Z,34.098,-116.45,7.398,3.56,ml,0,36.4,,0.168,ci,ci3051004,2016-02-10T22:28:06.337Z,"2km SW of Yucca Valley, California",earthquake,,2.327,,34,reviewed,ci,ci
1992-08-05T17:00:18.800Z,34.515,-116.518,3.904,3.17,ml,0,45.7,,0.182,ci,ci3051001,2016-02-10T11:47:38.009Z,"40km SW of Ludlow, California",earthquake,,2.601,,24,reviewed,ci,ci
1992-08-05T15:41:54.370Z,34.646,-116.53,3.107,4.09,ml,0,44.1,,0.2,ci,ci3051552,2016-02-10T11:47:36.570Z,"35km WSW of Ludlow, California",earthquake,,0.301,,32,reviewed,ci,ci
1992-08-05T15:11:41.710Z,34.597,-116.629,3.67,2.6,mc,0,57.7,,0.188,ci,ci3050975,2016-02-10T15:15:06.944Z,"35km ENE of Lucerne Valley, California",earthquake,,0.248,,62,reviewed,ci,ci
1992-08-05T15:05:07.530Z,34.039,-116.358,0.233,3.21,ml,0,47.8,,0.175,ci,ci3051130,2016-02-10T18:48:39.927Z,"11km SE of Yucca Valley, California",earthquake,,0.268,,26,reviewed,ci,ci
1992-08-05T14:44:47.070Z,34.562,-116.52,1.128,2.65,mc,0,45.3,,0.204,ci,ci3050966,2016-02-10T11:47:33.910Z,"37km WSW of Ludlow, California",earthquake,,0.956,,63,reviewed,ci,ci
1992-08-05T14:20:28.970Z,34.629,-116.666,2.381,2.9,ml,0,51.3,,0.227,ci,ci3050961,2016-02-10T18:48:36.757Z,"34km NE of Lucerne Valley, California",earthquake,,0.251,,22,reviewed,ci,ci
1992-08-05T14:10:36.300Z,34.532,-116.549,1.797,2.61,mc,0,75.4,,0.136,ci,ci3050957,2016-02-10T22:28:02.366Z,"40km ENE of Lucerne Valley, California",earthquake,,1.426,,44,reviewed,ci,ci
1992-08-05T13:01:53.610Z,33.195,-115.602,4.4,3.05,mc,0,46.5,0.08354,0.238,ci,ci3050943,2016-02-10T15:15:03.120Z,"9km WSW of Niland, California",earthquake,,0.37,,59,reviewed,ci,ci
1992-08-05T12:49:41.710Z,34.04,-116.362,3.319,2.78,mc,0,55.7,0.1039,0.122,ci,ci3051264,2016-02-10T01:05:55.822Z,"10km SE of Yucca Valley, California",earthquake,,0.604,,7,reviewed,ci,ci
1992-08-05T12:49:06.400Z,34.04,-116.362,0.286,3.24,ml,0,51.1,0.04028,0.161,ci,ci3050942,2016-02-10T01:05:54.775Z,"10km SE of Yucca Valley, California",earthquake,,0.402,,33,reviewed,ci,ci
1992-08-05T12:48:39.730Z,34.037,-116.357,4.051,2.6,mc,0,51.7,0.1017,0.108,ci,ci3051263,2016-02-10T15:15:01.772Z,"11km SE of Yucca Valley, California",earthquake,,0.863,,9,reviewed,ci,ci
1992-08-05T12:43:12.170Z,34.579,-116.579,7.27,2.5,mc,0,62.9,,0.152,ci,ci3050940,2016-02-10T08:14:44.320Z,"39km ENE of Lucerne Valley, California",earthquake,,0.998,,52,reviewed,ci,ci
1992-08-05T12:28:29.280Z,34.036,-116.365,0.551,2.67,mc,0,45.5,,0.18,ci,ci3050933,2016-02-10T18:48:30.222Z,"11km SE of Yucca Valley, California",earthquake,,0.347,,64,reviewed,ci,ci
1992-08-05T12:19:44.680Z,34.983,-116.947,3.238,2.8,mc,0,61.8,,0.195,ci,ci3050932,2016-02-10T15:15:00.514Z,"12km NE of Barstow, California",earthquake,,0.406,,78,reviewed,ci,ci
1992-08-05T08:01:31.110Z,34.635,-116.548,2.31,2.59,mc,0,64.4,,0.18,ci,ci3050873,2016-02-10T18:48:14.899Z,"37km WSW of Ludlow, California",earthquake,,0.349,,68,reviewed,ci,ci
1992-08-05T07:14:24.300Z,34.58,-116.612,-1.269,2.94,ml,0,60.7,,0.194,ci,ci3050865,2016-02-10T11:47:20.902Z,"36km ENE of Lucerne Valley, California",earthquake,,0.633,,28,reviewed,ci,ci
1992-08-05T06:19:59.670Z,35.122,-116.809,-0.785,3.24,ml,0,99.6,,0.197,ci,ci3050853,2016-02-10T01:05:42.085Z,"19km SW of Fort Irwin, California",earthquake,,0.782,,30,reviewed,ci,ci
1992-08-05T04:31:37.150Z,34.9286667,-116.9156667,-1.068,2.66,mc,25,62,,0.17,ci,ci3050822,2016-04-02T12:04:29.211Z,"10km ENE of Barstow, CA",earthquake,0.38,0.95,,76,reviewed,ci,ci
1992-08-04T21:53:23.060Z,34.085,-116.381,-0.896,3.07,ml,0,35.8,0.01553,0.18,ci,ci3050700,2016-02-10T04:40:35.609Z,"6km SE of Yucca Valley, California",earthquake,,0.394,,32,reviewed,ci,ci
1992-08-04T21:43:24.050Z,34.487,-116.516,-0.509,2.75,mc,0,56.2,,0.171,ci,ci3050698,2016-02-10T11:46:59.213Z,"39km NE of Big Bear City, California",earthquake,,0.695,,58,reviewed,ci,ci
1992-08-04T21:03:37.120Z,34.051,-116.364,-0.753,2.71,mc,0,44.2,,0.233,ci,ci3050674,2016-02-10T22:27:29.418Z,"9km SE of Yucca Valley, California",earthquake,,0.379,,49,reviewed,ci,ci
1992-08-04T19:43:29.180Z,34.928,-116.92,-1.058,2.55,mc,0,61.1,,0.208,ci,ci3050654,2016-02-09T21:22:50.121Z,"10km ENE of Barstow, California",earthquake,,0.582,,56,reviewed,ci,ci
1992-08-04T19:20:40.240Z,34.352,-116.472,4.209,2.82,mc,0,107.6,,0.153,ci,ci3050998,2016-02-09T21:22:48.885Z,"27km N of Yucca Valley, California",earthquake,,0.14,,72,reviewed,ci,ci
1992-08-04T19:06:12.290Z,34.102,-116.384,-0.925,4,ml,0,35.5,,0.192,ci,ci3050647,2016-02-10T08:14:06.582Z,"5km ESE of Yucca Valley, California",earthquake,,0.304,,32,reviewed,ci,ci
1992-08-04T14:23:48.500Z,34.631,-116.502,2.31,2.58,ml,0,45.5,,0.201,ci,ci3050579,2016-02-10T22:27:16.136Z,"33km WSW of Ludlow, California",earthquake,,0.362,,19,reviewed,ci,ci
1992-08-04T13:58:54.980Z,34.631,-116.608,3.53,2.55,mc,0,41.2,,0.182,ci,ci3050571,2016-02-10T22:27:14.640Z,"39km ENE of Lucerne Valley, California",earthquake,,0.14,,48,reviewed,ci,ci
1992-08-04T13:39:28.540Z,34.147,-116.734,8.212,2.74,ml,0,53.5,,0.14,ci,ci3050567,2016-02-10T08:13:56.165Z,"16km SE of Big Bear City, California",earthquake,,2.393,,5,reviewed,ci,ci
1992-08-04T12:54:04.290Z,34.166,-116.413,0.027,2.5,mh,0,41.8,,0.174,ci,ci3050558,2016-02-10T18:47:34.663Z,"6km NNE of Yucca Valley, California",earthquake,,0.387,,0,reviewed,ci,ci
1992-08-04T11:27:04.890Z,34.559,-116.57,-1.22,2.63,mc,0,43.3,,0.232,ci,ci3050537,2016-02-10T11:46:38.700Z,"39km ENE of Lucerne Valley, California",earthquake,,0.537,,71,reviewed,ci,ci
1992-08-04T09:45:23.690Z,34.982,-116.938,-0.859,2.6,mc,0,62.9,,0.228,ci,ci3050523,2016-02-10T22:27:06.564Z,"12km NE of Barstow, California",earthquake,,0.7,,63,reviewed,ci,ci
1992-08-04T09:16:41.920Z,34.937,-116.928,-0.902,2.59,mc,0,61,,0.211,ci,ci3050516,2016-02-10T22:27:05.085Z,"10km ENE of Barstow, California",earthquake,,0.666,,67,reviewed,ci,ci
1992-08-04T08:53:21.720Z,34.935,-116.931,-0.262,2.6,mc,0,73.3,0.09554,0.171,ci,ci3050505,2016-02-10T18:47:27.381Z,"9km ENE of Barstow, California",earthquake,,1.361,,59,reviewed,ci,ci
1992-08-04T06:34:43.330Z,34.587,-116.622,3.71,2.67,ml,0,41.1,,0.203,ci,ci3050468,2016-02-10T18:47:25.973Z,"36km ENE of Lucerne Valley, California",earthquake,,0.261,,25,reviewed,ci,ci
1992-08-04T06:11:07.590Z,33.964,-116.32,4.47,2.93,ml,0,30.2,,0.183,ci,ci3050466,2016-02-09T21:22:12.017Z,"17km E of Desert Hot Springs, California",earthquake,,0.162,,30,reviewed,ci,ci
1992-08-04T05:50:27.460Z,33.951,-116.853,6.55,3.05,ml,0,57.1,,0.146,ci,ci3050459,2016-02-22T16:13:14.616Z,"4km NE of Banning, California",earthquake,,0.785,,22,reviewed,ci,ci
1992-08-04T05:33:27.970Z,34.004,-116.334,3.175,2.5,mh,0,36.9,,0.213,ci,ci3050458,2016-02-10T18:47:22.660Z,"15km S of Joshua Tree, California",earthquake,,0.183,,0,reviewed,ci,ci
1992-08-03T19:26:23.250Z,34.077,-116.391,-1.093,2.64,mc,0,52,,0.176,ci,ci3050300,2016-02-10T08:13:27.606Z,"6km SE of Yucca Valley, California",earthquake,,0.476,,64,reviewed,ci,ci
1992-08-03T18:36:09.940Z,34.065,-116.389,1.997,2.8,ml,0,34.2,,0.196,ci,ci3050294,2016-02-10T01:04:43.421Z,"7km SE of Yucca Valley, California",earthquake,,0.212,,21,reviewed,ci,ci
1992-08-03T15:07:15.750Z,34.592,-116.608,2.35,2.64,mc,0,69.6,,0.224,ci,ci3050233,2016-02-10T08:13:19.644Z,"37km ENE of Lucerne Valley, California",earthquake,,0.574,,67,reviewed,ci,ci
1992-08-03T09:51:50.990Z,34.093,-116.415,-0.863,2.68,mc,0,36,,0.191,ci,ci3050162,2016-02-10T22:26:11.446Z,"3km SE of Yucca Valley, California",earthquake,,0.515,,72,reviewed,ci,ci
1992-08-03T09:46:57.090Z,34.138,-116.424,2.117,2.61,mc,0,39.9,,0.175,ci,ci3050161,2016-02-09T21:21:32.951Z,"3km NNE of Yucca Valley, California",earthquake,,0.536,,70,reviewed,ci,ci
1992-08-03T07:14:48.840Z,35.414,-117.782,7.685,2.56,mc,0,30,0.09819,0.193,ci,ci3050131,2016-02-09T21:21:27.846Z,"14km WNW of Johannesburg, California",earthquake,,1.474,,58,reviewed,ci,ci
1992-08-03T06:27:09.230Z,33.943,-116.356,6.069,2.64,mc,0,31,,0.195,ci,ci3050118,2016-02-10T08:12:53.453Z,"14km E of Desert Hot Springs, California",earthquake,,0.601,,65,reviewed,ci,ci
1992-08-03T05:53:29.870Z,34.402,-116.438,1.236,2.53,mc,0,49.5,,0.138,ci,ci3050110,2016-02-10T18:46:42.399Z,"32km NNW of Joshua Tree, California",earthquake,,0.626,,61,reviewed,ci,ci
1992-08-03T05:18:37.130Z,34.573,-116.42,-0.602,2.94,ml,0,57.5,,0.186,ci,ci3050105,2016-02-10T01:04:20.161Z,"29km SW of Ludlow, California",earthquake,,0.695,,21,reviewed,ci,ci
1992-08-03T05:10:11.250Z,34.018,-117.108,7.535,2.59,mc,0,24.8,,0.172,ci,ci3050103,2016-02-10T22:25:58.711Z,"6km WNW of Calimesa, California",earthquake,,1.34,,74,reviewed,ci,ci
1992-08-03T02:32:34.070Z,34.181,-116.885,8.767,2.54,mc,0,96.5,,0.221,ci,ci3050258,2016-02-10T22:25:53.437Z,"7km SSE of Big Bear Lake, California",earthquake,,0.714,,70,reviewed,ci,ci
1992-08-02T22:19:20.040Z,34.111,-116.985,3.049,2.54,mc,0,41.2,,0.149,ci,ci3050016,2016-02-09T21:21:07.861Z,"10km NNE of Yucaipa, California",earthquake,,0.317,,70,reviewed,ci,ci
1992-08-02T18:18:14.060Z,35.029,-116.976,2.751,2.55,mc,0,87.5,0.07814,0.119,ci,ci3049958,2016-02-10T22:25:28.803Z,"15km NNE of Barstow, California",earthquake,,0.51,,61,reviewed,ci,ci
1992-08-02T17:54:30.350Z,34.03,-116.861,11.708,2.61,mc,0,35.8,,0.203,ci,ci3049954,2016-02-10T01:03:50.329Z,"12km N of Banning, California",earthquake,,0.231,,76,reviewed,ci,ci
1992-08-02T14:33:56.330Z,33.982,-116.318,8.165,2.5,mc,0,31.8,,0.183,ci,ci3049917,2016-02-10T18:46:05.928Z,"17km S of Joshua Tree, California",earthquake,,0.397,,47,reviewed,ci,ci
1992-08-02T14:09:34.700Z,34.595,-116.632,2.99,2.5,mc,0,90.6,,0.162,ci,ci3050575,2016-02-10T22:25:20.841Z,"35km ENE of Lucerne Valley, California",earthquake,,0.344,,55,reviewed,ci,ci
1992-08-02T13:18:05.160Z,34.23,-116.759,1.85,2.55,mc,0,28.5,,0.172,ci,ci3049902,2016-02-10T15:12:17.266Z,"9km ESE of Big Bear City, California",earthquake,,0.235,,73,reviewed,ci,ci
1992-08-02T12:49:07.500Z,34.608,-116.579,4.78,2.8,mc,0,42.6,,0.414,ci,ci3049893,2016-02-10T04:38:35.632Z,"40km ENE of Lucerne Valley, California",earthquake,,0.69,,80,reviewed,ci,ci
1992-08-02T12:40:30.870Z,34.513,-116.532,-0.372,2.55,mc,0,45,,0.228,ci,ci3049892,2016-02-10T15:12:15.962Z,"40km NE of Big Bear City, California",earthquake,,0.435,,70,reviewed,ci,ci
1992-08-02T10:25:41.210Z,34.97,-116.942,-0.902,3.03,mc,0,61.9,,0.204,ci,ci3049871,2016-02-10T08:12:21.582Z,"11km NE of Barstow, California",earthquake,,0.493,,89,reviewed,ci,ci
1992-08-02T07:29:55.030Z,34.511,-116.515,4.118,2.93,mc,0,67.7,,0.133,ci,ci3049839,2016-02-10T08:12:12.809Z,"40km SW of Ludlow, California",earthquake,,10.06,,86,reviewed,ci,ci
1992-08-02T06:49:59.720Z,34.513,-116.518,3.277,2.53,mc,0,67.5,,0.145,ci,ci3049828,2016-02-10T18:45:51.121Z,"40km SW of Ludlow, California",earthquake,,1.06,,61,reviewed,ci,ci
1992-08-02T06:48:10.520Z,35.392,-117.732,7.655,2.96,ml,0,44.4,,0.151,ci,ci3049827,2016-02-10T08:12:11.434Z,"9km WNW of Johannesburg, California",earthquake,,0.728,,14,reviewed,ci,ci
1992-08-02T06:38:49.120Z,33.895,-116.287,6.391,2.8,ml,0,31.1,,0.154,ci,ci3049826,2016-02-09T21:20:40.764Z,"13km NE of Thousand Palms, California",earthquake,,0.881,,25,reviewed,ci,ci
1992-08-02T06:09:36.860Z,34.235,-116.438,0.757,2.5,mc,0,45.2,,0.14,ci,ci3049818,2016-02-09T21:20:37.654Z,"13km N of Yucca Valley, California",earthquake,,0.397,,63,reviewed,ci,ci
1992-08-02T05:46:36.140Z,34.234,-116.735,-0.63,2.52,mc,0,50.8,,0.152,ci,ci3049809,2016-02-09T21:20:36.018Z,"11km ESE of Big Bear City, California",earthquake,,0.434,,61,reviewed,ci,ci
1992-08-02T05:22:25.850Z,35.006,-116.965,3.718,2.83,ml,0,61.1,,0.131,ci,ci3049803,2016-02-10T18:45:46.346Z,"13km NNE of Barstow, California",earthquake,,0.352,,21,reviewed,ci,ci
1992-08-02T02:30:13.100Z,35.009,-116.964,3.268,2.99,ml,0,76.1,,0.158,ci,ci3049767,2016-02-10T11:44:45.475Z,"13km NNE of Barstow, California",earthquake,,0.389,,23,reviewed,ci,ci
1992-08-02T01:52:55.200Z,34.287,-116.726,-0.54,2.58,mc,0,58.6,,0.131,ci,ci3049991,2016-02-10T01:03:14.612Z,"11km ENE of Big Bear City, California",earthquake,,0.811,,71,reviewed,ci,ci
1992-08-01T21:55:02.300Z,35.018,-116.969,4.008,2.6,mc,0,60.6,,0.168,ci,ci3049693,2016-02-10T22:24:50.544Z,"14km NNE of Barstow, California",earthquake,,0.566,,60,reviewed,ci,ci
1992-08-01T20:36:38.270Z,34.114,-116.921,4.904,2.6,ml,0,34.9,,0.167,ci,ci3049669,2016-02-10T04:38:03.681Z,"14km NE of Yucaipa, California",earthquake,,0.976,,28,reviewed,ci,ci
1992-08-01T18:24:35.100Z,34.108,-116.975,2.91,2.66,mc,0,29.5,,0.173,ci,ci3049641,2016-02-10T01:02:53.632Z,"10km NE of Yucaipa, California",earthquake,,0.22,,73,reviewed,ci,ci
1992-08-01T16:51:51.870Z,34.943,-116.934,0.538,2.6,mc,0,80.4,,0.194,ci,ci3049613,2016-02-10T01:02:47.068Z,"10km ENE of Barstow, California",earthquake,,0.886,,69,reviewed,ci,ci
1992-08-01T15:53:11.490Z,35.014,-116.967,-0.912,2.93,ml,0,75.5,,0.235,ci,ci3049605,2016-02-10T08:11:44.905Z,"14km NNE of Barstow, California",earthquake,,0.718,,21,reviewed,ci,ci
1992-08-01T15:50:37.630Z,34.096,-116.413,4.067,2.55,mc,0,41.8,,0.2,ci,ci3050337,2016-02-10T22:24:36.470Z,"3km SE of Yucca Valley, California",earthquake,,0.748,,47,reviewed,ci,ci
1992-08-01T15:50:06.580Z,34.618,-116.659,2.828,2.55,mc,0,63.2,,0.22,ci,ci3049604,2016-02-09T21:19:40.386Z,"34km NE of Lucerne Valley, California",earthquake,,0.381,,66,reviewed,ci,ci
1992-08-01T15:45:31.320Z,34.119,-116.411,2.237,2.64,mc,0,38.6,,0.192,ci,ci3049603,2016-02-10T01:02:44.558Z,"2km ENE of Yucca Valley, California",earthquake,,0.275,,72,reviewed,ci,ci
1992-08-01T14:40:53.060Z,34.366,-116.457,-0.274,3.29,ml,0,47,,0.194,ci,ci3049586,2016-02-10T18:45:08.305Z,"28km N of Yucca Valley, California",earthquake,,0.326,,26,reviewed,ci,ci
1992-08-01T13:27:18.510Z,34.208,-116.869,0.576,2.97,ml,0,43.9,,0.161,ci,ci3049573,2016-02-10T08:11:37.628Z,"6km SE of Big Bear Lake, California",earthquake,,0.273,,27,reviewed,ci,ci
1992-08-01T12:30:42.710Z,34.281,-116.73,-0.77,2.71,mc,0,30.6,,0.164,ci,ci3049557,2016-02-10T08:11:36.258Z,"11km ENE of Big Bear City, California",earthquake,,0.336,,82,reviewed,ci,ci
1992-08-01T10:11:34.160Z,34.594,-116.622,3.59,2.53,mc,0,40.9,,0.199,ci,ci3049527,2016-02-10T15:11:32.439Z,"36km ENE of Lucerne Valley, California",earthquake,,0.276,,69,reviewed,ci,ci
1992-08-01T09:03:04.560Z,34.574,-116.425,-0.361,2.51,mc,0,56.8,,0.165,ci,ci3049512,2016-02-09T21:19:21.537Z,"29km SW of Ludlow, California",earthquake,,0.75,,57,reviewed,ci,ci
1992-08-01T08:50:49.750Z,34.116,-116.403,4.067,2.66,mc,0,65.1,,0.186,ci,ci3049511,2016-02-10T11:44:00.623Z,"3km E of Yucca Valley, California",earthquake,,2.557,,71,reviewed,ci,ci
1992-08-01T08:38:16.460Z,33.947,-116.311,3.719,3.01,ml,0,33.5,,0.176,ci,ci3049510,2016-02-10T11:43:58.568Z,"16km NNE of Thousand Palms, California",earthquake,,0.16,,25,reviewed,ci,ci
1992-08-01T08:03:10.340Z,34.617,-116.613,2.55,2.94,mc,0,41.1,,0.209,ci,ci3049501,2016-02-10T22:24:31.026Z,"38km ENE of Lucerne Valley, California",earthquake,,0.232,,88,reviewed,ci,ci
1992-08-01T06:15:01.050Z,34.107,-116.976,3.049,2.66,mc,0,22.7,,0.216,ci,ci3049468,2016-02-10T04:37:38.142Z,"10km NE of Yucaipa, California",earthquake,,0.154,,82,reviewed,ci,ci
1992-08-01T04:57:06.930Z,34.12,-116.394,0.407,3.3,ml,0,34.6,,0.204,ci,ci3049458,2016-02-10T11:43:43.555Z,"4km E of Yucca Valley, California",earthquake,,0.236,,31,reviewed,ci,ci
1992-08-01T04:28:37.480Z,34.258,-116.439,2.787,2.8,mc,0,43.7,,0.166,ci,ci3049453,2016-02-10T01:02:17.752Z,"16km N of Yucca Valley, California",earthquake,,0.327,,81,reviewed,ci,ci
1992-08-01T04:20:49.890Z,35.935,-116.75,5.173,2.88,ml,0,218.2,0.6335,0.264,ci,ci3049452,2016-02-10T22:24:27.054Z,"43km W of Shoshone, California",earthquake,,,,11,reviewed,ci,ci
1992-08-01T00:11:38.020Z,34.596,-116.618,2.23,2.67,mc,0,41.1,,0.199,ci,ci3049390,2016-02-10T22:24:18.818Z,"36km ENE of Lucerne Valley, California",earthquake,,0.342,,74,reviewed,ci,ci
1992-07-31T22:37:16.950Z,34.325,-116.456,5.74,3.55,ml,0,46,,0.158,ci,ci3049370,2016-02-10T11:43:29.234Z,"24km N of Yucca Valley, California",earthquake,,1.536,,31,reviewed,ci,ci
1992-07-31T20:57:00.890Z,34.099,-116.413,0.087,2.53,mc,0,63.6,,0.161,ci,ci3049338,2016-02-10T04:37:18.243Z,"2km SE of Yucca Valley, California",earthquake,,0.502,,54,reviewed,ci,ci
1992-07-31T18:21:18.760Z,34.104,-116.42,-0.783,3.1,ml,0,31.2,,0.171,ci,ci3049303,2016-02-10T11:43:19.649Z,"2km SE of Yucca Valley, California",earthquake,,0.317,,26,reviewed,ci,ci
1992-07-31T18:03:52.400Z,34.099,-116.42,-0.883,3.97,ml,0,29.9,,0.183,ci,ci3049302,2016-02-10T18:44:20.368Z,"2km SSE of Yucca Valley, California",earthquake,,0.311,,32,reviewed,ci,ci
1992-07-31T16:43:58.700Z,34.828,-116.319,2.476,2.57,mc,0,96.3,,0.179,ci,ci3049280,2016-02-09T21:18:43.491Z,"19km NW of Ludlow, California",earthquake,,0.269,,35,reviewed,ci,ci
1992-07-31T16:31:01.840Z,34.337,-116.899,-0.108,3.52,ml,0,28,,0.185,ci,ci3049275,2016-02-09T21:18:40.850Z,"10km NNW of Big Bear City, California",earthquake,,0.352,,32,reviewed,ci,ci
1992-07-31T15:57:12.630Z,34.311,-116.427,5.046,2.68,mc,0,46.8,,0.135,ci,ci3049271,2016-02-09T21:18:39.241Z,"22km N of Yucca Valley, California",earthquake,,1.118,,68,reviewed,ci,ci
1992-07-31T14:55:00.330Z,34.9938333,-116.9445,3.441,2.69,mc,42,63,,0.19,ci,ci3049253,2016-04-02T08:47:45.820Z,"13km NE of Barstow, CA",earthquake,0.34,1.06,,69,reviewed,ci,ci
1992-07-31T14:27:29.150Z,34.938,-116.924,-0.902,3.04,ml,0,61.4,,0.22,ci,ci3049246,2016-02-10T15:10:50.012Z,"10km ENE of Barstow, California",earthquake,,0.88,,23,reviewed,ci,ci
1992-07-31T13:48:37.630Z,34.994,-116.948,5.718,2.79,mc,0,62.4,,0.153,ci,ci3049240,2016-02-10T01:01:44.781Z,"13km NNE of Barstow, California",earthquake,,2.448,,81,reviewed,ci,ci
1992-07-31T12:45:55.590Z,34.982,-116.947,3.418,2.8,mc,0,61.8,0.07651,0.193,ci,ci3049230,2016-02-10T22:24:01.483Z,"12km NE of Barstow, California",earthquake,,0.443,,80,reviewed,ci,ci
1992-07-31T12:04:04.550Z,35.394,-117.725,8.325,2.5,ml,0,29.9,0.06004,0.204,ci,ci3049681,2016-02-10T08:10:53.803Z,"8km WNW of Johannesburg, California",earthquake,,0.702,,5,reviewed,ci,ci
1992-07-31T11:50:25.810Z,34.596,-116.626,3.82,2.68,mc,0,57.8,,0.189,ci,ci3049217,2016-02-10T15:10:44.388Z,"36km ENE of Lucerne Valley, California",earthquake,,0.194,,73,reviewed,ci,ci
1992-07-31T11:29:54.160Z,34.444,-116.457,2.102,3.48,ml,0,48.3,,0.122,ci,ci3049214,2016-02-10T11:43:07.430Z,"37km N of Yucca Valley, California",earthquake,,0.481,,33,reviewed,ci,ci
1992-07-31T10:51:25.900Z,34.129,-116.876,4.413,3.25,ml,0,24.6,,0.157,ci,ci3049208,2016-02-10T11:43:06.004Z,"13km SSE of Big Bear Lake, California",earthquake,,2.035,,31,reviewed,ci,ci
1992-07-31T08:48:46.970Z,35.393,-117.728,8.195,3.43,ml,0,29.8,0.06112,0.213,ci,ci3049182,2016-02-10T22:23:51.610Z,"9km WNW of Johannesburg, California",earthquake,,0.65,,23,reviewed,ci,ci
1992-07-31T08:03:21.130Z,34.014,-116.352,3.011,2.57,mc,0,50.7,,0.159,ci,ci3049174,2016-02-10T15:10:41.650Z,"13km SSE of Yucca Valley, California",earthquake,,0.264,,47,reviewed,ci,ci
1992-07-31T07:53:30.130Z,34.015,-116.354,0.971,2.9,mc,0,42.6,,0.18,ci,ci3049173,2016-02-10T15:10:40.266Z,"13km SSE of Yucca Valley, California",earthquake,,0.285,,74,reviewed,ci,ci
1992-07-31T07:50:04.560Z,35.945,-116.754,5.132,2.57,mc,0,237.8,,0.174,ci,ci3049167,2016-02-10T01:01:31.614Z,"44km W of Shoshone, California",earthquake,,,,36,reviewed,ci,ci
1992-07-31T06:20:19.350Z,34.04,-116.354,-0.381,3.01,ml,0,38.2,,0.195,ci,ci3049155,2016-02-10T08:10:38.823Z,"11km SE of Yucca Valley, California",earthquake,,0.246,,27,reviewed,ci,ci
1992-07-31T06:04:40.450Z,33.962,-116.355,5.299,2.52,mc,0,42.7,,0.189,ci,ci3049341,2016-02-10T01:01:29.118Z,"14km E of Desert Hot Springs, California",earthquake,,0.751,,38,reviewed,ci,ci
1992-07-31T06:03:14.380Z,35.76,-117.62,11.712,3.64,ml,0,104.9,,0.149,ci,ci3049150,2016-02-10T01:01:27.890Z,"16km NNE of Ridgecrest, California",earthquake,,0.379,,22,reviewed,ci,ci
1992-07-31T05:51:54.100Z,35.32,-117.462,5.021,2.76,mc,0,68.4,,0.252,ci,ci3049147,2016-02-10T11:42:59.471Z,"17km ESE of Johannesburg, California",earthquake,,,,77,reviewed,ci,ci
1992-07-31T05:16:53.280Z,34.103,-116.393,1.867,2.76,mc,0,63.5,,0.188,ci,ci3049137,2016-02-10T04:36:49.622Z,"4km ESE of Yucca Valley, California",earthquake,,0.19,,41,reviewed,ci,ci
1992-07-31T01:46:35.750Z,34.357,-116.45,0.106,2.5,mh,0,47,,0.128,ci,ci3049095,2016-02-10T15:10:29.839Z,"27km N of Yucca Valley, California",earthquake,,0.444,,0,reviewed,ci,ci
1992-07-30T23:15:09.400Z,34.935,-116.921,-0.902,2.68,mc,0,82,,0.202,ci,ci3049049,2016-02-10T15:10:23.201Z,"10km ENE of Barstow, California",earthquake,,0.762,,64,reviewed,ci,ci
1992-07-30T22:44:31.520Z,34.135,-116.608,0.792,2.61,mc,0,39,,0.156,ci,ci3049040,2016-02-10T11:42:44.772Z,"10km NNW of Morongo Valley, California",earthquake,,0.324,,58,reviewed,ci,ci
1992-07-30T21:12:44.170Z,34.962,-116.943,3.688,2.91,mc,0,85.9,,0.181,ci,ci3049021,2016-02-10T04:36:36.889Z,"10km NE of Barstow, California",earthquake,,0.407,,72,reviewed,ci,ci
1992-07-30T21:08:20.910Z,33.941,-116.357,6.459,3.43,ml,0,33.9,,0.189,ci,ci3049019,2016-02-10T22:23:29.710Z,"14km E of Desert Hot Springs, California",earthquake,,0.546,,34,reviewed,ci,ci
1992-07-30T21:06:24.240Z,34.125,-116.412,-0.003,2.97,ml,0,37.3,,0.17,ci,ci3049017,2016-02-10T04:36:35.391Z,"2km ENE of Yucca Valley, California",earthquake,,0.346,,20,reviewed,ci,ci
1992-07-30T20:59:51.800Z,33.918,-116.297,2.209,3.02,ml,0,21.9,,0.159,ci,ci3049016,2016-02-09T21:18:09.186Z,"14km NE of Thousand Palms, California",earthquake,,0.179,,21,reviewed,ci,ci
1992-07-30T19:58:19.230Z,34.306,-116.855,0.005,2.6,mc,0,42.3,,0.152,ci,ci3049003,2016-02-10T15:10:19.326Z,"5km N of Big Bear City, California",earthquake,,0.248,,68,reviewed,ci,ci
1992-07-30T19:16:48.180Z,34.456,-116.508,-0.326,2.84,mc,0,45.7,,0.104,ci,ci3048995,2016-02-09T21:18:07.733Z,"38km NE of Big Bear City, California",earthquake,,0.445,,80,reviewed,ci,ci
1992-07-30T16:40:41.190Z,34.629,-116.599,4.83,2.62,mc,0,41.5,,0.188,ci,ci3048950,2016-02-10T18:43:32.534Z,"40km ENE of Lucerne Valley, California",earthquake,,0.351,,66,reviewed,ci,ci
1992-07-30T10:22:46.850Z,35.633,-117.42,4.091,2.88,ml,0,148.9,,0.183,ci,ci3048865,2016-02-10T11:42:26.475Z,"15km S of Searles Valley, California",earthquake,,0.187,,8,reviewed,ci,ci
1992-07-30T08:10:38.070Z,32.598,-115.614,15.784,2.95,mc,0,184.7,,0.263,ci,ci3048837,2016-02-10T18:43:03.074Z,"4km NW of Progreso, B.C., MX",earthquake,,0.209,,34,reviewed,ci,ci
1992-07-30T07:40:15.360Z,34.393,-116.458,2.126,3.1,ml,0,47.5,,0.192,ci,ci3048833,2016-02-10T04:35:49.846Z,"31km N of Yucca Valley, California",earthquake,,0.335,,28,reviewed,ci,ci
1992-07-30T07:36:21.060Z,35.049,-116.978,3.257,2.66,mc,0,62.3,,0.228,ci,ci3048832,2016-02-10T01:00:46.753Z,"17km NNE of Barstow, California",earthquake,,0.288,,74,reviewed,ci,ci
1992-07-30T07:33:43.700Z,34.463,-116.503,0.494,2.57,mc,0,46,,0.191,ci,ci3048830,2016-02-10T11:42:22.097Z,"39km NE of Big Bear City, California",earthquake,,0.366,,61,reviewed,ci,ci
1992-07-30T06:20:18.730Z,34.451,-116.472,2.559,2.93,ml,0,48.3,,0.131,ci,ci3048808,2016-02-10T11:42:17.682Z,"38km N of Yucca Valley, California",earthquake,,0.408,,16,reviewed,ci,ci
1992-07-30T04:18:22.050Z,34.576,-116.305,4.779,2.67,mc,0,72.2,,0.225,ci,ci3048781,2016-02-10T15:09:50.538Z,"21km SW of Ludlow, California",earthquake,,,,73,reviewed,ci,ci
1992-07-30T01:41:39.420Z,34.171,-116.845,3.947,2.81,mc,0,26.2,,0.147,ci,ci3048733,2016-02-10T08:09:37.805Z,"10km S of Big Bear City, California",earthquake,,16.982,,81,reviewed,ci,ci
1992-07-30T01:34:11.790Z,34.252,-116.434,2.247,2.6,mc,0,43.8,,0.182,ci,ci3048732,2016-02-10T04:35:30.446Z,"15km N of Yucca Valley, California",earthquake,,0.295,,66,reviewed,ci,ci
1992-07-29T22:56:41.230Z,34.26,-116.434,-0.733,2.64,mc,0,44.1,,0.222,ci,ci3048688,2016-02-10T08:09:29.522Z,"16km N of Yucca Valley, California",earthquake,,0.351,,68,reviewed,ci,ci
1992-07-29T20:38:01.020Z,34.398,-116.513,-1.374,2.81,mc,0,44.9,,0.146,ci,ci3048641,2016-02-10T08:09:19.967Z,"32km NNW of Yucca Valley, California",earthquake,,0.373,,87,reviewed,ci,ci
1992-07-29T20:18:40.100Z,33.351,-116.442,5.75,2.83,ml,0,45.8,,0.193,ci,ci3048634,2016-02-10T22:22:28.543Z,"12km NNW of Borrego Springs, California",earthquake,,3.31,,17,reviewed,ci,ci
1992-07-29T17:39:26.770Z,35.287,-116.865,-0.767,3.36,ml,0,121.8,,0.182,ci,ci3048584,2016-02-10T11:41:43.551Z,"17km W of Fort Irwin, California",earthquake,,0.928,,18,reviewed,ci,ci
1992-07-29T17:01:11.040Z,34.57,-116.545,3.338,2.92,ml,0,44.2,,0.174,ci,ci3048936,2016-02-10T22:22:25.951Z,"39km WSW of Ludlow, California",earthquake,,0.503,,20,reviewed,ci,ci
1992-07-29T17:00:52.450Z,34.116,-116.416,1.777,2.63,ml,0,42.5,,0.199,ci,ci3049185,2016-02-10T15:09:26.985Z,"2km E of Yucca Valley, California",earthquake,,0.337,,10,reviewed,ci,ci
1992-07-29T16:48:59.200Z,34.353,-116.468,5.116,3.05,ml,0,46.1,,0.128,ci,ci3048571,2016-02-10T11:41:41.407Z,"27km N of Yucca Valley, California",earthquake,,6.46,,18,reviewed,ci,ci
1992-07-29T16:27:49.890Z,34.309,-116.432,4.26,2.83,ml,0,46.6,,0.118,ci,ci3048568,2016-02-10T18:42:22.847Z,"22km N of Yucca Valley, California",earthquake,,0.361,,21,reviewed,ci,ci
1992-07-29T15:40:12.760Z,32.7605,-116.576,5.304,2.5,mh,12,121,0.114,0.41,ci,ci3048552,2016-04-01T23:08:00.062Z,"8km SSW of Pine Valley, CA",earthquake,1.05,31.61,,0,reviewed,ci,ci
1992-07-29T13:34:43.730Z,34.203,-116.863,0.75,3.27,ml,0,43.5,,0.159,ci,ci3048929,2016-02-10T15:09:15.719Z,"6km SE of Big Bear Lake, California",earthquake,,0.183,,32,reviewed,ci,ci
1992-07-29T13:33:22.600Z,34.326,-116.452,0.184,3.48,ml,0,46.2,,0.133,ci,ci3048508,2016-02-10T04:34:55.838Z,"24km N of Yucca Valley, California",earthquake,,0.582,,32,reviewed,ci,ci
1992-07-29T13:20:44.560Z,35.285,-116.863,-0.767,3.25,ml,0,114.1,0.04974,0.178,ci,ci3048505,2016-02-09T21:16:47.709Z,"16km W of Fort Irwin, California",earthquake,,0.858,,17,reviewed,ci,ci
1992-07-29T12:21:39.240Z,34.502,-116.515,5.338,2.56,mc,0,55.8,,0.173,ci,ci3048489,2016-02-10T15:09:10.832Z,"40km NE of Big Bear City, California",earthquake,,5.036,,69,reviewed,ci,ci
1992-07-29T12:00:56.710Z,35.023,-116.977,4.218,2.62,mc,0,59.8,,0.183,ci,ci3048484,2016-02-10T00:59:57.429Z,"14km NNE of Barstow, California",earthquake,,0.224,,72,reviewed,ci,ci
1992-07-29T08:58:29.920Z,34.981,-116.946,-0.902,2.85,ml,0,61.9,,0.171,ci,ci3048432,2016-02-10T22:22:03.266Z,"12km NE of Barstow, California",earthquake,,0.616,,19,reviewed,ci,ci
1992-07-29T07:43:59.760Z,34.628,-116.664,1.888,3.11,ml,0,41.9,,0.224,ci,ci3048415,2016-02-10T18:42:03.945Z,"34km NE of Lucerne Valley, California",earthquake,,0.364,,21,reviewed,ci,ci
1992-07-29T04:56:21.800Z,34.574,-116.582,2.41,2.5,mc,0,42.6,,0.154,ci,ci3048366,2016-02-10T18:41:56.294Z,"38km ENE of Lucerne Valley, California",earthquake,,0.419,,49,reviewed,ci,ci
1992-07-29T04:43:58.900Z,34.326,-116.4,5.054,2.94,ml,0,48.7,,0.161,ci,ci3048365,2016-02-10T15:08:48.789Z,"23km NNW of Joshua Tree, California",earthquake,,1.021,,24,reviewed,ci,ci
1992-07-29T03:00:08.620Z,34.946,-116.769,-1.042,2.58,mc,0,77.9,,0.234,ci,ci3087951,2016-02-10T08:08:50.077Z,"24km ENE of Barstow, California",earthquake,,0.885,,65,reviewed,ci,ci
1992-07-29T01:07:00.410Z,34.995,-116.96,4.968,2.54,mc,0,60.9,,0.189,ci,ci3048309,2016-02-10T15:08:38.159Z,"12km NNE of Barstow, California",earthquake,,2.335,,63,reviewed,ci,ci
1992-07-29T01:04:08.720Z,34.117,-116.419,-0.903,3.1,ml,0,34.3,,0.201,ci,ci3048307,2016-02-10T22:21:42.432Z,"1km ENE of Yucca Valley, California",earthquake,,0.281,,26,reviewed,ci,ci
1992-07-29T00:36:07.530Z,34.938,-116.84,-1.058,2.83,mc,0,69.8,,0.195,ci,ci3048300,2016-02-10T08:08:40.722Z,"17km ENE of Barstow, California",earthquake,,0.538,,77,reviewed,ci,ci
1992-07-29T00:32:40.910Z,34.048,-116.403,3.403,3.14,ml,0,31.8,,0.22,ci,ci3048298,2016-02-09T21:16:22.555Z,"8km SSE of Yucca Valley, California",earthquake,,0.47,,24,reviewed,ci,ci
1992-07-29T00:01:09.210Z,33.923,-116.349,5.018,2.67,mc,0,32.1,,0.203,ci,ci3048290,2016-02-10T15:08:34.322Z,"12km NNE of Thousand Palms, California",earthquake,,0.862,,54,reviewed,ci,ci
1992-07-28T23:30:05.020Z,33.951,-116.312,2.609,2.91,mc,0,30.7,,0.225,ci,ci3048270,2016-02-10T22:21:36.948Z,"16km NNE of Thousand Palms, California",earthquake,,0.152,,65,reviewed,ci,ci
1992-07-28T23:09:46.770Z,34.945,-116.778,0.496,2.81,ml,0,76.8,,0.191,ci,ci3048265,2016-02-09T21:16:19.632Z,"23km ENE of Barstow, California",earthquake,,1.245,,12,reviewed,ci,ci
1992-07-28T23:05:13.780Z,33.946,-116.312,0.519,2.5,mc,0,30,,0.185,ci,ci3048259,2016-02-10T00:59:30.480Z,"16km NNE of Thousand Palms, California",earthquake,,0.233,,47,reviewed,ci,ci
1992-07-28T22:37:39.570Z,34.223,-116.742,8.843,2.85,ml,0,29.9,,0.182,ci,ci3048244,2016-02-10T22:21:34.798Z,"10km ESE of Big Bear City, California",earthquake,,0.422,,30,reviewed,ci,ci
1992-07-28T20:24:26.830Z,34.406,-116.508,0.214,2.68,mc,0,45.2,,0.124,ci,ci3048205,2016-02-10T15:08:24.549Z,"33km NNW of Yucca Valley, California",earthquake,,0.372,,75,reviewed,ci,ci
1992-07-28T19:44:23.010Z,34.291,-116.446,2.117,2.56,mc,0,44.7,,0.131,ci,ci3048192,2016-02-10T08:08:22.796Z,"20km N of Yucca Valley, California",earthquake,,0.286,,63,reviewed,ci,ci
1992-07-28T19:23:13.080Z,34.109,-116.399,-1.103,2.56,mc,0,32.1,,0.165,ci,ci3048182,2016-02-09T21:16:06.372Z,"3km E of Yucca Valley, California",earthquake,,0.383,,51,reviewed,ci,ci
1992-07-28T18:36:57.640Z,34.154,-116.418,-0.903,2.52,mc,0,49.4,,0.122,ci,ci3048596,2016-02-10T00:59:18.102Z,"5km NNE of Yucca Valley, California",earthquake,,0.411,,45,reviewed,ci,ci
1992-07-28T18:27:03.900Z,34.112,-116.415,-0.893,4.6,ml,0,32.9,,0.2,ci,ci3048163,2016-02-10T00:59:16.811Z,"2km E of Yucca Valley, California",earthquake,,0.252,,28,reviewed,ci,ci
1992-07-28T17:44:23.550Z,34.122,-116.984,2.158,2.65,mc,0,54.4,,0.202,ci,ci3048157,2016-02-10T08:08:10.038Z,"11km NNE of Yucaipa, California",earthquake,,0.509,,70,reviewed,ci,ci
1992-07-28T17:41:08.970Z,34.447,-116.484,0.056,3.01,ml,0,47.1,,0.117,ci,ci3048156,2016-02-09T21:16:01.859Z,"37km N of Yucca Valley, California",earthquake,,0.49,,18,reviewed,ci,ci
1992-07-28T12:21:36.230Z,35.299,-116.834,-0.027,2.65,mc,0,129.5,,0.206,ci,ci3048046,2016-02-09T21:15:37.347Z,"14km WNW of Fort Irwin, California",earthquake,,1.696,,57,reviewed,ci,ci
1992-07-28T12:03:30.380Z,34.026,-116.321,5.985,2.78,mc,0,38,,0.207,ci,ci3048044,2016-02-09T21:15:35.889Z,"12km S of Joshua Tree, California",earthquake,,1.511,,72,reviewed,ci,ci
1992-07-28T05:40:10.340Z,34.351,-116.448,-1.166,3.15,ml,0,46.9,,0.176,ci,ci3047956,2021-03-09T23:59:45.351Z,"26km N of Yucca Valley, California",earthquake,,0.583,,19,reviewed,ci,ci
1992-07-28T04:41:51.120Z,33.97,-116.336,-0.211,2.59,mc,0,32.3,,0.227,ci,ci3047939,2016-02-10T08:07:22.114Z,"15km E of Desert Hot Springs, California",earthquake,,0.282,,54,reviewed,ci,ci
1992-07-28T04:31:17.530Z,34.363,-116.45,-0.024,2.81,ml,0,47.2,,0.171,ci,ci3047935,2016-02-10T22:20:50.247Z,"28km N of Yucca Valley, California",earthquake,,0.432,,18,reviewed,ci,ci
1992-07-28T01:42:26.950Z,34.252,-116.431,1.787,2.96,ml,0,43.1,,0.189,ci,ci3047900,2016-02-10T08:07:17.177Z,"15km N of Yucca Valley, California",earthquake,,0.284,,24,reviewed,ci,ci
1992-07-28T01:00:29.680Z,34.133,-116.782,11.582,2.62,mc,0,31.3,,0.184,ci,ci3047891,2016-02-10T18:40:50.187Z,"15km SSE of Big Bear City, California",earthquake,,0.247,,64,reviewed,ci,ci
1992-07-28T00:58:33.370Z,34.113,-116.983,2.443,2.8,mc,0,22.4,,0.181,ci,ci3047890,2016-02-10T04:33:36.873Z,"10km NNE of Yucaipa, California",earthquake,,0.231,,71,reviewed,ci,ci
1992-07-27T23:54:06.420Z,34.208,-116.764,-0.647,2.5,mh,0,31.4,,0.186,ci,ci3047869,2016-02-10T04:33:30.423Z,"10km SE of Big Bear City, California",earthquake,,0.222,,0,reviewed,ci,ci
1992-07-27T23:46:50.340Z,34.223,-116.85,-1.307,2.82,mc,0,26,,0.171,ci,ci3047868,2016-02-09T21:15:00.630Z,"4km S of Big Bear City, California",earthquake,,0.283,,84,reviewed,ci,ci
1992-07-27T22:54:46.120Z,32.607,-115.64,5.979,2.8,mh,0,198.9,,0.62,ci,ci3048247,2016-02-10T18:40:45.242Z,"6km WNW of Progreso, B.C., MX",earthquake,,,,0,reviewed,ci,ci
1992-07-27T22:54:34.970Z,32.609,-115.625,15.244,2.5,mh,0,181.8,,0.351,ci,ci3047853,2016-02-10T08:07:06.597Z,"5km NW of Progreso, B.C., MX",earthquake,,0.35,,0,reviewed,ci,ci
1992-07-27T22:17:14.880Z,34.294,-116.864,3.865,3.26,ml,0,26.9,,0.17,ci,ci3047843,2016-02-09T21:14:52.807Z,"4km NNW of Big Bear City, California",earthquake,,1.243,,25,reviewed,ci,ci
1992-07-27T22:02:56.190Z,34.615,-116.671,2.095,2.72,mc,0,64,,0.234,ci,ci3047836,2016-02-10T18:40:42.556Z,"33km NE of Lucerne Valley, California",earthquake,,0.336,,68,reviewed,ci,ci
1992-07-27T21:53:40.030Z,34.637,-116.513,2.65,2.68,mc,0,66.7,,0.157,ci,ci3047834,2016-02-10T04:33:22.708Z,"34km WSW of Ludlow, California",earthquake,,1.072,,71,reviewed,ci,ci
1992-07-27T20:49:28.240Z,32.61,-115.625,14.564,2.52,mc,0,181.6,,0.324,ci,ci3047816,2016-02-10T00:58:25.505Z,"5km NW of Progreso, B.C., MX",earthquake,,0.578,,19,reviewed,ci,ci
1992-07-27T20:40:08.780Z,32.61,-115.627,15.914,4.03,ml,0,181.6,,0.422,ci,ci3047812,2016-02-10T22:20:40.747Z,"5km NW of Progreso, B.C., MX",earthquake,,0.166,,31,reviewed,ci,ci
1992-07-27T20:37:00.700Z,34.967,-116.939,3.101,3.27,ml,0,61.9,,0.202,ci,ci3047809,2016-02-10T00:58:22.701Z,"11km NE of Barstow, California",earthquake,,0.377,,20,reviewed,ci,ci
1992-07-27T20:21:26.700Z,34.113,-116.985,3.143,2.84,ml,0,52.5,,0.067,ci,ci3048527,2016-02-10T08:06:58.212Z,"10km NNE of Yucaipa, California",earthquake,,0.231,,18,reviewed,ci,ci
1992-07-27T18:53:27.980Z,34.397,-116.453,4.126,2.95,ml,0,48.1,,0.167,ci,ci3047778,2016-02-10T22:20:35.404Z,"32km N of Yucca Valley, California",earthquake,,7.409,,17,reviewed,ci,ci
1992-07-27T15:15:30.710Z,34.123,-117.002,3.323,2.77,mc,0,30.3,,0.151,ci,ci3047711,2016-02-10T15:07:01.548Z,"11km NNE of Yucaipa, California",earthquake,,0.127,,89,reviewed,ci,ci
1992-07-27T15:11:08.590Z,34.548,-116.535,6.838,2.68,mc,0,55.5,,0.192,ci,ci3047709,2016-02-10T04:33:08.692Z,"39km WSW of Ludlow, California",earthquake,,1.344,,72,reviewed,ci,ci
1992-07-27T14:48:16.170Z,34.33,-116.453,-1.044,2.82,mc,0,46.2,,0.204,ci,ci3047704,2016-02-10T11:39:38.129Z,"24km N of Yucca Valley, California",earthquake,,0.327,,80,reviewed,ci,ci
1992-07-27T13:58:45.890Z,34.359,-116.477,-1.126,2.51,mc,0,45.8,,0.159,ci,ci3047685,2016-02-10T18:40:28.696Z,"28km N of Yucca Valley, California",earthquake,,0.48,,61,reviewed,ci,ci
1992-07-27T12:15:51.270Z,34.121,-116.9,1.593,2.85,mc,0,36.3,,0.185,ci,ci3047654,2016-02-10T22:20:09.094Z,"14km S of Big Bear Lake, California",earthquake,,0.155,,90,reviewed,ci,ci
1992-07-27T11:44:25.700Z,34.249,-116.432,2.057,2.81,ml,0,43.8,,0.165,ci,ci3047648,2016-02-10T04:33:02.493Z,"15km N of Yucca Valley, California",earthquake,,0.361,,20,reviewed,ci,ci
1992-07-27T11:30:01.600Z,34.373,-116.46,-1.224,2.54,mc,0,46.9,,0.193,ci,ci3047642,2016-02-10T04:33:01.127Z,"29km N of Yucca Valley, California",earthquake,,0.43,,64,reviewed,ci,ci
1992-07-27T11:12:13.850Z,34.24,-116.836,1.553,3.07,ml,0,25.8,,0.189,ci,ci3047641,2016-02-10T04:32:59.395Z,"2km SSE of Big Bear City, California",earthquake,,0.166,,31,reviewed,ci,ci
1992-07-27T09:42:13.750Z,34.172,-116.435,3.417,2.54,mc,0,46.6,,0.222,ci,ci3047618,2016-02-10T11:39:28.775Z,"6km N of Yucca Valley, California",earthquake,,0.563,,67,reviewed,ci,ci
1992-07-27T09:18:21.650Z,35.326,-117.965,4.884,2.51,mc,0,29.5,,0.183,ci,ci3047614,2016-02-10T00:57:56.279Z,"22km N of California City, California",earthquake,,2.543,,63,reviewed,ci,ci
1992-07-27T09:12:55.280Z,33.904,-116.289,4.731,2.97,ml,0,25.9,,0.178,ci,ci3047612,2016-02-10T00:57:55.027Z,"13km NE of Thousand Palms, California",earthquake,,0.119,,26,reviewed,ci,ci
1992-07-27T09:00:15.320Z,34.127,-116.915,3.613,2.65,mc,0,25.2,,0.173,ci,ci3047609,2016-02-10T08:06:25.853Z,"13km S of Big Bear Lake, California",earthquake,,0.107,,79,reviewed,ci,ci
1992-07-27T08:45:28.920Z,35.054,-116.989,2.627,2.62,mc,0,63.9,,0.199,ci,ci3047604,2016-02-10T04:32:53.865Z,"18km N of Barstow, California",earthquake,,0.386,,63,reviewed,ci,ci
1992-07-27T08:00:19.870Z,34.25,-116.429,1.957,2.9,mc,0,43.9,,0.169,ci,ci3047768,2016-02-09T21:14:09.314Z,"15km N of Yucca Valley, California",earthquake,,0.319,,87,reviewed,ci,ci
1992-07-27T07:58:55.550Z,34.253,-116.431,2.267,2.6,ml,0,44,,0.165,ci,ci3047589,2016-02-10T00:57:48.193Z,"15km N of Yucca Valley, California",earthquake,,0.269,,19,reviewed,ci,ci
1992-07-27T07:16:23.180Z,33.9798333,-116.6843333,12.625,2.5,mh,52,27,,0.24,ci,ci3047578,2016-02-10T22:20:00.541Z,"12km NE of Cabazon, California",earthquake,0.29,0.51,,0,reviewed,ci,ci
1992-07-27T04:33:05.480Z,33.434,-117.979,5.619,3,ml,0,99.9,,0.242,ci,ci3047541,2016-02-10T04:32:47.401Z,"21km SSW of Newport Beach, California",earthquake,,,,19,reviewed,ci,ci
1992-07-27T03:57:48.060Z,34.359,-116.449,0.226,2.9,mc,0,47.1,,0.117,ci,ci3047532,2016-02-10T00:57:40.363Z,"27km N of Yucca Valley, California",earthquake,,0.398,,88,reviewed,ci,ci
1992-07-27T02:21:20.570Z,34.379,-116.462,-0.464,2.83,ml,0,69.6,,0.123,ci,ci3047810,2016-02-10T00:57:36.603Z,"30km N of Yucca Valley, California",earthquake,,0.807,,29,reviewed,ci,ci
1992-07-27T02:20:50.620Z,34.164,-116.39,0.117,2.5,mh,0,75.2,,0.14,ci,ci3047508,2016-02-10T22:19:39.934Z,"7km NE of Yucca Valley, California",earthquake,,0.438,,0,reviewed,ci,ci
1992-07-26T23:22:17.740Z,34.623,-116.666,-1.282,2.52,mc,0,60.8,,0.212,ci,ci3047469,2016-02-10T00:57:29.804Z,"34km NE of Lucerne Valley, California",earthquake,,0.627,,65,reviewed,ci,ci
1992-07-26T22:39:53.270Z,33.933,-116.306,4.199,2.5,mc,0,35,,0.153,ci,ci3047461,2016-02-09T21:13:44.667Z,"15km NNE of Thousand Palms, California",earthquake,,0.23,,49,reviewed,ci,ci
1992-07-26T22:08:50.550Z,33.893,-116.284,6.681,2.93,ml,0,32.6,,0.148,ci,ci3047455,2016-02-10T04:32:21.602Z,"13km NE of Thousand Palms, California",earthquake,,0.825,,22,reviewed,ci,ci
1992-07-26T21:29:23.670Z,33.948,-116.307,3.719,2.83,mc,0,33.4,,0.174,ci,ci3047450,2016-02-10T15:06:16.254Z,"16km NNE of Thousand Palms, California",earthquake,,0.166,,79,reviewed,ci,ci
1992-07-26T19:53:35.870Z,34.984,-116.946,-0.902,3.06,ml,0,62.1,,0.17,ci,ci3047808,2016-02-10T11:39:00.607Z,"12km NE of Barstow, California",earthquake,,0.722,,20,reviewed,ci,ci
1992-07-26T19:26:02.680Z,34.314,-116.451,4.136,3.27,ml,0,45.9,,0.146,ci,ci3047800,2016-02-10T15:06:12.304Z,"22km N of Yucca Valley, California",earthquake,,6.489,,29,reviewed,ci,ci
1992-07-26T19:15:24.470Z,34.943,-116.778,0.946,2.89,ml,0,76.5,,0.165,ci,ci3047422,2016-02-10T11:38:57.978Z,"23km ENE of Barstow, California",earthquake,,2.106,,12,reviewed,ci,ci
1992-07-26T18:56:00.950Z,34.071,-116.391,-0.673,2.84,mc,0,55.3,,0.195,ci,ci3047420,2016-02-10T22:19:23.010Z,"6km SE of Yucca Valley, California",earthquake,,0.362,,83,reviewed,ci,ci
1992-07-26T17:57:59.510Z,34.509,-116.511,3.598,2.62,mc,0,91.3,,0.25,ci,ci3047399,2016-02-10T08:05:46.090Z,"40km SW of Ludlow, California",earthquake,,4.378,,56,reviewed,ci,ci
1992-07-26T17:44:01.150Z,34.989,-116.948,-0.912,2.59,mc,0,62,0.07708,0.2,ci,ci3047396,2016-02-10T00:57:20.936Z,"12km NE of Barstow, California",earthquake,,0.744,,68,reviewed,ci,ci
1992-07-26T15:49:07.050Z,34.357,-116.456,2.896,2.89,mc,0,69.1,,0.118,ci,ci3047369,2016-02-10T15:05:56.955Z,"27km N of Yucca Valley, California",earthquake,,0.336,,84,reviewed,ci,ci
1992-07-26T15:45:36.800Z,34.368,-116.464,-0.374,2.53,mc,0,46.6,,0.175,ci,ci3047368,2016-02-09T21:13:15.063Z,"28km N of Yucca Valley, California",earthquake,,0.345,,62,reviewed,ci,ci
1992-07-26T15:39:43.430Z,34.11,-116.984,2.883,2.92,ml,0,34.4,,0.141,ci,ci3047367,2016-02-10T15:05:55.555Z,"10km NNE of Yucaipa, California",earthquake,,0.127,,16,reviewed,ci,ci
1992-07-26T15:04:53.500Z,35.68,-117.591,4.494,2.58,mc,0,122.1,,0.198,ci,ci3047358,2016-02-10T04:32:06.328Z,"10km NE of Ridgecrest, California",earthquake,,0.199,,40,reviewed,ci,ci
1992-07-26T14:53:41.060Z,34.966,-116.938,3.878,2.63,mc,0,61.9,,0.154,ci,ci3048129,2016-02-10T15:05:52.795Z,"11km NE of Barstow, California",earthquake,,0.434,,82,reviewed,ci,ci
1992-07-26T14:20:35.410Z,34.967,-116.932,-0.902,2.85,ml,0,62.6,,0.2,ci,ci3047350,2016-02-10T00:57:11.418Z,"11km NE of Barstow, California",earthquake,,0.729,,13,reviewed,ci,ci
1992-07-26T12:20:52.830Z,34.385,-116.463,0.264,2.5,mc,0,116.8,,0.086,ci,ci3047317,2016-02-10T15:05:48.254Z,"30km N of Yucca Valley, California",earthquake,,1.059,,64,reviewed,ci,ci
1992-07-26T11:50:32.420Z,34.639,-116.513,2.65,2.54,mc,0,56.9,,0.16,ci,ci3047305,2016-02-10T15:05:38.795Z,"34km WSW of Ludlow, California",earthquake,,0.561,,61,reviewed,ci,ci
1992-07-26T11:19:58.200Z,33.9,-116.282,5.551,3.05,ml,0,29.5,,0.158,ci,ci3047296,2016-02-10T04:31:58.301Z,"13km NE of Thousand Palms, California",earthquake,,1.524,,26,reviewed,ci,ci
1992-07-26T10:46:09.570Z,34.384,-116.461,-0.034,2.6,mc,0,94.1,,0.149,ci,ci3047290,2016-02-09T21:13:00.093Z,"30km N of Yucca Valley, California",earthquake,,0.663,,77,reviewed,ci,ci
1992-07-26T10:30:02.920Z,33.899,-116.289,7.071,2.53,mc,0,44.2,,0.138,ci,ci3047287,2016-02-10T22:18:58.533Z,"13km NE of Thousand Palms, California",earthquake,,1.015,,76,reviewed,ci,ci
1992-07-26T10:07:16.030Z,34.111,-116.982,3.103,2.54,mc,0,42.9,,0.156,ci,ci3047280,2016-02-10T00:57:00.384Z,"10km NNE of Yucaipa, California",earthquake,,0.131,,49,reviewed,ci,ci
1992-07-26T09:41:24.470Z,34.415,-116.546,1.814,2.58,ml,0,43.7,,0.113,ci,ci3047275,2016-02-09T21:12:58.343Z,"32km ENE of Big Bear City, California",earthquake,,0.349,,14,reviewed,ci,ci
1992-07-26T09:35:01.100Z,34.627,-116.669,-0.232,2.58,mc,0,50.5,,0.216,ci,ci3047273,2016-02-10T22:18:55.911Z,"34km NE of Lucerne Valley, California",earthquake,,0.526,,72,reviewed,ci,ci
1992-07-26T08:28:41.920Z,34.63,-116.537,4.887,2.5,mc,0,65.2,,0.128,ci,ci3047259,2016-02-10T15:05:29.447Z,"36km WSW of Ludlow, California",earthquake,,2.655,,68,reviewed,ci,ci
1992-07-26T08:23:44.290Z,35.325,-117.964,4.424,2.57,mc,0,46.9,,0.191,ci,ci3047256,2016-02-10T22:18:52.024Z,"22km N of California City, California",earthquake,,4.764,,68,reviewed,ci,ci
1992-07-26T07:12:34.930Z,34.135,-116.606,0.932,2.78,mc,0,34.2,,0.173,ci,ci3047240,2016-02-10T04:31:42.782Z,"10km NNW of Morongo Valley, California",earthquake,,0.216,,82,reviewed,ci,ci
1992-07-26T05:16:23.660Z,34.629,-116.665,1.658,2.54,mc,0,42,,0.237,ci,ci3047213,2016-02-10T00:56:39.407Z,"34km NE of Lucerne Valley, California",earthquake,,0.371,,62,reviewed,ci,ci
1992-07-26T04:30:44.990Z,34.149,-116.411,2.997,2.88,mc,0,40.9,,0.191,ci,ci3047201,2016-02-10T08:05:13.025Z,"4km NNE of Yucca Valley, California",earthquake,,0.278,,87,reviewed,ci,ci
1992-07-26T03:18:10.550Z,32.455,-115.27,6.002,2.7,mc,0,204.9,,0.326,ci,ci3048074,2016-02-10T18:39:03.615Z,"13km NNW of Delta, B.C., MX",earthquake,,,,33,reviewed,ci,ci
1992-07-26T02:33:05.220Z,35.139,-116.852,-0.785,2.81,ml,0,88.3,,0.214,ci,ci3047165,2016-02-10T04:31:29.320Z,"20km SW of Fort Irwin, California",earthquake,,0.641,,22,reviewed,ci,ci
1992-07-26T02:05:44.960Z,33.932,-116.307,4.049,2.7,mh,0,23.7,,0.187,ci,ci3047160,2016-02-10T22:18:36.519Z,"15km NNE of Thousand Palms, California",earthquake,,0.135,,0,reviewed,ci,ci
1992-07-26T01:38:10.780Z,34.127,-116.875,5.563,2.63,mc,0,37,,0.149,ci,ci3047154,2016-02-10T00:56:26.338Z,"13km SSE of Big Bear Lake, California",earthquake,,0.633,,76,reviewed,ci,ci
1992-07-26T00:16:07.570Z,34.215,-116.812,-1.013,2.62,mc,0,27.3,,0.181,ci,ci3047126,2016-02-10T18:38:49.088Z,"6km SSE of Big Bear City, California",earthquake,,0.264,,78,reviewed,ci,ci
1992-07-25T23:41:06.140Z,34.6,-116.622,3.93,2.5,mc,0,48.9,,0.229,ci,ci3047118,2016-02-10T15:05:05.209Z,"36km ENE of Lucerne Valley, California",earthquake,,0.186,,58,reviewed,ci,ci
1992-07-25T23:37:40.100Z,33.944,-116.313,2.599,2.88,mc,0,30.4,,0.233,ci,ci3047117,2016-02-10T15:05:03.829Z,"16km NNE of Thousand Palms, California",earthquake,,0.131,,73,reviewed,ci,ci
1992-07-25T22:59:15.190Z,33.412,-118.063,5.824,2.72,mc,0,111,,0.315,ci,ci3047110,2016-02-10T08:04:57.816Z,"26km ENE of Avalon, California",earthquake,,,,55,reviewed,ci,ci
1992-07-25T22:21:14.030Z,34.633,-116.691,2.768,2.96,ml,0,42.6,,0.187,ci,ci3047098,2016-02-10T08:04:55.133Z,"33km NE of Lucerne Valley, California",earthquake,,0.427,,25,reviewed,ci,ci
1992-07-25T21:44:49.000Z,35.95,-116.73,5.132,3.02,ml,0,220.1,,0.178,ci,ci3047091,2016-02-10T11:38:12.544Z,"41km W of Shoshone, California",earthquake,,,,10,reviewed,ci,ci
1992-07-25T21:25:36.710Z,35.953,-116.718,5.132,2.73,mc,0,220.8,0.6537,0.286,ci,ci3049762,2016-02-10T22:18:27.682Z,"40km W of Shoshone, California",earthquake,,,,37,reviewed,ci,ci
1992-07-25T17:06:15.910Z,32.455,-115.288,5.949,2.5,mc,0,205.1,,0.302,ci,ci3047020,2016-02-10T11:38:05.306Z,"14km SSE of Puebla, B.C., MX",earthquake,,,,16,reviewed,ci,ci
1992-07-25T17:02:20.240Z,33.941,-116.304,4.171,3.86,ml,0,27.9,,0.223,ci,ci3047019,2016-02-10T18:38:33.863Z,"16km NNE of Thousand Palms, California",earthquake,,0.107,,35,reviewed,ci,ci
1992-07-25T15:34:41.210Z,35.9013333,-116.6988333,5.089,2.5,mh,10,312,0.7717,0.24,ci,ci12797759,2016-02-10T04:31:03.573Z,"39km WSW of Shoshone, California",earthquake,2.4,31.61,,0,reviewed,ci,ci
1992-07-25T15:34:29.760Z,35.9435,-116.7498333,5.173,2.97,mc,17,263,,0.2,ci,ci3046994,2016-04-02T05:37:31.523Z,"43km W of Shoshone, CA",earthquake,1.54,31.61,,59,reviewed,ci,ci
1992-07-25T15:14:17.600Z,34.149,-116.409,-0.043,2.57,mc,0,49.3,,0.199,ci,ci3046986,2016-02-10T15:04:44.083Z,"4km NNE of Yucca Valley, California",earthquake,,0.643,,62,reviewed,ci,ci
1992-07-25T15:11:14.300Z,35.96,-116.73,5.173,3.55,ml,0,240.7,0.6597,0.225,ci,ci3046985,2016-02-09T21:12:11.793Z,"41km W of Shoshone, California",earthquake,,,,26,reviewed,ci,ci
1992-07-25T12:41:42.550Z,33.901,-116.289,5.181,3.07,ml,0,27.2,,0.159,ci,ci3046937,2016-02-10T00:55:54.832Z,"13km NE of Thousand Palms, California",earthquake,,1.586,,18,reviewed,ci,ci
1992-07-25T12:37:09.450Z,34.947,-116.747,-1.042,3,ml,0,80.1,,0.203,ci,ci3047035,2016-02-09T21:12:07.442Z,"26km ENE of Barstow, California",earthquake,,1.236,,15,reviewed,ci,ci
1992-07-25T11:03:04.900Z,34.638,-116.554,0.797,2.77,ml,0,43.1,,0.185,ci,ci3046911,2016-02-10T15:04:32.084Z,"37km WSW of Ludlow, California",earthquake,,0.461,,20,reviewed,ci,ci
1992-07-25T10:27:10.390Z,34.267,-116.917,3.494,3.85,ml,0,25.9,,0.186,ci,ci3046907,2016-02-10T04:30:49.598Z,"3km NNW of Big Bear Lake, California",earthquake,,0.201,,37,reviewed,ci,ci
1992-07-25T10:23:19.840Z,34.878,-116.646,-0.961,3.2,ml,0,72.4,,0.186,ci,ci3046906,2016-02-10T11:37:46.912Z,"34km E of Barstow, California",earthquake,,0.73,,20,reviewed,ci,ci
1992-07-25T10:13:25.350Z,34.639,-116.553,0.527,2.84,mc,0,43.1,,0.175,ci,ci3046905,2016-02-10T15:04:30.742Z,"37km WSW of Ludlow, California",earthquake,,0.56,,84,reviewed,ci,ci
1992-07-25T09:33:46.980Z,34.15,-116.413,4.877,2.53,mc,0,70.2,,0.166,ci,ci3046895,2016-02-10T08:04:18.488Z,"4km NNE of Yucca Valley, California",earthquake,,,,69,reviewed,ci,ci
1992-07-25T09:24:28.020Z,34.113,-116.918,4.553,2.54,mc,0,35.4,,0.129,ci,ci3046891,2016-02-10T22:17:56.031Z,"14km NE of Yucaipa, California",earthquake,,0.909,,76,reviewed,ci,ci
1992-07-25T09:10:59.270Z,34.443,-116.497,1.497,2.78,ml,0,46.2,,0.128,ci,ci3046887,2016-02-10T22:17:54.689Z,"37km N of Yucca Valley, California",earthquake,,0.411,,26,reviewed,ci,ci
1992-07-25T08:56:33.920Z,34.581,-116.595,6.27,2.58,mc,0,61.8,,0.198,ci,ci3047073,2016-02-10T00:55:44.227Z,"37km ENE of Lucerne Valley, California",earthquake,,1.079,,74,reviewed,ci,ci
1992-07-25T08:38:20.810Z,34.626,-116.6,6.92,2.94,ml,0,41.5,,0.155,ci,ci3046880,2016-02-10T00:55:41.541Z,"39km ENE of Lucerne Valley, California",earthquake,,0.313,,25,reviewed,ci,ci
1992-07-25T08:35:33.270Z,34.638,-116.553,0.257,2.6,mc,0,73.2,,0.137,ci,ci3046879,2016-02-10T08:04:13.224Z,"37km WSW of Ludlow, California",earthquake,,0.912,,34,reviewed,ci,ci
1992-07-25T08:21:40.390Z,34.111,-116.919,4.373,3.45,ml,0,34.7,,0.188,ci,ci3047103,2016-02-09T21:11:54.272Z,"14km NE of Yucaipa, California",earthquake,,0.498,,35,reviewed,ci,ci
1992-07-25T08:20:12.810Z,34.976,-116.94,-0.892,3.65,ml,0,65.1,,0.142,ci,ci3046876,2016-02-10T04:30:44.225Z,"11km NE of Barstow, California",earthquake,,1.234,,25,reviewed,ci,ci
1992-07-25T06:35:54.590Z,34.194,-116.431,-1.123,3.18,ml,0,42.3,,0.187,ci,ci3046851,2016-02-10T11:37:43.045Z,"9km N of Yucca Valley, California",earthquake,,0.357,,26,reviewed,ci,ci
1992-07-25T06:03:34.850Z,34.457,-116.497,1.194,2.72,mc,0,46.3,,0.175,ci,ci3046839,2016-02-10T11:37:38.788Z,"39km N of Yucca Valley, California",earthquake,,0.332,,81,reviewed,ci,ci
1992-07-25T04:54:56.610Z,33.947,-116.307,2.523,2.63,mc,0,33.4,,0.192,ci,ci3046823,2016-02-10T04:30:38.501Z,"16km NNE of Thousand Palms, California",earthquake,,0.235,,35,reviewed,ci,ci
1992-07-25T04:50:15.170Z,33.954,-116.313,3.979,2.63,mc,0,41.9,,0.193,ci,ci3046821,2016-02-10T04:30:37.143Z,"16km NNE of Thousand Palms, California",earthquake,,0.153,,35,reviewed,ci,ci
1992-07-25T04:33:58.400Z,33.8985,-116.2898333,8.401,2.5,mh,20,58,0.08595,0.17,ci,ci3046848,2016-02-09T21:11:43.703Z,"13km NE of Thousand Palms, California",earthquake,0.38,1.07,,0,reviewed,ci,ci
1992-07-25T04:31:59.930Z,33.937,-116.306,3.701,4.83,ml,0,25.7,,0.236,ci,ci3046818,2016-02-10T11:37:30.429Z,"15km NNE of Thousand Palms, California",earthquake,,0.133,,34,reviewed,ci,ci
1992-07-25T04:11:47.350Z,34.08,-116.377,-0.886,3.21,ml,0,36.5,,0.192,ci,ci3046816,2016-02-10T00:55:30.184Z,"6km SE of Yucca Valley, California",earthquake,,0.274,,24,reviewed,ci,ci
1992-07-25T03:43:03.660Z,34.593,-116.652,3.595,2.59,mc,0,56.7,,0.219,ci,ci3047142,2016-02-10T15:04:16.058Z,"33km ENE of Lucerne Valley, California",earthquake,,0.308,,67,reviewed,ci,ci
1992-07-25T03:12:54.650Z,34.558,-116.412,4.287,2.7,mc,0,58.3,,0.201,ci,ci3047133,2016-02-10T22:17:41.860Z,"29km SW of Ludlow, California",earthquake,,3.646,,60,reviewed,ci,ci
1992-07-25T03:12:32.710Z,33.893,-116.285,6.871,2.52,mc,0,32.6,,0.142,ci,ci3046804,2016-02-09T21:11:36.229Z,"13km NE of Thousand Palms, California",earthquake,,0.926,,61,reviewed,ci,ci
1992-07-25T00:35:29.190Z,34.272,-116.726,-0.194,3.14,ml,0,30.7,,0.169,ci,ci3046765,2016-02-10T00:55:15.585Z,"11km E of Big Bear City, California",earthquake,,0.227,,24,reviewed,ci,ci
1992-07-25T00:22:16.980Z,34.231,-116.864,7.933,2.83,mc,0,46,,0.132,ci,ci3046760,2016-02-10T08:03:52.285Z,"4km SSW of Big Bear City, California",earthquake,,0.804,,85,reviewed,ci,ci
1992-07-25T00:10:38.330Z,34.928,-116.925,-1.068,2.61,mc,0,124.1,,0.144,ci,ci3046757,2016-02-10T00:55:14.142Z,"10km ENE of Barstow, California",earthquake,,0.778,,59,reviewed,ci,ci
1992-07-25T00:10:00.460Z,34.025,-117.177,3.974,2.52,mc,0,29.1,,0.165,ci,ci3047134,2016-02-10T15:04:10.979Z,"3km S of Redlands, California",earthquake,,0.16,,62,reviewed,ci,ci
1992-07-24T22:31:49.340Z,34.28,-116.777,0.855,3.22,ml,0,36.6,,0.183,ci,ci3046731,2016-02-10T08:03:47.798Z,"7km ENE of Big Bear City, California",earthquake,,0.166,,26,reviewed,ci,ci
1992-07-24T21:37:32.520Z,33.895,-116.284,7.834,2.6,mh,0,31.9,,0.182,ci,ci3046718,2016-02-10T15:04:02.620Z,"13km NE of Thousand Palms, California",earthquake,,0.508,,0,reviewed,ci,ci
1992-07-24T21:35:02.150Z,34.447,-116.497,0.124,2.63,mc,0,92.1,,0.126,ci,ci3046717,2016-02-10T00:55:00.890Z,"38km N of Yucca Valley, California",earthquake,,0.591,,59,reviewed,ci,ci
1992-07-24T21:20:59.010Z,34.255,-116.438,2.417,2.52,mc,0,43.7,,0.166,ci,ci3046714,2016-02-10T04:30:27.578Z,"16km N of Yucca Valley, California",earthquake,,0.26,,46,reviewed,ci,ci
1992-07-24T20:47:18.240Z,34.249,-116.428,1.981,2.53,mc,0,51,,0.168,ci,ci3112473,2016-02-10T08:03:43.690Z,"15km N of Yucca Valley, California",earthquake,,0.456,,59,reviewed,ci,ci
1992-07-24T20:15:40.430Z,34.434,-116.471,1.425,2.52,mc,0,70.5,,0.09,ci,ci3046692,2016-02-10T08:03:41.827Z,"36km N of Yucca Valley, California",earthquake,,0.828,,48,reviewed,ci,ci
1992-07-24T19:40:59.570Z,33.892,-116.287,6.204,2.5,mc,0,32.3,,0.142,ci,ci3046681,2016-02-10T11:37:03.375Z,"12km NE of Thousand Palms, California",earthquake,,1.08,,37,reviewed,ci,ci
1992-07-24T19:30:53.630Z,33.899,-116.287,6.934,2.51,mc,0,44.5,,0.135,ci,ci3046678,2016-02-10T18:37:33.686Z,"13km NE of Thousand Palms, California",earthquake,,0.841,,44,reviewed,ci,ci
1992-07-24T18:44:07.790Z,33.903,-116.289,4.874,2.69,ml,0,54.6,,0.13,ci,ci3046667,2016-02-10T08:03:35.175Z,"13km NE of Thousand Palms, California",earthquake,,2.377,,18,reviewed,ci,ci
1992-07-24T18:41:13.170Z,33.898,-116.28,7.384,2.5,mh,0,31.5,,0.155,ci,ci3046665,2016-02-10T22:17:16.754Z,"13km NE of Thousand Palms, California",earthquake,,0.762,,0,reviewed,ci,ci
1992-07-24T18:21:45.340Z,33.895,-116.304,6.309,2.5,mh,0,101.8,0.07746,0.038,ci,ci3047675,2016-02-10T22:17:12.298Z,"12km NE of Thousand Palms, California",earthquake,,8.18,,0,reviewed,ci,ci
1992-07-24T18:21:24.230Z,33.902,-116.286,7.814,3.34,ml,0,28,,0.145,ci,ci3046662,2016-02-10T18:37:24.782Z,"13km NE of Thousand Palms, California",earthquake,,0.495,,24,reviewed,ci,ci
1992-07-24T18:19:22.080Z,33.809,-116.371,5.679,2.5,mh,0,107.3,0.1173,0.595,ci,ci3112741,2016-02-10T18:37:23.339Z,"2km SE of Thousand Palms, California",earthquake,,,,0,reviewed,ci,ci
1992-07-24T18:19:16.140Z,33.878,-116.253,3.595,2.87,mc,0,45.1,,0.167,ci,ci3047955,2016-02-10T18:37:22.127Z,"14km ENE of Thousand Palms, California",earthquake,,0.133,,37,reviewed,ci,ci
1992-07-24T18:16:53.280Z,33.904,-116.289,6.371,3.38,ml,0,29.4,0.08423,0.156,ci,ci3047952,2016-02-10T15:03:54.896Z,"13km NE of Thousand Palms, California",earthquake,,0.958,,13,reviewed,ci,ci
1992-07-24T18:15:27.010Z,33.894,-116.285,2.267,2.5,mh,0,106,,0.187,ci,ci3047951,2016-02-10T18:37:19.589Z,"13km NE of Thousand Palms, California",earthquake,,1.301,,0,reviewed,ci,ci
1992-07-24T18:14:36.250Z,33.901,-116.285,7.214,4.96,ml,0,28.5,,0.223,ci,ci3046661,2016-02-10T04:30:20.565Z,"13km NE of Thousand Palms, California",earthquake,,0.374,,32,reviewed,ci,ci
1992-07-24T14:51:26.050Z,34.987,-116.965,5.138,2.52,mc,0,60,,0.217,ci,ci3046603,2016-02-10T11:36:52.240Z,"11km NNE of Barstow, California",earthquake,,1.854,,56,reviewed,ci,ci
1992-07-24T14:12:11.750Z,34.287,-116.45,4.934,2.62,mc,0,44.3,,0.136,ci,ci3046585,2016-02-10T00:54:43.446Z,"19km N of Yucca Valley, California",earthquake,,2.392,,62,reviewed,ci,ci
1992-07-24T12:26:10.180Z,34.193,-116.868,2.497,3.11,ml,0,25.5,,0.182,ci,ci3046563,2016-02-10T22:17:02.639Z,"7km SE of Big Bear Lake, California",earthquake,,0.181,,25,reviewed,ci,ci
1992-07-24T12:19:25.150Z,34.948,-116.899,2.623,3.47,ml,0,64.9,,0.218,ci,ci3046562,2016-02-10T18:37:07.857Z,"13km ENE of Barstow, California",earthquake,,0.58,,34,reviewed,ci,ci
1992-07-24T10:09:40.790Z,35.781,-117.534,9.242,2.84,mc,0,157.3,,0.174,ci,ci3046533,2016-02-09T21:10:59.305Z,"12km W of Searles Valley, California",earthquake,,0.952,,66,reviewed,ci,ci
1992-07-24T09:49:16.890Z,34.114,-116.856,8.777,2.94,ml,0,25.7,,0.201,ci,ci3046530,2016-02-10T08:03:09.810Z,"15km SSE of Big Bear Lake, California",earthquake,,0.289,,26,reviewed,ci,ci
1992-07-24T08:08:50.670Z,34.988,-116.945,-1.029,2.77,mc,0,62.3,,0.209,ci,ci3046507,2016-02-10T08:03:04.685Z,"12km NE of Barstow, California",earthquake,,0.593,,72,reviewed,ci,ci
1992-07-24T08:04:45.320Z,34.624,-116.551,6.254,2.76,mc,0,43.4,,0.199,ci,ci3046506,2016-02-10T22:16:53.811Z,"37km WSW of Ludlow, California",earthquake,,0.771,,82,reviewed,ci,ci
1992-07-24T07:52:35.500Z,34.544,-116.542,3.004,2.85,ml,0,65.6,,0.202,ci,ci3046626,2016-02-10T04:29:53.860Z,"40km WSW of Ludlow, California",earthquake,,0.905,,18,reviewed,ci,ci
1992-07-24T07:50:03.510Z,34.637,-116.549,1.69,2.71,mc,0,60.1,,0.177,ci,ci3046498,2016-02-09T21:10:53.707Z,"37km WSW of Ludlow, California",earthquake,,0.421,,73,reviewed,ci,ci
1992-07-24T07:37:35.960Z,34.963,-116.94,3.361,2.54,mc,0,61.5,,0.17,ci,ci3046497,2016-02-10T00:54:33.743Z,"10km NE of Barstow, California",earthquake,,0.668,,42,reviewed,ci,ci
1992-07-24T07:23:56.070Z,34.488,-116.484,7.182,3.98,ml,0,47.2,,0.205,ci,ci3046496,2016-02-10T08:03:00.944Z,"39km SW of Ludlow, California",earthquake,,1.256,,33,reviewed,ci,ci
1992-07-24T06:47:33.580Z,34.096,-116.842,1.089,2.5,mc,0,33.2,,0.194,ci,ci3046489,2016-02-10T22:16:48.612Z,"18km SSE of Big Bear Lake, California",earthquake,,0.21,,70,reviewed,ci,ci
1992-07-24T06:37:37.740Z,34.324,-116.637,1.888,3.03,ml,0,36.8,,0.155,ci,ci3046488,2016-02-10T00:54:31.161Z,"20km ENE of Big Bear City, California",earthquake,,0.289,,17,reviewed,ci,ci
1992-07-24T05:54:05.050Z,34.633,-116.565,2.886,2.55,mc,0,63.2,,0.157,ci,ci3046478,2016-02-10T11:36:36.048Z,"38km WSW of Ludlow, California",earthquake,,0.522,,59,reviewed,ci,ci
1992-07-24T01:26:05.510Z,34.077,-116.388,-0.081,2.77,mc,0,57,,0.206,ci,ci3046395,2016-02-10T22:16:28.833Z,"6km SE of Yucca Valley, California",earthquake,,0.363,,72,reviewed,ci,ci
1992-07-24T00:03:08.160Z,34.095,-116.843,1.729,2.57,mc,0,60.6,,0.185,ci,ci3046666,2016-02-10T04:29:29.233Z,"18km SSE of Big Bear Lake, California",earthquake,,0.346,,31,reviewed,ci,ci
1992-07-24T00:02:39.250Z,34.081,-116.85,3.432,2.57,mc,0,47.6,,0.204,ci,ci3046366,2016-02-10T00:54:14.518Z,"18km N of Banning, California",earthquake,,0.129,,67,reviewed,ci,ci
1992-07-23T23:38:18.920Z,34.083,-116.86,2.36,2.53,mc,0,53.9,,0.193,ci,ci3046360,2016-02-10T18:36:25.857Z,"18km N of Banning, California",earthquake,,0.184,,55,reviewed,ci,ci
1992-07-23T23:16:04.430Z,34.088,-116.853,0.712,2.84,ml,0,32.3,,0.165,ci,ci3046353,2016-02-10T18:36:24.568Z,"18km SSE of Big Bear Lake, California",earthquake,,0.21,,14,reviewed,ci,ci
1992-07-23T23:05:07.950Z,34.085,-116.855,1.252,3.41,ml,0,45.6,,0.199,ci,ci3046349,2016-02-10T22:16:21.095Z,"18km N of Banning, California",earthquake,,0.132,,34,reviewed,ci,ci
1992-07-23T22:54:54.970Z,34.202,-116.823,8.983,2.66,mc,0,44.6,,0.122,ci,ci3046347,2016-02-09T21:10:32.369Z,"7km SSE of Big Bear City, California",earthquake,,0.774,,62,reviewed,ci,ci
1992-07-23T22:42:06.170Z,34.084,-116.854,1.122,3.18,ml,0,31.7,,0.165,ci,ci3046344,2016-02-10T22:16:19.662Z,"18km N of Banning, California",earthquake,,0.152,,16,reviewed,ci,ci
1992-07-23T22:32:05.440Z,34.926,-116.759,1.83,2.63,mc,0,75.5,,0.212,ci,ci3046340,2016-02-10T00:54:11.921Z,"24km E of Barstow, California",earthquake,,0.758,,51,reviewed,ci,ci
1992-07-23T20:47:23.710Z,35.021,-116.97,3.828,2.85,ml,0,60.7,,0.169,ci,ci3046315,2016-02-10T00:54:05.051Z,"14km NNE of Barstow, California",earthquake,,0.579,,15,reviewed,ci,ci
1992-07-23T20:32:40.160Z,34.882,-116.664,-1.015,2.69,mc,0,72.9,,0.171,ci,ci3046312,2016-02-09T21:10:26.993Z,"33km E of Barstow, California",earthquake,,0.926,,58,reviewed,ci,ci
1992-07-23T19:38:34.230Z,34.93,-116.762,1.654,2.89,ml,0,75.9,,0.169,ci,ci3046300,2016-02-10T11:36:09.987Z,"24km E of Barstow, California",earthquake,,1.004,,17,reviewed,ci,ci
1992-07-23T19:22:23.570Z,34.434,-116.499,4.024,2.56,mc,0,46,,0.086,ci,ci3046297,2016-02-10T00:54:00.953Z,"36km N of Yucca Valley, California",earthquake,,22.167,,44,reviewed,ci,ci
1992-07-23T19:16:02.550Z,34.114,-116.919,4.413,2.82,mc,0,37.5,,0.132,ci,ci3046295,2016-02-10T15:02:47.186Z,"14km S of Big Bear Lake, California",earthquake,,0.602,,90,reviewed,ci,ci
1992-07-23T13:50:06.450Z,34.179,-116.814,3.653,2.89,ml,0,27.2,,0.157,ci,ci3046182,2016-02-10T08:02:11.392Z,"10km SSE of Big Bear City, California",earthquake,,47.589,,22,reviewed,ci,ci
1992-07-23T13:46:39.350Z,34.228,-116.854,2.606,2.59,mc,0,46.1,,0.12,ci,ci3046181,2016-02-10T11:35:51.420Z,"4km SSW of Big Bear City, California",earthquake,,0.203,,70,reviewed,ci,ci
1992-07-23T13:27:56.430Z,34.074,-116.376,4.892,2.62,mc,0,36.4,,0.215,ci,ci3046475,2016-02-10T00:53:49.748Z,"7km SE of Yucca Valley, California",earthquake,,6.637,,56,reviewed,ci,ci
1992-07-23T12:51:06.510Z,34.063,-116.41,-0.907,3.01,ml,0,32,,0.185,ci,ci3046169,2016-02-10T22:16:02.509Z,"6km SSE of Yucca Valley, California",earthquake,,0.314,,22,reviewed,ci,ci
1992-07-23T12:18:43.150Z,34.637,-116.664,4.022,2.7,mc,0,75.4,,0.173,ci,ci3046163,2016-02-10T22:16:00.964Z,"35km NE of Lucerne Valley, California",earthquake,,0.208,,72,reviewed,ci,ci
1992-07-23T11:34:14.840Z,35.094,-116.671,-0.82,2.5,mc,0,126.3,,0.2,ci,ci3046150,2016-02-10T08:02:07.547Z,"19km S of Fort Irwin, California",earthquake,,0.921,,59,reviewed,ci,ci
1992-07-23T11:31:53.550Z,35.023,-116.967,3.778,2.75,mc,0,61.1,,0.184,ci,ci3046149,2016-02-09T21:10:09.848Z,"15km NNE of Barstow, California",earthquake,,0.343,,76,reviewed,ci,ci
1992-07-23T07:37:25.640Z,34.174,-116.806,3.663,3.51,ml,0,26.7,,0.175,ci,ci3046103,2016-02-10T00:53:37.682Z,"10km SSE of Big Bear City, California",earthquake,,3.518,,36,reviewed,ci,ci
1992-07-23T07:16:40.820Z,34.582,-116.594,1.717,2.59,mc,0,42.1,,0.22,ci,ci3046101,2016-02-10T04:28:57.233Z,"38km ENE of Lucerne Valley, California",earthquake,,0.511,,63,reviewed,ci,ci
1992-07-23T06:39:00.580Z,35.027,-116.83,0.875,3.09,ml,0,81.9,,0.22,ci,ci3046086,2016-02-10T00:53:34.314Z,"23km NE of Barstow, California",earthquake,,0.731,,21,reviewed,ci,ci
1992-07-23T05:52:14.320Z,35.633,-117.637,3.384,3.1,ml,0,95.8,0.1098,0.18,ci,ci3046073,2016-02-10T18:35:38.301Z,"4km ENE of Ridgecrest, California",earthquake,,0.155,,17,reviewed,ci,ci
1992-07-23T03:21:30.110Z,34.295,-116.456,4.585,2.61,mc,0,44.3,,0.13,ci,ci3046032,2016-02-10T15:02:20.812Z,"20km N of Yucca Valley, California",earthquake,,7.671,,57,reviewed,ci,ci
1992-07-23T02:56:59.070Z,34.1,-116.412,-1.008,2.94,ml,0,30,,0.189,ci,ci3046024,2016-02-10T15:02:18.133Z,"2km SE of Yucca Valley, California",earthquake,,0.22,,26,reviewed,ci,ci
1992-07-23T02:18:39.530Z,34.295,-116.882,4.059,2.5,mc,0,50.7,,0.169,ci,ci3046015,2016-02-10T18:35:29.106Z,"5km NW of Big Bear City, California",earthquake,,4.777,,62,reviewed,ci,ci
1992-07-23T02:08:12.050Z,34.136,-116.865,10.02,3.14,ml,0,24.9,,0.276,ci,ci3046010,2016-02-10T00:53:22.305Z,"13km SSE of Big Bear Lake, California",earthquake,,0.176,,28,reviewed,ci,ci
1992-07-23T01:33:07.050Z,34.436,-116.504,1.519,2.77,ml,0,45.8,,0.117,ci,ci3046003,2016-02-10T00:53:20.705Z,"36km N of Yucca Valley, California",earthquake,,0.311,,23,reviewed,ci,ci
1992-07-23T01:17:36.330Z,34.118,-116.406,1.704,2.56,mc,0,34.5,,0.188,ci,ci3045997,2016-02-10T08:01:45.210Z,"2km E of Yucca Valley, California",earthquake,,0.293,,48,reviewed,ci,ci
1992-07-23T00:00:51.440Z,34.464,-116.475,1.658,2.5,mc,0,118.1,0.1956,0.196,ci,ci3045974,2016-02-10T08:01:40.052Z,"39km N of Yucca Valley, California",earthquake,,0.551,,48,reviewed,ci,ci
1992-07-22T22:37:22.530Z,34.107,-116.903,3.485,2.66,mc,0,24.4,,0.22,ci,ci3045943,2016-02-10T18:35:09.269Z,"15km S of Big Bear Lake, California",earthquake,,0.215,,59,reviewed,ci,ci
1992-07-22T22:19:11.370Z,34.997,-116.954,4.088,3.31,ml,0,62,,0.19,ci,ci3045942,2016-02-10T22:15:31.553Z,"13km NNE of Barstow, California",earthquake,,0.322,,25,reviewed,ci,ci
1992-07-22T21:36:19.360Z,34.298,-116.883,5.151,2.83,mc,0,51,,0.181,ci,ci3045927,2016-02-10T18:35:07.754Z,"5km NW of Big Bear City, California",earthquake,,0.953,,80,reviewed,ci,ci
1992-07-22T19:57:28.850Z,34.324,-116.458,7.442,2.74,mc,0,45.8,,0.129,ci,ci3045903,2016-02-10T15:01:48.130Z,"23km N of Yucca Valley, California",earthquake,,1.136,,59,reviewed,ci,ci
1992-07-22T19:44:20.320Z,34.597,-116.629,3.87,2.5,mc,0,59.6,,0.165,ci,ci3209602,2016-02-10T15:01:45.389Z,"35km ENE of Lucerne Valley, California",earthquake,,0.284,,51,reviewed,ci,ci
1992-07-22T18:56:37.580Z,34.306,-116.996,5.447,3.13,ml,0,27.4,,0.175,ci,ci3045879,2016-02-10T22:15:25.989Z,"10km NW of Big Bear Lake, California",earthquake,,0.687,,23,reviewed,ci,ci
1992-07-22T18:13:21.530Z,34.982,-116.944,-0.902,2.52,mc,0,62.1,,0.182,ci,ci3045863,2016-02-10T18:34:58.132Z,"12km NE of Barstow, California",earthquake,,0.67,,52,reviewed,ci,ci
1992-07-22T17:04:39.610Z,34.505,-116.517,3.458,2.51,mc,0,123.1,,0.149,ci,ci3045839,2016-02-10T18:34:52.776Z,"40km NE of Big Bear City, California",earthquake,,0.875,,48,reviewed,ci,ci
1992-07-22T15:45:21.600Z,34.114,-116.401,-0.906,2.66,mc,0,39.8,,0.239,ci,ci3045819,2016-02-10T15:01:37.580Z,"3km E of Yucca Valley, California",earthquake,,0.453,,63,reviewed,ci,ci
1992-07-22T14:42:20.580Z,33.948,-116.855,6.253,2.82,mc,0,26.7,,0.189,ci,ci3045799,2016-02-10T22:15:14.372Z,"3km NE of Banning, California",earthquake,,0.522,,77,reviewed,ci,ci
1992-07-22T13:54:06.800Z,35.001,-116.96,4.028,2.5,mc,0,61.4,,0.163,ci,ci3205348,2016-02-09T21:09:21.315Z,"13km NNE of Barstow, California",earthquake,,0.337,,57,reviewed,ci,ci
1992-07-22T12:54:18.750Z,34.069,-116.398,-0.927,2.6,mc,0,54.1,,0.212,ci,ci3045769,2016-02-10T11:34:53.224Z,"6km SSE of Yucca Valley, California",earthquake,,0.578,,55,reviewed,ci,ci
1992-07-22T12:44:33.800Z,34.598,-116.633,2.552,2.72,mc,0,40.5,,0.221,ci,ci3045767,2016-02-10T08:01:10.706Z,"35km ENE of Lucerne Valley, California",earthquake,,0.339,,79,reviewed,ci,ci
1992-07-22T11:26:56.300Z,34.123,-116.411,2.816,2.54,mc,0,65,,0.148,ci,ci3045745,2016-02-10T04:28:07.294Z,"2km ENE of Yucca Valley, California",earthquake,,0.338,,66,reviewed,ci,ci
1992-07-22T10:55:16.680Z,34.122,-116.408,1.226,2.84,mc,0,35.5,,0.206,ci,ci3045741,2016-02-10T18:34:31.233Z,"2km ENE of Yucca Valley, California",earthquake,,0.248,,76,reviewed,ci,ci
1992-07-22T10:43:33.970Z,34.228,-116.855,4.17,2.88,ml,0,45.5,,0.149,ci,ci3045771,2016-02-10T04:28:04.111Z,"4km SSW of Big Bear City, California",earthquake,,,,34,reviewed,ci,ci
1992-07-22T10:41:58.000Z,34.111,-116.918,4.015,3.1,ml,0,35.3,,0.167,ci,ci3045738,2016-02-10T11:34:51.019Z,"14km NE of Yucaipa, California",earthquake,,21.795,,11,reviewed,ci,ci
1992-07-22T09:52:02.530Z,35.176,-116.854,1.625,2.74,ml,0,88.2,,0.206,ci,ci3045727,2016-02-09T21:09:09.279Z,"18km WSW of Fort Irwin, California",earthquake,,0.947,,14,reviewed,ci,ci
1992-07-22T07:57:14.800Z,34.246,-116.813,-0.462,2.81,mc,0,49.4,,0.182,ci,ci3045695,2016-02-10T11:34:45.507Z,"3km ESE of Big Bear City, California",earthquake,,0.304,,84,reviewed,ci,ci
1992-07-22T07:10:04.300Z,34.313,-116.48,0.807,3.02,ml,0,44.5,,0.16,ci,ci3045683,2016-02-09T21:08:58.105Z,"22km N of Yucca Valley, California",earthquake,,0.317,,25,reviewed,ci,ci
1992-07-22T07:05:55.780Z,34.247,-116.725,12.016,2.86,ml,0,53,,0.128,ci,ci3045874,2016-02-10T18:34:22.453Z,"11km E of Big Bear City, California",earthquake,,0.55,,20,reviewed,ci,ci
1992-07-22T06:31:14.170Z,34.347,-116.467,4.972,2.56,mc,0,108,,0.123,ci,ci3045670,2016-02-09T21:08:56.393Z,"26km N of Yucca Valley, California",earthquake,,13.019,,60,reviewed,ci,ci
1992-07-22T05:28:55.320Z,34.573,-116.546,3.782,3.08,ml,0,44.2,,0.16,ci,ci3045652,2016-02-10T15:01:10.362Z,"39km WSW of Ludlow, California",earthquake,,0.474,,20,reviewed,ci,ci
1992-07-22T05:19:08.640Z,34.065,-116.387,2.36,2.91,ml,0,34.5,,0.222,ci,ci3045650,2016-02-10T22:14:51.562Z,"7km SE of Yucca Valley, California",earthquake,,0.182,,20,reviewed,ci,ci
1992-07-22T05:07:54.390Z,34.618,-116.663,6.56,2.62,ml,0,41.2,,0.16,ci,ci3045648,2016-02-10T00:52:44.000Z,"34km NE of Lucerne Valley, California",earthquake,,0.8,,12,reviewed,ci,ci
1992-07-22T04:39:03.330Z,34.176,-116.431,6.992,2.61,mc,0,41.6,,0.188,ci,ci3045639,2016-02-10T04:27:43.056Z,"7km N of Yucca Valley, California",earthquake,,2.318,,41,reviewed,ci,ci
1992-07-22T04:21:01.820Z,34.952,-116.927,-0.902,2.87,mc,0,62.1,,0.19,ci,ci3045634,2016-02-10T18:34:16.956Z,"11km NE of Barstow, California",earthquake,,0.585,,87,reviewed,ci,ci
1992-07-22T04:19:37.550Z,34.95,-116.927,-0.892,2.56,mc,0,62,,0.167,ci,ci3045631,2016-02-10T04:27:41.621Z,"10km ENE of Barstow, California",earthquake,,0.768,,57,reviewed,ci,ci
1992-07-22T04:13:56.490Z,34.349,-116.482,-1.048,3.08,ml,0,45.5,,0.14,ci,ci3045630,2016-02-10T22:14:48.840Z,"26km N of Yucca Valley, California",earthquake,,0.46,,28,reviewed,ci,ci
1992-07-22T04:05:58.920Z,33.872,-116.266,4.197,2.5,mc,0,33.6,,0.196,ci,ci3045624,2016-02-10T22:14:45.375Z,"13km ENE of Thousand Palms, California",earthquake,,0.097,,49,reviewed,ci,ci
1992-07-22T03:27:49.590Z,34.189,-116.806,3.868,2.73,mc,0,27.5,,0.168,ci,ci3045851,2016-02-10T04:27:38.962Z,"9km SSE of Big Bear City, California",earthquake,,23.16,,68,reviewed,ci,ci
1992-07-22T03:26:58.890Z,34.373,-116.45,0.116,2.55,mc,0,118,,0.149,ci,ci3045847,2016-02-09T21:08:46.615Z,"29km N of Yucca Valley, California",earthquake,,0.723,,14,reviewed,ci,ci
1992-07-22T03:26:26.340Z,34.369,-116.457,0.807,2.72,ml,0,46.9,,0.159,ci,ci3045621,2016-02-10T15:01:01.710Z,"28km N of Yucca Valley, California",earthquake,,0.237,,19,reviewed,ci,ci
1992-07-22T03:03:35.890Z,34.137,-116.598,0.664,2.51,mc,0,34.1,,0.196,ci,ci3045616,2016-02-10T11:34:32.442Z,"10km N of Morongo Valley, California",earthquake,,0.218,,67,reviewed,ci,ci
1992-07-22T02:53:06.420Z,35.142,-116.86,-0.075,2.88,ml,0,85.9,,0.201,ci,ci3045613,2016-02-10T15:00:57.192Z,"21km SW of Fort Irwin, California",earthquake,,0.821,,8,reviewed,ci,ci
1992-07-22T01:08:38.660Z,34.249,-116.833,-0.292,2.51,mc,0,59.6,,0.172,ci,ci3045579,2016-02-10T18:34:02.483Z,"2km SE of Big Bear City, California",earthquake,,0.407,,67,reviewed,ci,ci
1992-07-22T00:30:51.020Z,35.138,-116.856,0.205,2.61,mc,0,86.8,,0.218,ci,ci3045569,2016-02-10T22:14:35.890Z,"21km SW of Fort Irwin, California",earthquake,,1.736,,48,reviewed,ci,ci
1992-07-21T23:45:57.200Z,34.133,-116.605,1.044,2.69,mc,0,35,,0.186,ci,ci3045556,2016-02-10T22:14:31.947Z,"10km NNW of Morongo Valley, California",earthquake,,0.238,,48,reviewed,ci,ci
1992-07-21T23:30:50.610Z,34.134,-116.598,-0.836,2.65,mc,0,42,,0.201,ci,ci3045552,2016-02-10T18:33:58.209Z,"10km N of Morongo Valley, California",earthquake,,0.283,,32,reviewed,ci,ci
1992-07-21T23:26:54.060Z,34.372,-116.454,6.592,2.69,mc,0,47.2,,0.182,ci,ci3045550,2016-02-10T08:00:45.435Z,"29km N of Yucca Valley, California",earthquake,,2.603,,38,reviewed,ci,ci
1992-07-21T23:22:10.150Z,34.133,-116.603,0.565,4.11,ml,0,34.1,,0.168,ci,ci3045548,2016-02-10T04:27:30.789Z,"10km NNW of Morongo Valley, California",earthquake,,0.205,,17,reviewed,ci,ci
1992-07-21T23:15:23.490Z,34.038,-116.362,0.806,2.79,mc,0,37.9,,0.196,ci,ci3045546,2016-02-10T00:52:30.504Z,"11km SE of Yucca Valley, California",earthquake,,0.236,,71,reviewed,ci,ci
1992-07-21T23:06:51.270Z,34.133,-116.603,0.904,2.67,mc,0,35,,0.198,ci,ci3049109,2016-02-10T00:52:29.108Z,"10km NNW of Morongo Valley, California",earthquake,,0.207,,74,reviewed,ci,ci
1992-07-21T22:49:48.750Z,34.158,-116.823,9.494,2.85,ml,0,40.3,,0.125,ci,ci3045538,2016-02-10T22:14:28.734Z,"12km S of Big Bear City, California",earthquake,,0.616,,26,reviewed,ci,ci
1992-07-21T22:29:04.110Z,34.167,-116.817,3.876,2.76,mc,0,27.1,,0.112,ci,ci3045537,2016-02-10T18:33:56.233Z,"11km SSE of Big Bear City, California",earthquake,,51.467,,67,reviewed,ci,ci
1992-07-21T21:42:22.390Z,34.943,-116.637,4.943,2.86,ml,0,86.8,,0.175,ci,ci3045525,2016-02-10T08:00:42.811Z,"36km E of Barstow, California",earthquake,,,,30,reviewed,ci,ci
1992-07-21T21:12:45.040Z,34.217,-116.772,0.05,3.25,ml,0,35.5,,0.155,ci,ci3045554,2016-02-10T18:33:53.508Z,"8km SE of Big Bear City, California",earthquake,,0.22,,31,reviewed,ci,ci
1992-07-21T21:10:29.020Z,34.219,-116.771,-0.1,4,ml,0,35.5,,0.179,ci,ci3045519,2016-02-10T11:34:21.151Z,"8km SE of Big Bear City, California",earthquake,,0.206,,19,reviewed,ci,ci
1992-07-21T21:06:17.410Z,35.058,-116.805,0.215,2.54,mc,0,130.4,,0.197,ci,ci3045518,2016-02-10T11:34:19.633Z,"25km SSW of Fort Irwin, California",earthquake,,1.102,,39,reviewed,ci,ci
1992-07-21T18:00:50.780Z,33.941,-116.346,3.398,3.41,ml,0,30,,0.174,ci,ci3045453,2016-02-10T22:14:13.228Z,"14km NNE of Thousand Palms, California",earthquake,,0.104,,26,reviewed,ci,ci
1992-07-21T16:22:51.990Z,34.309,-116.453,3.632,2.75,mc,0,47.4,,0.174,ci,ci3045428,2016-02-10T18:33:46.779Z,"22km N of Yucca Valley, California",earthquake,,0.369,,71,reviewed,ci,ci
1992-07-21T15:13:42.270Z,34.974,-116.94,-0.902,2.61,mc,0,126.3,,0.205,ci,ci3202528,2016-02-10T00:52:06.756Z,"11km NE of Barstow, California",earthquake,,1.192,,43,reviewed,ci,ci
1992-07-21T15:13:31.990Z,34.258,-116.445,-0.823,2.67,mc,0,129,,0.226,ci,ci3045408,2016-02-10T04:27:18.174Z,"16km N of Yucca Valley, California",earthquake,,0.619,,57,reviewed,ci,ci
1992-07-21T13:48:57.280Z,34.619,-116.67,5.016,2.51,mc,0,46,,0.183,ci,ci3045387,2016-02-10T04:27:14.294Z,"34km NE of Lucerne Valley, California",earthquake,,,,44,reviewed,ci,ci
1992-07-21T13:30:01.730Z,34.15,-116.848,10.194,3.54,ml,0,32.5,,0.166,ci,ci3045384,2016-02-10T08:00:15.528Z,"12km SSE of Big Bear Lake, California",earthquake,,0.311,,16,reviewed,ci,ci
1992-07-21T12:21:38.590Z,34.986,-116.941,0.15,3.05,ml,0,62.8,,0.184,ci,ci3045599,2016-02-10T00:51:58.935Z,"12km NE of Barstow, California",earthquake,,0.669,,28,reviewed,ci,ci
1992-07-21T12:01:43.490Z,35.788,-117.622,3.691,2.85,mc,0,89.2,,0.181,ci,ci3045591,2016-02-10T11:33:48.744Z,"19km NNE of Ridgecrest, California",earthquake,,0.133,,63,reviewed,ci,ci
1992-07-21T09:50:19.720Z,34.142,-116.722,1.891,2.53,mc,0,42,,0.182,ci,ci3045327,2016-02-10T00:51:50.567Z,"17km NW of Morongo Valley, California",earthquake,,0.188,,66,reviewed,ci,ci
1992-07-21T09:36:37.340Z,34.048,-116.369,-0.74,2.83,mc,0,37.1,,0.205,ci,ci3045319,2016-02-10T07:59:54.652Z,"9km SE of Yucca Valley, California",earthquake,,0.294,,71,reviewed,ci,ci
1992-07-21T08:19:55.260Z,34.298,-116.445,1.582,2.75,mc,0,47.1,,0.152,ci,ci3045303,2016-02-10T04:27:02.993Z,"20km N of Yucca Valley, California",earthquake,,0.328,,71,reviewed,ci,ci
1992-07-21T08:04:20.360Z,35.084,-116.663,5.12,2.79,ml,0,125.5,,0.233,ci,ci3045302,2016-02-10T04:27:01.566Z,"20km S of Fort Irwin, California",earthquake,,,,21,reviewed,ci,ci
1992-07-21T06:56:04.240Z,34.255,-116.436,2.505,2.73,mc,0,45.5,,0.159,ci,ci3045279,2016-02-10T22:13:53.024Z,"16km N of Yucca Valley, California",earthquake,,0.28,,77,reviewed,ci,ci
1992-07-21T06:44:00.670Z,34.143,-116.723,1.451,2.71,mc,0,39.6,,0.209,ci,ci3045277,2016-02-10T15:00:02.103Z,"17km NW of Morongo Valley, California",earthquake,,0.182,,80,reviewed,ci,ci
1992-07-21T06:01:59.020Z,34.965,-116.935,-0.822,3.28,ml,0,62.3,,0.231,ci,ci3045271,2016-02-10T15:00:00.113Z,"11km NE of Barstow, California",earthquake,,0.708,,37,reviewed,ci,ci
1992-07-21T05:12:40.300Z,33.993,-117.166,11.745,2.71,mc,0,26,,0.166,ci,ci3045256,2016-02-10T22:13:49.965Z,"7km SSE of Redlands, California",earthquake,,0.225,,78,reviewed,ci,ci
1992-07-21T04:33:13.110Z,34.363,-116.462,0.242,2.6,mc,0,49.5,,0.127,ci,ci3045242,2016-02-10T11:33:30.157Z,"28km N of Yucca Valley, California",earthquake,,0.468,,71,reviewed,ci,ci
1992-07-21T04:22:08.460Z,34.793,-116.288,4.938,2.62,mc,0,99,,0.225,ci,ci3045238,2016-02-10T07:59:39.761Z,"14km NW of Ludlow, California",earthquake,,,,56,reviewed,ci,ci
1992-07-21T03:34:59.680Z,34.305,-116.45,1.512,2.76,mc,0,47.3,,0.187,ci,ci3045224,2016-02-10T00:51:39.587Z,"21km N of Yucca Valley, California",earthquake,,0.336,,66,reviewed,ci,ci
1992-07-21T02:18:37.870Z,34.33,-116.472,0.252,2.51,mc,0,59.9,,0.22,ci,ci3045204,2016-02-10T22:13:40.325Z,"24km N of Yucca Valley, California",earthquake,,0.397,,52,reviewed,ci,ci
1992-07-21T01:10:42.750Z,34.972,-116.94,0.225,2.82,ml,0,62.1,,0.223,ci,ci3045187,2016-02-09T21:08:02.217Z,"11km NE of Barstow, California",earthquake,,0.615,,20,reviewed,ci,ci
1992-07-20T23:32:00.360Z,34.054,-116.429,4.353,2.57,mc,0,27.8,,0.2,ci,ci3045154,2016-02-10T14:59:46.428Z,"7km S of Yucca Valley, California",earthquake,,5.434,,47,reviewed,ci,ci
1992-07-20T23:04:11.680Z,34.511,-116.53,5.045,3.27,ml,0,53,,0.233,ci,ci3045146,2016-02-09T21:07:54.104Z,"40km NE of Big Bear City, California",earthquake,,,,33,reviewed,ci,ci
1992-07-20T22:48:59.310Z,34.423,-116.509,2.642,2.79,mc,0,50.2,,0.133,ci,ci3045144,2016-02-10T07:59:25.666Z,"35km NNW of Yucca Valley, California",earthquake,,0.723,,75,reviewed,ci,ci
1992-07-20T22:35:23.130Z,34.978,-116.936,-0.785,2.59,mc,0,83.8,,0.166,ci,ci3045257,2016-02-10T11:33:14.083Z,"12km NE of Barstow, California",earthquake,,0.997,,60,reviewed,ci,ci
1992-07-20T22:34:14.890Z,34.093,-116.418,-0.347,2.7,mc,0,47.9,,0.207,ci,ci3045142,2016-02-10T00:51:22.415Z,"3km SSE of Yucca Valley, California",earthquake,,0.312,,68,reviewed,ci,ci
1992-07-20T22:16:37.070Z,34.562,-116.514,5.052,2.62,mc,0,62.4,0.06996,0.192,ci,ci3045140,2016-02-10T14:59:44.596Z,"37km WSW of Ludlow, California",earthquake,,,,44,reviewed,ci,ci
1992-07-20T22:03:51.970Z,34.96,-116.936,0.835,2.59,mc,0,61.8,,0.194,ci,ci3045138,2016-02-10T22:13:30.939Z,"10km NE of Barstow, California",earthquake,,0.729,,61,reviewed,ci,ci
1992-07-20T19:26:19.480Z,33.95,-116.343,4.45,2.54,mc,0,96.6,,0.177,ci,ci3045092,2016-02-10T22:13:26.469Z,"15km E of Desert Hot Springs, California",earthquake,,0.194,,47,reviewed,ci,ci
1992-07-20T18:57:16.870Z,34.506,-116.524,2.606,2.56,mc,0,128.5,,0.132,ci,ci3045084,2016-02-10T22:13:21.939Z,"40km NE of Big Bear City, California",earthquake,,1.055,,44,reviewed,ci,ci
1992-07-20T18:33:32.510Z,34.379,-116.463,4.931,2.61,mc,0,106.6,,0.156,ci,ci3045080,2016-02-10T07:59:12.561Z,"30km N of Yucca Valley, California",earthquake,,,,41,reviewed,ci,ci
1992-07-20T17:11:24.010Z,34.966,-116.932,-0.902,2.53,mc,0,102.8,,0.172,ci,ci2115318,2016-02-10T07:59:08.826Z,"11km NE of Barstow, California",earthquake,,1.555,,37,reviewed,ci,ci
1992-07-20T16:58:31.510Z,34.251,-116.43,4.998,2.51,mc,0,106.3,,0.19,ci,ci3045053,2016-02-10T00:51:13.784Z,"15km N of Yucca Valley, California",earthquake,,,,52,reviewed,ci,ci
1992-07-20T16:55:16.780Z,34.289,-116.451,5.045,2.83,mc,0,105.6,,0.164,ci,ci3045052,2016-02-10T04:26:25.218Z,"20km N of Yucca Valley, California",earthquake,,,,75,reviewed,ci,ci
1992-07-20T16:47:16.980Z,34.952,-116.779,1.923,2.84,ml,0,77.9,,0.196,ci,ci3045050,2016-02-09T21:07:39.109Z,"23km ENE of Barstow, California",earthquake,,0.868,,21,reviewed,ci,ci
1992-07-20T15:47:22.010Z,34.603,-116.607,3.296,2.57,mc,0,82.5,,0.145,ci,ci3045042,2016-02-09T21:07:36.474Z,"38km ENE of Lucerne Valley, California",earthquake,,0.283,,37,reviewed,ci,ci
1992-07-20T15:36:06.120Z,33.996,-117.554,1.917,2.98,ml,0,93.9,,0.175,ci,ci3045040,2016-02-10T04:26:22.630Z,"4km W of Mira Loma, California",earthquake,,0.188,,32,reviewed,ci,ci
1992-07-20T14:50:04.150Z,34.428,-116.518,3.223,2.52,mc,0,124.8,,0.095,ci,ci3045027,2016-02-10T04:26:18.882Z,"35km ENE of Big Bear City, California",earthquake,,20.308,,35,reviewed,ci,ci
1992-07-20T14:21:51.100Z,34.148,-116.418,2.052,2.66,mc,0,103.3,,0.171,ci,ci3045022,2016-02-10T04:26:17.559Z,"4km NNE of Yucca Valley, California",earthquake,,0.59,,58,reviewed,ci,ci
1992-07-20T13:13:19.420Z,34.991,-116.948,-0.812,4.68,ml,0,62.4,,0.197,ci,ci3045013,2016-02-10T04:26:16.228Z,"12km NNE of Barstow, California",earthquake,,0.622,,27,reviewed,ci,ci
1992-07-20T10:35:11.540Z,34.977,-116.942,3.607,3.64,ml,0,62.3,,0.186,ci,ci3044984,2016-02-09T21:07:29.116Z,"11km NE of Barstow, California",earthquake,,0.341,,39,reviewed,ci,ci
1992-07-20T10:04:36.610Z,33.995,-116.344,1.732,2.51,mc,0,133,,0.195,ci,ci3044980,2016-02-10T14:59:19.859Z,"15km ENE of Desert Hot Springs, California",earthquake,,0.285,,44,reviewed,ci,ci
1992-07-20T09:24:39.600Z,34.975,-116.943,2.988,2.71,mc,0,61.9,,0.206,ci,ci3044971,2016-02-10T07:58:48.906Z,"11km NE of Barstow, California",earthquake,,0.436,,66,reviewed,ci,ci
1992-07-20T09:22:46.690Z,35.286,-117.972,2.731,2.65,mc,0,32.9,,0.23,ci,ci3044969,2016-02-10T07:58:47.098Z,"18km N of California City, California",earthquake,,0.265,,63,reviewed,ci,ci
1992-07-20T09:01:32.650Z,34.092,-116.434,8.913,2.65,mc,0,100.1,,0.204,ci,ci3044963,2016-02-10T22:13:04.311Z,"2km S of Yucca Valley, California",earthquake,,1.307,,66,reviewed,ci,ci
1992-07-20T08:45:49.000Z,34.055,-116.38,2.08,3.25,ml,0,100.8,,0.171,ci,ci3044960,2016-02-09T21:07:27.705Z,"8km SE of Yucca Valley, California",earthquake,,0.394,,36,reviewed,ci,ci
1992-07-20T08:33:38.960Z,35.057,-116.983,-0.553,2.59,mc,0,63.9,,0.257,ci,ci3044959,2016-02-10T22:13:02.103Z,"18km NNE of Barstow, California",earthquake,,0.799,,46,reviewed,ci,ci
1992-07-20T08:16:09.830Z,34.966,-116.938,3.928,2.97,ml,0,61.9,,0.189,ci,ci3044957,2016-02-10T04:26:03.761Z,"11km NE of Barstow, California",earthquake,,0.448,,25,reviewed,ci,ci
1992-07-20T08:10:12.090Z,33.851,-116.282,2.127,2.9,mc,0,82.8,,0.176,ci,ci3044954,2016-02-10T18:32:47.612Z,"11km ENE of Thousand Palms, California",earthquake,,0.199,,59,reviewed,ci,ci
1992-07-20T07:47:34.890Z,34.455,-116.475,2.531,2.57,mc,0,106.9,,0.181,ci,ci3044950,2016-02-10T07:58:44.060Z,"38km N of Yucca Valley, California",earthquake,,1.475,,53,reviewed,ci,ci
1992-07-20T07:44:22.840Z,34.285,-116.445,5.067,2.81,mc,0,106.1,,0.187,ci,ci3044949,2016-02-10T18:32:44.614Z,"19km N of Yucca Valley, California",earthquake,,,,72,reviewed,ci,ci
1992-07-20T07:10:13.650Z,34.282,-116.444,5.045,3.58,ml,0,106.1,,0.196,ci,ci3044944,2016-02-10T04:26:02.324Z,"19km N of Yucca Valley, California",earthquake,,,,39,reviewed,ci,ci
1992-07-20T06:51:38.560Z,34.977,-116.938,-0.902,2.56,mc,0,62.6,,0.224,ci,ci3044938,2016-02-10T07:58:40.764Z,"12km NE of Barstow, California",earthquake,,0.729,,43,reviewed,ci,ci
1992-07-20T06:23:23.920Z,34.976,-116.933,-0.892,2.78,mc,0,63,,0.193,ci,ci3044931,2016-02-10T00:50:43.519Z,"12km NE of Barstow, California",earthquake,,0.64,,52,reviewed,ci,ci
1992-07-20T06:19:54.620Z,34.973,-116.936,-0.902,2.5,mc,0,62.6,,0.245,ci,ci3044930,2016-02-10T00:50:42.156Z,"11km NE of Barstow, California",earthquake,,0.654,,46,reviewed,ci,ci
1992-07-20T06:16:34.090Z,34.113,-116.724,9.858,3.44,ml,0,78.8,,0.169,ci,ci3044929,2016-02-10T14:59:16.021Z,"15km WNW of Morongo Valley, California",earthquake,,0.459,,38,reviewed,ci,ci
1992-07-20T06:09:25.260Z,34.968,-116.94,3.907,3.18,ml,0,61.9,,0.184,ci,ci3044925,2016-02-10T22:12:56.561Z,"11km NE of Barstow, California",earthquake,,0.404,,33,reviewed,ci,ci
1992-07-20T06:00:35.310Z,34.591,-116.308,4.998,2.7,mc,0,135.8,,0.268,ci,ci3044922,2016-02-09T21:07:24.909Z,"20km SW of Ludlow, California",earthquake,,,,49,reviewed,ci,ci
1992-07-20T05:39:31.090Z,34.959,-116.942,3.688,2.61,mc,0,61.1,,0.204,ci,ci3044918,2016-02-10T00:50:40.728Z,"10km NE of Barstow, California",earthquake,,0.305,,42,reviewed,ci,ci
1992-07-20T04:56:35.230Z,34.956,-116.931,-0.902,2.6,mc,0,61.9,,0.153,ci,ci3044903,2016-02-09T21:07:21.393Z,"10km NE of Barstow, California",earthquake,,0.757,,30,reviewed,ci,ci
1992-07-20T04:53:01.300Z,34.387,-116.454,5.043,2.9,mc,0,107.8,,0.147,ci,ci3044899,2016-02-09T21:07:20.027Z,"30km N of Yucca Valley, California",earthquake,,,,49,reviewed,ci,ci
1992-07-20T04:52:36.730Z,34.969,-116.941,3.858,2.51,mc,0,66.1,,0.181,ci,ci3046426,2016-02-10T00:50:39.284Z,"11km NE of Barstow, California",earthquake,,0.377,,34,reviewed,ci,ci
1992-07-20T04:48:01.510Z,34.97,-116.939,3.737,4.55,ml,0,62.2,,0.195,ci,ci3044898,2016-02-09T21:07:18.665Z,"11km NE of Barstow, California",earthquake,,0.427,,30,reviewed,ci,ci
1992-07-20T04:29:20.420Z,35.91,-117.675,2.907,2.76,mc,0,178.4,,0.181,ci,ci3044897,2016-02-09T21:07:17.216Z,"21km E of Little Lake, California",earthquake,,0.248,,42,reviewed,ci,ci
1992-07-20T04:08:23.020Z,34.195,-116.431,5.051,4.14,ml,0,103.9,,0.262,ci,ci3044893,2016-02-10T04:25:58.467Z,"9km N of Yucca Valley, California",earthquake,,,,34,reviewed,ci,ci
1992-07-20T03:41:18.250Z,34.635,-116.634,7.262,2.91,ml,0,101.5,,0.143,ci,ci3044891,2016-02-10T18:32:37.359Z,"37km NE of Lucerne Valley, California",earthquake,,0.314,,25,reviewed,ci,ci
1992-07-20T03:35:28.330Z,34.454,-116.464,2.638,2.52,mc,0,108.4,,0.166,ci,ci3044890,2016-02-10T14:59:13.326Z,"38km N of Yucca Valley, California",earthquake,,1.033,,48,reviewed,ci,ci
1992-07-20T03:32:35.840Z,34.143,-116.718,4.764,2.74,mc,0,90.6,,0.159,ci,ci3044886,2016-02-10T00:50:37.998Z,"16km NW of Morongo Valley, California",earthquake,,10.604,,73,reviewed,ci,ci
1992-07-20T03:29:23.170Z,33.987,-116.334,6.252,2.57,mc,0,99.6,,0.177,ci,ci3044885,2016-02-10T07:58:31.975Z,"16km E of Desert Hot Springs, California",earthquake,,0.762,,48,reviewed,ci,ci
1992-07-20T02:36:56.460Z,34.205,-116.431,4.972,2.6,mc,0,146.7,,0.213,ci,ci3111428,2016-02-10T18:32:35.435Z,"10km N of Yucca Valley, California",earthquake,,,,54,reviewed,ci,ci
1992-07-20T02:33:11.280Z,34.635,-116.608,3.617,2.82,mc,0,79.3,,0.227,ci,ci3044868,2016-02-10T00:50:36.586Z,"39km ENE of Lucerne Valley, California",earthquake,,0.142,,69,reviewed,ci,ci
1992-07-20T01:58:57.960Z,34.189,-116.436,4.972,2.65,mc,0,103.1,,0.21,ci,ci3044857,2016-02-10T04:25:54.433Z,"8km N of Yucca Valley, California",earthquake,,,,53,reviewed,ci,ci
1992-07-20T00:37:28.560Z,35.029,-116.972,3.068,3.5,ml,0,60.8,,0.174,ci,ci3044835,2016-02-10T22:12:47.162Z,"15km NNE of Barstow, California",earthquake,,0.297,,38,reviewed,ci,ci
1992-07-19T19:55:44.360Z,35.651,-117.595,5.08,2.87,mc,0,155.2,0.09788,0.084,ci,ci3201975,2016-02-10T00:50:17.717Z,"8km ENE of Ridgecrest, California",earthquake,,,,5,reviewed,ci,ci
1992-07-19T19:54:08.410Z,34.097,-116.405,2.006,2.9,mc,0,101.7,,0.192,ci,ci3044796,2016-02-09T21:07:04.987Z,"3km SE of Yucca Valley, California",earthquake,,0.428,,72,reviewed,ci,ci
1992-07-19T19:35:19.480Z,35.006,-116.787,-0.979,2.98,ml,0,85.8,,0.202,ci,ci3044794,2016-02-10T07:58:13.971Z,"25km ENE of Barstow, California",earthquake,,0.846,,33,reviewed,ci,ci
1992-07-19T18:44:42.430Z,34.068,-116.367,2.11,2.58,mc,0,102.9,,0.21,ci,ci3044782,2016-02-10T07:58:10.048Z,"8km SE of Yucca Valley, California",earthquake,,0.3,,49,reviewed,ci,ci
1992-07-19T18:05:29.950Z,34.67,-116.704,3.499,2.61,mc,0,80.5,,0.202,ci,ci3045452,2016-02-10T11:32:33.611Z,"35km NE of Lucerne Valley, California",earthquake,,0.86,,48,reviewed,ci,ci
1992-07-19T18:04:34.250Z,34.219,-116.843,0.02,2.85,ml,0,83.8,,0.171,ci,ci3044773,2016-02-10T14:59:04.387Z,"5km S of Big Bear City, California",earthquake,,0.235,,30,reviewed,ci,ci
1992-07-19T17:33:50.950Z,34.627,-116.667,5.392,2.83,mc,0,85.4,,0.144,ci,ci3044763,2016-02-10T04:25:45.533Z,"34km NE of Lucerne Valley, California",earthquake,,0.628,,77,reviewed,ci,ci
1992-07-19T16:22:50.050Z,34.54,-116.542,2.837,3,ml,0,94.3,,0.183,ci,ci3044748,2016-02-10T22:12:31.205Z,"40km WSW of Ludlow, California",earthquake,,0.519,,29,reviewed,ci,ci
1992-07-19T14:19:05.420Z,34.632,-116.626,2.552,2.9,mc,0,97.2,,0.192,ci,ci3044717,2016-02-10T11:32:24.422Z,"38km NE of Lucerne Valley, California",earthquake,,0.161,,74,reviewed,ci,ci
1992-07-19T13:05:35.900Z,35.267,-116.833,-0.757,2.53,mc,0,84.2,,0.173,ci,ci3044696,2016-02-10T22:12:20.414Z,"14km W of Fort Irwin, California",earthquake,,0.795,,42,reviewed,ci,ci
1992-07-19T12:44:16.280Z,34.931,-116.914,-0.793,3.58,ml,0,61.9,,0.202,ci,ci3044693,2016-02-09T21:06:51.765Z,"11km ENE of Barstow, California",earthquake,,0.594,,38,reviewed,ci,ci
1992-07-19T12:43:03.230Z,34.928,-116.913,-1.068,2.53,mc,0,61.8,,0.177,ci,ci3047188,2016-02-10T04:25:38.376Z,"10km ENE of Barstow, California",earthquake,,0.596,,58,reviewed,ci,ci
1992-07-19T10:13:46.570Z,35.011,-116.961,-0.379,2.78,mc,0,61.5,,0.196,ci,ci3044648,2016-02-10T07:57:40.102Z,"14km NNE of Barstow, California",earthquake,,0.578,,76,reviewed,ci,ci
1992-07-19T09:44:30.890Z,35.031,-116.987,2.638,2.8,mc,0,60.2,,0.217,ci,ci3044640,2016-02-10T07:57:35.886Z,"15km NNE of Barstow, California",earthquake,,0.314,,78,reviewed,ci,ci
1992-07-19T09:25:18.020Z,34.43,-116.479,0.276,2.56,mc,0,47.1,,0.151,ci,ci3044637,2016-02-10T14:58:46.108Z,"35km N of Yucca Valley, California",earthquake,,0.451,,64,reviewed,ci,ci
1992-07-19T08:17:06.610Z,34.106,-116.823,1.802,2.93,mc,0,26.6,,0.197,ci,ci3044621,2016-02-10T14:58:40.617Z,"17km SSE of Big Bear Lake, California",earthquake,,0.132,,85,reviewed,ci,ci
1992-07-19T06:59:26.460Z,34.106,-116.821,1.852,2.55,mc,0,38.1,,0.174,ci,ci3047156,2016-02-10T22:11:59.742Z,"17km S of Big Bear City, California",earthquake,,0.149,,66,reviewed,ci,ci
1992-07-19T06:29:08.630Z,34.578,-116.295,4.965,2.58,mc,0,73,,0.184,ci,ci3044598,2016-02-10T11:32:04.809Z,"20km SW of Ludlow, California",earthquake,,,,43,reviewed,ci,ci
1992-07-19T05:32:14.860Z,34.16,-116.445,2.452,2.63,mc,0,40.4,,0.186,ci,ci3044585,2016-02-10T04:25:20.595Z,"5km NNW of Yucca Valley, California",earthquake,,0.182,,57,reviewed,ci,ci
1992-07-19T04:58:10.520Z,34.579,-116.297,4.914,2.83,ml,0,73.1,,0.25,ci,ci3044577,2016-02-10T00:49:39.393Z,"20km SW of Ludlow, California",earthquake,,,,23,reviewed,ci,ci
1992-07-19T03:52:38.140Z,35.13,-116.844,0.825,2.52,mc,0,90,,0.179,ci,ci3044564,2016-02-10T18:31:35.476Z,"21km SW of Fort Irwin, California",earthquake,,1.32,,12,reviewed,ci,ci
1992-07-19T02:35:10.350Z,34.933,-116.919,-1.029,2.54,mc,0,61.6,,0.219,ci,ci3044548,2016-02-10T22:11:52.377Z,"10km ENE of Barstow, California",earthquake,,0.479,,51,reviewed,ci,ci
1992-07-19T02:25:47.050Z,34.241,-116.396,-0.34,2.6,mc,0,65.1,,0.179,ci,ci3201573,2016-02-10T18:31:33.008Z,"14km NNW of Joshua Tree, California",earthquake,,0.519,,60,reviewed,ci,ci
1992-07-19T02:19:10.110Z,34.962,-116.976,-0.902,2.51,mc,0,57.6,,0.169,ci,ci3044543,2016-02-10T22:11:49.633Z,"8km NNE of Barstow, California",earthquake,,0.893,,42,reviewed,ci,ci
1992-07-19T00:58:18.510Z,34.102,-116.976,3.223,2.54,mc,0,29.8,,0.2,ci,ci3044520,2016-02-09T21:06:19.337Z,"10km NE of Yucaipa, California",earthquake,,0.117,,56,reviewed,ci,ci
1992-07-19T00:45:05.080Z,34.071,-116.372,3.62,2.87,ml,0,56.8,,0.22,ci,ci3044516,2016-02-10T14:58:12.060Z,"7km SE of Yucca Valley, California",earthquake,,0.367,,28,reviewed,ci,ci
1992-07-18T23:30:56.370Z,34.233,-116.816,-1.927,2.66,ml,0,27.2,,0.211,ci,ci3044504,2016-02-10T04:25:01.257Z,"4km SE of Big Bear City, California",earthquake,,0.298,,25,reviewed,ci,ci
1992-07-18T23:27:10.080Z,34.615,-116.321,-1.076,2.87,mc,0,74,,0.141,ci,ci3044503,2016-02-10T18:31:27.745Z,"19km SW of Ludlow, California",earthquake,,0.92,,76,reviewed,ci,ci
1992-07-18T22:49:40.890Z,34.399,-116.446,-0.128,2.8,mc,0,61.2,,0.119,ci,ci3044494,2016-02-10T04:24:58.574Z,"32km N of Yucca Valley, California",earthquake,,0.55,,63,reviewed,ci,ci
1992-07-18T22:14:52.580Z,34.618,-116.639,6.06,2.72,mc,0,88,,0.094,ci,ci3045029,2016-02-10T04:24:54.423Z,"36km ENE of Lucerne Valley, California",earthquake,,0.413,,33,reviewed,ci,ci
1992-07-18T22:14:04.970Z,34.278,-116.731,-0.665,3.02,ml,0,29.7,,0.149,ci,ci3044484,2016-02-10T04:24:53.173Z,"11km E of Big Bear City, California",earthquake,,0.293,,30,reviewed,ci,ci
1992-07-18T21:49:00.720Z,34.405,-116.512,-0.434,2.77,mc,0,45.1,,0.167,ci,ci3201458,2016-02-10T07:57:10.686Z,"33km NNW of Yucca Valley, California",earthquake,,0.436,,72,reviewed,ci,ci
1992-07-18T21:48:45.660Z,34.14,-116.835,1.78,2.52,mc,0,25.8,,0.224,ci,ci3044476,2016-02-10T14:58:05.739Z,"14km S of Big Bear City, California",earthquake,,0.233,,55,reviewed,ci,ci
1992-07-18T21:44:59.690Z,34.226,-116.847,-1.947,2.67,mc,0,26.8,,0.184,ci,ci3044474,2016-02-10T04:24:50.528Z,"4km S of Big Bear City, California",earthquake,,0.467,,6,reviewed,ci,ci
1992-07-18T20:43:01.660Z,33.989,-117.556,2.165,2.88,mc,0,95.5,,0.167,ci,ci3044463,2016-02-10T14:58:00.242Z,"4km W of Mira Loma, California",earthquake,,0.163,,88,reviewed,ci,ci
1992-07-18T20:28:01.110Z,34.108,-116.636,4.301,2.67,mc,0,136.5,,0.172,ci,ci3138512,2016-02-10T00:49:19.440Z,"8km NW of Morongo Valley, California",earthquake,,49.722,,63,reviewed,ci,ci
1992-07-18T20:09:05.230Z,34.317,-116.413,5.067,3.11,ml,0,110.7,,0.159,ci,ci3044455,2016-02-10T11:31:39.574Z,"22km NNW of Joshua Tree, California",earthquake,,,,35,reviewed,ci,ci
1992-07-18T19:48:31.980Z,34.625,-116.677,2.532,2.57,mc,0,81.7,,0.157,ci,ci3044450,2016-02-10T22:11:36.413Z,"33km NE of Lucerne Valley, California",earthquake,,0.48,,62,reviewed,ci,ci
1992-07-18T18:10:13.030Z,34.164,-116.42,-0.251,2.5,mc,0,41.6,,0.174,ci,ci3044435,2016-02-09T21:06:08.216Z,"6km NNE of Yucca Valley, California",earthquake,,0.528,,53,reviewed,ci,ci
1992-07-18T16:40:08.180Z,33.99,-117.555,2.035,3.19,ml,0,37.9,,0.168,ci,ci3044409,2016-02-10T22:11:25.610Z,"4km W of Mira Loma, California",earthquake,,0.176,,33,reviewed,ci,ci
1992-07-18T16:18:26.870Z,34.042,-117.142,6.944,2.64,mc,0,29.4,,0.127,ci,ci3044399,2016-02-10T22:11:24.062Z,"3km SSW of Mentone, California",earthquake,,0.584,,75,reviewed,ci,ci
1992-07-18T15:35:08.140Z,34.498,-116.465,-0.707,2.56,mc,0,72.2,0.222,0.135,ci,ci3044380,2016-02-10T14:57:45.996Z,"37km SW of Ludlow, California",earthquake,,1.6,,9,reviewed,ci,ci
1992-07-18T15:04:57.400Z,34.166,-116.43,5.097,2.86,mc,0,70.5,,0.171,ci,ci3044373,2016-02-10T07:56:51.909Z,"6km N of Yucca Valley, California",earthquake,,30.494,,11,reviewed,ci,ci
1992-07-18T14:57:14.580Z,34.074,-116.383,2.822,2.85,mc,0,35.2,,0.197,ci,ci3044371,2016-02-09T21:06:01.789Z,"6km SE of Yucca Valley, California",earthquake,,0.237,,75,reviewed,ci,ci
1992-07-18T14:53:32.450Z,34.639,-116.671,5.068,2.73,mc,0,97.7,0.03874,0.176,ci,ci3044369,2016-02-10T07:56:50.668Z,"35km NE of Lucerne Valley, California",earthquake,,1.436,,13,reviewed,ci,ci
1992-07-18T14:49:08.850Z,34.541,-116.543,-0.383,2.61,mc,0,65.6,,0.134,ci,ci3044368,2016-02-10T00:49:04.445Z,"40km WSW of Ludlow, California",earthquake,,0.646,,66,reviewed,ci,ci
1992-07-18T14:31:35.680Z,34.026,-116.833,2.842,2.77,mc,0,43.3,,0.165,ci,ci3044366,2016-02-10T07:56:49.419Z,"12km NNE of Banning, California",earthquake,,0.115,,74,reviewed,ci,ci
1992-07-18T14:20:23.530Z,34.023,-117.145,4.364,2.53,mc,0,32.3,,0.165,ci,ci3044363,2016-02-10T11:31:28.030Z,"5km SE of Redlands, California",earthquake,,0.143,,10,reviewed,ci,ci
1992-07-18T13:14:26.950Z,34.326,-116.928,-1.491,2.63,mc,0,31.9,,0.141,ci,ci3044345,2016-02-10T07:56:47.991Z,"9km N of Big Bear Lake, California",earthquake,,0.415,,74,reviewed,ci,ci
1992-07-18T12:32:19.860Z,34.564,-116.449,2.754,2.95,ml,0,51.5,,0.169,ci,ci3044336,2016-02-10T18:31:02.355Z,"32km WSW of Ludlow, California",earthquake,,1.083,,34,reviewed,ci,ci
1992-07-18T12:19:19.430Z,34.347,-116.465,-0.948,2.67,mc,0,46.1,,0.187,ci,ci3044335,2016-02-10T00:48:53.901Z,"26km N of Yucca Valley, California",earthquake,,0.39,,77,reviewed,ci,ci
1992-07-18T12:00:52.450Z,34.408,-116.425,-0.598,3.27,ml,0,49.6,,0.147,ci,ci3044333,2016-02-10T18:31:00.822Z,"32km NNW of Joshua Tree, California",earthquake,,0.345,,30,reviewed,ci,ci
1992-07-18T11:15:30.810Z,34.588,-116.609,7.26,2.63,mc,0,93.1,,0.152,ci,ci3044318,2016-02-10T00:48:47.377Z,"37km ENE of Lucerne Valley, California",earthquake,,1.042,,8,reviewed,ci,ci
1992-07-18T10:53:08.400Z,34.109,-116.834,2.399,2.58,mc,0,34.5,,0.146,ci,ci3044314,2016-02-10T00:48:46.092Z,"17km SSE of Big Bear Lake, California",earthquake,,0.161,,11,reviewed,ci,ci
1992-07-18T10:19:00.470Z,34.115,-116.399,2.127,2.58,mc,0,65.1,,0.229,ci,ci3044308,2016-02-10T14:57:36.352Z,"3km E of Yucca Valley, California",earthquake,,0.26,,9,reviewed,ci,ci
1992-07-18T09:04:06.770Z,34.978,-116.94,4.057,3.54,ml,0,62.6,,0.183,ci,ci3044292,2016-02-10T18:30:52.230Z,"12km NE of Barstow, California",earthquake,,0.423,,40,reviewed,ci,ci
1992-07-18T07:08:25.490Z,33.984,-116.339,0.202,2.97,mc,0,38.1,,0.188,ci,ci3044264,2016-02-09T21:05:41.420Z,"15km E of Desert Hot Springs, California",earthquake,,0.31,,55,reviewed,ci,ci
1992-07-18T06:49:26.960Z,35.031,-116.973,2.871,2.95,ml,0,60.7,,0.173,ci,ci3044257,2016-02-10T00:48:37.992Z,"15km NNE of Barstow, California",earthquake,,0.365,,33,reviewed,ci,ci
1992-07-18T06:32:37.210Z,34.437,-116.483,0.636,2.67,mc,0,69.5,,0.12,ci,ci3044243,2016-02-10T22:11:04.834Z,"36km N of Yucca Valley, California",earthquake,,0.489,,72,reviewed,ci,ci
1992-07-18T05:08:19.990Z,34.101,-116.999,1.615,2.78,mc,0,39.9,,0.174,ci,ci3044229,2016-02-10T14:57:23.847Z,"8km NNE of Yucaipa, California",earthquake,,0.2,,77,reviewed,ci,ci
1992-07-18T04:54:27.730Z,34.618,-116.666,3.565,2.88,mc,0,80.1,,0.153,ci,ci3044225,2016-02-10T18:30:39.091Z,"34km NE of Lucerne Valley, California",earthquake,,0.336,,87,reviewed,ci,ci
1992-07-18T04:52:49.090Z,34.272,-116.401,2.099,2.87,mc,0,46.2,,0.138,ci,ci3044224,2016-02-09T21:05:34.584Z,"17km NNW of Joshua Tree, California",earthquake,,0.257,,83,reviewed,ci,ci
1992-07-18T04:35:53.360Z,34.014,-116.346,0.632,2.8,mc,0,48.9,,0.181,ci,ci3044218,2016-02-10T07:56:21.099Z,"14km SE of Yucca Valley, California",earthquake,,0.326,,69,reviewed,ci,ci
1992-07-18T04:24:07.590Z,34.27,-116.439,-0.318,2.94,mc,0,44.2,,0.148,ci,ci3044216,2016-02-10T00:48:30.050Z,"17km N of Yucca Valley, California",earthquake,,0.353,,82,reviewed,ci,ci
1992-07-18T04:00:23.460Z,34.979,-116.936,2.717,3.12,ml,0,63.2,,0.138,ci,ci3044213,2016-02-10T00:48:27.345Z,"12km NE of Barstow, California",earthquake,,0.656,,36,reviewed,ci,ci
1992-07-18T02:31:29.640Z,34.101,-116.425,2.026,2.95,mc,0,41.6,,0.149,ci,ci3044195,2016-02-10T18:30:31.930Z,"2km SSE of Yucca Valley, California",earthquake,,0.304,,82,reviewed,ci,ci
1992-07-18T02:13:18.110Z,34.974,-116.934,3.528,3.5,ml,0,63.1,,0.138,ci,ci3044190,2016-02-10T18:30:30.458Z,"12km NE of Barstow, California",earthquake,,0.544,,35,reviewed,ci,ci
1992-07-18T02:07:51.780Z,34.934,-116.914,-1.029,2.69,mc,0,62.1,,0.18,ci,ci3044187,2016-02-10T04:24:10.520Z,"11km ENE of Barstow, California",earthquake,,1.055,,69,reviewed,ci,ci
1992-07-18T01:39:29.890Z,34.013,-117.186,4.454,2.77,mc,0,40.3,,0.154,ci,ci3044177,2016-02-10T22:10:54.596Z,"5km S of Redlands, California",earthquake,,0.189,,82,reviewed,ci,ci
1992-07-18T01:06:18.540Z,34.931,-116.915,-0.967,3.07,ml,0,61.9,,0.179,ci,ci3044174,2016-02-10T22:10:53.133Z,"10km ENE of Barstow, California",earthquake,,0.661,,30,reviewed,ci,ci
1992-07-18T01:01:15.060Z,34.099,-116.401,2.671,3.51,ml,0,32,,0.202,ci,ci3044172,2016-02-10T18:30:27.616Z,"3km ESE of Yucca Valley, California",earthquake,,0.192,,36,reviewed,ci,ci
1992-07-18T00:36:16.960Z,34.067,-116.385,2.105,3.4,ml,0,34.9,,0.217,ci,ci3044169,2016-02-09T21:05:24.203Z,"7km SE of Yucca Valley, California",earthquake,,0.232,,36,reviewed,ci,ci
1992-07-18T00:27:12.710Z,33.963,-116.387,1.837,2.78,mc,0,35.1,,0.191,ci,ci3044166,2016-02-09T21:05:22.575Z,"11km E of Desert Hot Springs, California",earthquake,,0.175,,55,reviewed,ci,ci
1992-07-18T00:06:11.240Z,34.096,-116.418,1.661,3.95,ml,0,29,,0.153,ci,ci3044164,2016-02-10T11:30:55.766Z,"2km SSE of Yucca Valley, California",earthquake,,0.304,,33,reviewed,ci,ci
1992-07-17T22:27:16.700Z,34.246,-116.398,2.262,2.55,mc,0,45.8,,0.198,ci,ci3044139,2016-02-10T07:55:58.431Z,"15km NNW of Joshua Tree, California",earthquake,,0.292,,44,reviewed,ci,ci
1992-07-17T21:38:31.470Z,34.544,-116.544,3.86,3.15,ml,0,44.4,,0.168,ci,ci3044119,2016-02-10T18:30:19.955Z,"40km WSW of Ludlow, California",earthquake,,0.6,,25,reviewed,ci,ci
1992-07-17T21:31:12.900Z,34.185,-116.816,7.153,2.52,mc,0,27.1,,0.19,ci,ci3044117,2016-02-10T00:48:10.850Z,"9km SSE of Big Bear City, California",earthquake,,1.042,,54,reviewed,ci,ci
1992-07-17T20:55:31.970Z,34.629,-116.624,3.065,2.74,mc,0,40.6,,0.195,ci,ci3044107,2016-02-10T22:10:35.384Z,"38km ENE of Lucerne Valley, California",earthquake,,0.122,,73,reviewed,ci,ci
1992-07-17T19:07:18.930Z,34.35,-116.45,7.062,2.8,mc,0,93.4,,0.179,ci,ci3044077,2016-02-10T14:57:08.481Z,"26km N of Yucca Valley, California",earthquake,,1.331,,77,reviewed,ci,ci
1992-07-17T18:51:11.780Z,34.575,-116.294,4.914,2.9,mc,0,72.8,,0.214,ci,ci3047069,2016-02-10T04:24:02.623Z,"20km SW of Ludlow, California",earthquake,,,,76,reviewed,ci,ci
1992-07-17T18:22:04.200Z,34.365,-116.461,0.962,2.84,mc,0,46.6,,0.187,ci,ci3044063,2016-02-10T18:30:05.064Z,"28km N of Yucca Valley, California",earthquake,,0.471,,77,reviewed,ci,ci
1992-07-17T17:46:41.960Z,34.031,-116.431,7.763,3.21,ml,0,27.9,,0.18,ci,ci3044058,2016-02-10T14:57:04.487Z,"9km S of Yucca Valley, California",earthquake,,0.814,,34,reviewed,ci,ci
1992-07-17T17:22:03.120Z,35.025,-116.969,-0.892,2.65,mc,0,60.9,,0.23,ci,ci3044048,2016-02-09T21:05:04.596Z,"15km NNE of Barstow, California",earthquake,,0.576,,63,reviewed,ci,ci
1992-07-17T17:20:09.670Z,34.936,-116.919,-0.877,2.74,mc,0,61.8,,0.196,ci,ci3044046,2016-02-10T04:24:00.050Z,"10km ENE of Barstow, California",earthquake,,1.354,,68,reviewed,ci,ci
1992-07-17T17:04:51.960Z,34.476,-116.506,2.526,3.03,ml,0,53,,0.145,ci,ci3044040,2016-02-09T21:05:01.217Z,"39km NE of Big Bear City, California",earthquake,,0.45,,32,reviewed,ci,ci
1992-07-17T16:23:52.160Z,34.327,-116.452,-0.394,2.63,mc,0,46.2,,0.15,ci,ci3127484,2016-02-10T11:30:39.215Z,"24km N of Yucca Valley, California",earthquake,,0.375,,59,reviewed,ci,ci
1992-07-17T16:09:47.290Z,34.159,-116.431,3.442,2.55,mc,0,40.8,,0.185,ci,ci3044017,2016-02-10T22:10:25.046Z,"5km N of Yucca Valley, California",earthquake,,0.366,,46,reviewed,ci,ci
1992-07-17T15:29:50.990Z,34.535,-116.542,-1.372,2.58,mc,0,53.7,,0.178,ci,ci3124446,2016-02-10T11:30:34.030Z,"40km ENE of Lucerne Valley, California",earthquake,,0.556,,62,reviewed,ci,ci
1992-07-17T15:27:55.280Z,35.014,-116.961,-0.892,2.7,mc,0,61.5,,0.21,ci,ci3127479,2016-02-10T00:47:57.702Z,"14km NNE of Barstow, California",earthquake,,0.705,,71,reviewed,ci,ci
1992-07-17T15:08:04.590Z,34.591,-116.569,2.872,2.55,mc,0,51.1,,0.22,ci,ci3044002,2016-02-10T07:55:48.663Z,"40km ENE of Lucerne Valley, California",earthquake,,0.418,,50,reviewed,ci,ci
1992-07-17T14:39:41.920Z,34.382,-116.471,5.836,2.64,mc,0,115.3,,0.098,ci,ci3045946,2016-02-09T21:04:48.647Z,"30km N of Yucca Valley, California",earthquake,,11.659,,37,reviewed,ci,ci
1992-07-17T14:39:24.000Z,34.331,-116.462,1.672,2.53,mc,0,45.8,,0.131,ci,ci3043996,2016-02-10T11:30:31.416Z,"24km N of Yucca Valley, California",earthquake,,0.813,,63,reviewed,ci,ci
1992-07-17T14:12:49.780Z,34.583,-116.618,-0.51,2.63,mc,0,41.2,,0.201,ci,ci3124444,2016-02-10T14:56:56.590Z,"36km ENE of Lucerne Valley, California",earthquake,,0.523,,66,reviewed,ci,ci
1992-07-17T13:44:55.100Z,33.938,-116.308,3.943,2.7,mc,0,26.2,,0.197,ci,ci3043981,2016-02-10T18:29:55.689Z,"15km NNE of Thousand Palms, California",earthquake,,0.141,,56,reviewed,ci,ci
1992-07-17T12:47:54.970Z,34.164,-116.397,-0.035,2.55,mc,0,42.1,,0.151,ci,ci3043961,2016-02-10T00:47:52.803Z,"6km NNE of Yucca Valley, California",earthquake,,0.35,,54,reviewed,ci,ci
1992-07-17T11:58:24.910Z,34.105,-116.976,3.11,2.53,mc,0,36.5,,0.159,ci,ci3043948,2016-02-10T07:55:39.497Z,"10km NE of Yucaipa, California",earthquake,,0.108,,67,reviewed,ci,ci
1992-07-17T11:46:07.380Z,34.938,-116.922,-0.902,2.5,mc,0,61.7,,0.192,ci,ci3043942,2016-02-09T21:04:42.104Z,"10km ENE of Barstow, California",earthquake,,0.679,,59,reviewed,ci,ci
1992-07-17T10:59:38.860Z,34.625,-116.625,2.992,2.88,mc,0,40.6,,0.2,ci,ci3043932,2016-02-10T18:29:47.017Z,"37km ENE of Lucerne Valley, California",earthquake,,0.18,,82,reviewed,ci,ci
1992-07-17T10:24:31.740Z,34.656,-116.524,2.034,2.82,mc,0,44.1,,0.194,ci,ci3043922,2016-02-09T21:04:35.451Z,"34km WSW of Ludlow, California",earthquake,,0.417,,80,reviewed,ci,ci
1992-07-17T09:58:00.390Z,34.276,-116.377,5.39,2.54,mc,0,48,,0.153,ci,ci3043915,2016-02-10T14:56:44.049Z,"17km NNW of Joshua Tree, California",earthquake,,0.66,,57,reviewed,ci,ci
1992-07-17T09:45:18.050Z,34.338,-116.463,0.762,2.59,mc,0,116.2,,0.194,ci,ci3043911,2016-02-10T07:55:35.376Z,"25km N of Yucca Valley, California",earthquake,,0.469,,62,reviewed,ci,ci
1992-07-17T06:43:52.020Z,35.232,-116.888,0.143,2.63,mc,0,84.9,,0.223,ci,ci3043852,2016-02-09T21:04:27.166Z,"19km W of Fort Irwin, California",earthquake,,0.698,,65,reviewed,ci,ci
1992-07-17T05:47:47.230Z,35.62,-117.456,5.116,2.53,mc,0,262.8,0.03613,0.087,ci,ci3043827,2016-02-10T22:09:43.564Z,"17km SSW of Searles Valley, California",earthquake,,,,5,reviewed,ci,ci
1992-07-17T05:16:39.240Z,34.222,-116.825,0.073,2.68,ml,0,46.5,,0.149,ci,ci3043811,2016-02-10T11:30:05.395Z,"5km SSE of Big Bear City, California",earthquake,,0.247,,23,reviewed,ci,ci
1992-07-17T04:48:10.060Z,35.136,-116.831,-0.795,3.24,ml,0,94.9,,0.226,ci,ci3043806,2016-02-10T00:47:26.854Z,"19km SW of Fort Irwin, California",earthquake,,0.861,,33,reviewed,ci,ci
1992-07-17T04:09:51.270Z,34.109,-116.84,1.94,2.52,mc,0,46.2,,0.167,ci,ci3043790,2016-02-09T21:04:18.116Z,"16km SSE of Big Bear Lake, California",earthquake,,0.187,,54,reviewed,ci,ci
1992-07-17T04:00:15.420Z,34.996,-116.933,2.652,2.67,mc,0,135.3,,0.29,ci,ci3124469,2016-02-10T11:30:02.703Z,"14km NE of Barstow, California",earthquake,,0.506,,61,reviewed,ci,ci
1992-07-17T03:57:53.320Z,35.071,-117.002,-0.512,2.56,mc,0,67.4,,0.222,ci,ci3124422,2016-02-10T00:47:22.845Z,"19km N of Barstow, California",earthquake,,0.551,,63,reviewed,ci,ci
1992-07-17T03:12:30.520Z,33.895,-116.319,2.846,2.92,mc,0,27.4,,0.196,ci,ci3043772,2016-02-10T18:29:28.057Z,"11km NE of Thousand Palms, California",earthquake,,0.159,,72,reviewed,ci,ci
1992-07-17T03:04:56.330Z,35.551,-116.919,5.192,2.83,mc,0,177.4,,0.22,ci,ci3043770,2016-02-10T00:47:20.219Z,"38km NNW of Fort Irwin, California",earthquake,,,,71,reviewed,ci,ci
1992-07-17T02:02:29.350Z,34.935,-116.923,-0.783,2.89,mc,0,61.4,,0.227,ci,ci3043751,2016-02-10T18:29:20.306Z,"10km ENE of Barstow, California",earthquake,,0.596,,87,reviewed,ci,ci
1992-07-17T02:01:58.280Z,34.159,-116.449,1.907,2.79,mc,0,46.5,,0.2,ci,ci3046746,2016-02-09T21:04:09.068Z,"5km NNW of Yucca Valley, California",earthquake,,0.488,,58,reviewed,ci,ci
1992-07-17T00:58:38.280Z,34.181,-116.952,8.765,2.51,mc,0,39.6,,0.166,ci,ci3043732,2016-02-10T18:29:18.777Z,"8km SSW of Big Bear Lake, California",earthquake,,0.361,,67,reviewed,ci,ci
1992-07-17T00:48:45.650Z,34.446,-116.507,0.905,2.65,mc,0,67.5,,0.143,ci,ci3043728,2016-02-10T18:29:15.578Z,"37km ENE of Big Bear City, California",earthquake,,0.31,,76,reviewed,ci,ci
1992-07-16T23:26:11.160Z,34.395,-116.449,0.223,2.92,mc,0,48.4,,0.125,ci,ci3043708,2016-02-10T07:54:58.355Z,"31km N of Yucca Valley, California",earthquake,,0.389,,87,reviewed,ci,ci
1992-07-16T22:44:48.590Z,34.948,-116.805,3.151,2.5,mc,0,106.5,,0.213,ci,ci3044189,2016-02-10T18:29:12.023Z,"21km ENE of Barstow, California",earthquake,,0.983,,8,reviewed,ci,ci
1992-07-16T22:44:32.130Z,34.934,-116.842,-1.039,2.53,mc,0,69.2,,0.191,ci,ci3043689,2016-02-09T21:04:03.274Z,"17km ENE of Barstow, California",earthquake,,0.847,,41,reviewed,ci,ci
1992-07-16T22:36:07.130Z,35.783,-117.475,3.912,3.04,ml,0,167.7,,0.164,ci,ci3043685,2016-02-10T04:23:07.533Z,"7km WNW of Searles Valley, California",earthquake,,0.303,,15,reviewed,ci,ci
1992-07-16T22:28:05.760Z,35.234,-116.881,-0.772,3.45,ml,0,84.1,,0.185,ci,ci3043683,2016-02-10T22:09:24.141Z,"18km W of Fort Irwin, California",earthquake,,0.622,,30,reviewed,ci,ci
1992-07-16T22:25:56.960Z,34.587,-116.632,1.775,2.5,mc,0,91.1,,0.13,ci,ci3045961,2016-02-10T22:09:22.724Z,"35km ENE of Lucerne Valley, California",earthquake,,1.03,,43,reviewed,ci,ci
1992-07-16T21:58:21.030Z,34.937,-116.922,-0.793,3.64,ml,0,61.7,,0.205,ci,ci3043675,2016-02-10T11:29:49.907Z,"10km ENE of Barstow, California",earthquake,,0.734,,32,reviewed,ci,ci
1992-07-16T21:34:42.630Z,34.994,-116.961,4.231,2.78,mc,0,60.7,,0.21,ci,ci3043661,2016-02-10T07:54:50.200Z,"12km NNE of Barstow, California",earthquake,,0.323,,75,reviewed,ci,ci
1992-07-16T19:59:00.240Z,34.565,-116.505,-0.307,2.73,mc,0,46,,0.167,ci,ci3043619,2016-02-10T11:29:45.883Z,"36km WSW of Ludlow, California",earthquake,,0.465,,76,reviewed,ci,ci
1992-07-16T19:10:51.100Z,34.369,-116.465,-0.774,2.69,mc,0,92.8,,0.134,ci,ci3127001,2016-02-10T00:47:04.664Z,"28km N of Yucca Valley, California",earthquake,,0.56,,50,reviewed,ci,ci
1992-07-16T18:54:39.260Z,34.418,-116.48,0.086,2.77,mc,0,46.8,,0.136,ci,ci3126999,2016-02-10T07:54:39.421Z,"34km N of Yucca Valley, California",earthquake,,0.545,,73,reviewed,ci,ci
1992-07-16T18:49:36.930Z,34.259,-116.449,3.137,2.71,mc,0,179.3,0.0848,0.221,ci,ci3110208,2016-02-09T21:03:56.912Z,"16km N of Yucca Valley, California",earthquake,,6.633,,7,reviewed,ci,ci
1992-07-16T18:12:52.390Z,33.06,-114.971,-0.334,2.81,mc,0,165.8,0.08774,0,ci,ci3043580,2016-02-10T14:55:53.178Z,"46km NNW of Los Algodones, B.C., MX",quarry blast,,,,5,reviewed,ci,ci
1992-07-16T17:49:30.010Z,34.607,-116.335,-0.844,2.51,mc,0,72.2,,0.17,ci,ci3043574,2016-02-10T18:28:59.379Z,"20km SW of Ludlow, California",earthquake,,0.988,,31,reviewed,ci,ci
1992-07-16T17:41:55.500Z,34.223,-116.764,0.113,2.52,mc,0,28.3,,0.183,ci,ci3043571,2016-02-10T14:55:50.620Z,"9km ESE of Big Bear City, California",earthquake,,0.197,,50,reviewed,ci,ci
1992-07-16T17:19:17.380Z,34.443,-116.454,1.651,3.77,ml,0,48.4,,0.202,ci,ci3043567,2016-02-10T00:46:55.740Z,"37km N of Yucca Valley, California",earthquake,,0.31,,34,reviewed,ci,ci
1992-07-16T17:14:52.790Z,35.024,-116.966,-0.019,2.62,mc,0,61.2,,0.239,ci,ci3043565,2016-02-09T21:03:45.904Z,"15km NNE of Barstow, California",earthquake,,0.763,,57,reviewed,ci,ci
1992-07-16T16:36:25.960Z,34.442,-116.535,2.532,3.47,ml,0,122,,0.173,ci,ci3043767,2016-02-10T18:28:56.124Z,"35km NE of Big Bear City, California",earthquake,,3.184,,25,reviewed,ci,ci
1992-07-16T16:36:22.220Z,34.442,-116.526,4.111,3.86,mc,0,100.1,,0.191,ci,ci3043540,2016-02-10T04:22:55.781Z,"36km NE of Big Bear City, California",earthquake,,11.396,,50,reviewed,ci,ci
1992-07-16T14:54:25.230Z,34.602,-116.632,2.682,2.55,mc,0,79.5,,0.208,ci,ci3043510,2016-02-10T04:22:50.648Z,"35km ENE of Lucerne Valley, California",earthquake,,0.29,,49,reviewed,ci,ci
1992-07-16T14:39:05.030Z,34.938,-116.925,-0.902,2.53,mc,0,73.1,,0.191,ci,ci3043506,2016-02-09T21:03:36.212Z,"10km ENE of Barstow, California",earthquake,,1.222,,53,reviewed,ci,ci
1992-07-16T14:20:01.510Z,34.451,-116.511,2.5,2.51,mc,0,45.6,,0.096,ci,ci3043499,2016-02-10T00:46:50.114Z,"37km NE of Big Bear City, California",earthquake,,0.867,,55,reviewed,ci,ci
1992-07-16T14:18:59.670Z,35.146,-116.842,1.125,3.6,mc,0,91.5,,0.118,ci,ci3044193,2016-02-09T21:03:34.845Z,"19km SW of Fort Irwin, California",earthquake,,1.876,,5,reviewed,ci,ci
1992-07-16T14:18:36.350Z,35.146,-116.848,1.145,2.8,mc,0,89.7,,0.163,ci,ci3044186,2016-02-10T04:22:48.094Z,"20km SW of Fort Irwin, California",earthquake,,0.999,,81,reviewed,ci,ci
1992-07-16T13:58:44.350Z,34.989,-116.951,-1.029,2.53,mc,0,61.6,,0.244,ci,ci3043490,2016-02-10T07:54:30.531Z,"12km NNE of Barstow, California",earthquake,,0.931,,64,reviewed,ci,ci
1992-07-16T13:00:22.480Z,34.552,-116.552,2.822,2.65,mc,0,105.7,,0.191,ci,ci3043476,2016-02-09T21:03:27.143Z,"40km ENE of Lucerne Valley, California",earthquake,,0.708,,66,reviewed,ci,ci
1992-07-16T12:22:33.810Z,34.072,-116.396,0.018,2.74,mc,0,33,,0.207,ci,ci3043465,2016-02-10T14:55:38.120Z,"6km SE of Yucca Valley, California",earthquake,,0.248,,73,reviewed,ci,ci
1992-07-16T11:38:48.390Z,34.141,-116.721,4.58,3.27,ml,0,29.3,,0.166,ci,ci3043457,2016-02-10T18:28:42.507Z,"17km NW of Morongo Valley, California",earthquake,,2.524,,36,reviewed,ci,ci
1992-07-16T11:38:11.660Z,33.882,-116.247,4.025,3.48,mc,0,83.5,,0.18,ci,ci3045626,2016-02-10T04:22:45.068Z,"15km ENE of Thousand Palms, California",earthquake,,0.19,,6,reviewed,ci,ci
1992-07-16T09:24:32.320Z,34.173,-116.431,3.857,2.64,mc,0,48.4,,0.173,ci,ci3126647,2016-02-10T14:55:28.926Z,"6km N of Yucca Valley, California",earthquake,,0.355,,59,reviewed,ci,ci
1992-07-16T08:51:35.510Z,33.553,-118.237,13.864,2.75,mc,0,89.6,,0.29,ci,ci3043410,2016-02-10T14:55:26.237Z,"21km SSE of San Pedro, California",earthquake,,0.895,,79,reviewed,ci,ci
1992-07-16T08:45:09.070Z,33.554,-118.234,11.004,2.81,mc,0,89.7,,0.305,ci,ci3043408,2016-02-10T18:28:37.792Z,"21km SSE of San Pedro, California",earthquake,,1.575,,86,reviewed,ci,ci
1992-07-16T08:06:21.470Z,34.018,-116.34,0.509,2.78,mc,0,43.9,,0.229,ci,ci3126638,2016-02-10T11:29:08.976Z,"13km S of Joshua Tree, California",earthquake,,0.551,,46,reviewed,ci,ci
1992-07-16T08:06:11.820Z,34.164,-116.399,0.327,2.7,mc,0,47.9,,0.199,ci,ci3126637,2016-02-10T11:29:07.623Z,"6km NNE of Yucca Valley, California",earthquake,,0.461,,52,reviewed,ci,ci
1992-07-16T08:03:58.260Z,35.235,-116.886,5.176,2.83,mc,0,152.7,,0.258,ci,ci3119207,2016-02-10T04:22:34.851Z,"18km W of Fort Irwin, California",earthquake,,,,73,reviewed,ci,ci
1992-07-16T06:35:27.970Z,34.572,-116.496,-1.147,2.94,mc,0,50.7,,0.186,ci,ci3119091,2016-02-09T21:03:17.384Z,"35km WSW of Ludlow, California",earthquake,,0.563,,82,reviewed,ci,ci
1992-07-16T06:26:11.770Z,34.513,-116.532,4.406,2.7,mc,0,46.6,,0.17,ci,ci3119067,2016-02-10T04:22:27.290Z,"40km NE of Big Bear City, California",earthquake,,24.308,,67,reviewed,ci,ci
1992-07-16T05:59:30.770Z,34.623,-116.68,2.712,2.86,mc,0,66.3,,0.196,ci,ci3043370,2016-02-10T07:54:01.353Z,"33km NE of Lucerne Valley, California",earthquake,,0.396,,85,reviewed,ci,ci
1992-07-16T05:45:38.560Z,34.073,-116.385,7.567,3.15,mc,0,56.2,,0.166,ci,ci3119065,2016-02-10T11:29:01.193Z,"6km SE of Yucca Valley, California",earthquake,,10.754,,36,reviewed,ci,ci
1992-07-16T04:11:05.130Z,34.536,-116.545,5.03,2.56,mc,0,53.6,,0.216,ci,ci3043343,2016-02-10T07:53:57.462Z,"40km ENE of Lucerne Valley, California",earthquake,,,,66,reviewed,ci,ci
1992-07-16T03:01:59.890Z,34.605,-116.604,6.792,2.87,ml,0,48.6,,0.212,ci,ci3043326,2016-02-10T00:46:17.587Z,"38km ENE of Lucerne Valley, California",earthquake,,0.66,,24,reviewed,ci,ci
1992-07-16T02:58:49.150Z,34.335,-116.463,-0.888,2.72,ml,0,45.9,,0.146,ci,ci3043324,2016-02-10T22:08:37.663Z,"25km N of Yucca Valley, California",earthquake,,0.451,,25,reviewed,ci,ci
1992-07-16T02:52:04.560Z,34.493,-116.511,2.416,2.78,mc,0,46,,0.187,ci,ci3043321,2016-02-10T07:53:50.635Z,"40km NE of Big Bear City, California",earthquake,,1.04,,69,reviewed,ci,ci
1992-07-16T02:41:20.110Z,34.092,-116.446,7.552,2.65,mc,0,35.4,,0.206,ci,ci3043317,2016-02-10T04:22:16.499Z,"3km SSW of Yucca Valley, California",earthquake,,2.223,,56,reviewed,ci,ci
1992-07-16T02:33:00.320Z,34.199,-116.417,1.529,2.59,mc,0,88.6,,0.147,ci,ci3043651,2016-02-10T11:28:48.694Z,"10km N of Yucca Valley, California",earthquake,,0.602,,36,reviewed,ci,ci
1992-07-16T02:32:35.910Z,34.34,-116.675,-1.366,2.7,mc,0,37.7,,0.163,ci,ci3043313,2016-02-10T22:08:35.060Z,"18km ENE of Big Bear City, California",earthquake,,0.536,,86,reviewed,ci,ci
1992-07-16T02:16:24.010Z,34.625,-116.633,1.555,3.05,mc,0,93.9,,0.169,ci,ci3044095,2016-02-10T00:46:15.078Z,"37km ENE of Lucerne Valley, California",earthquake,,0.424,,85,reviewed,ci,ci
1992-07-16T02:16:13.950Z,34.12,-116.976,2.913,2.68,mc,0,72.5,,0.105,ci,ci3043310,2016-02-10T22:08:31.241Z,"11km NNE of Yucaipa, California",earthquake,,0.197,,86,reviewed,ci,ci
1992-07-16T01:58:29.480Z,34.121,-116.389,-0.063,2.93,ml,0,34.8,,0.197,ci,ci3043307,2016-02-10T07:53:47.241Z,"4km E of Yucca Valley, California",earthquake,,0.333,,31,reviewed,ci,ci
1992-07-16T01:39:27.780Z,33.937,-116.31,0.719,3.56,ml,0,25.8,,0.223,ci,ci3043301,2016-02-10T22:08:28.726Z,"15km NNE of Thousand Palms, California",earthquake,,0.226,,38,reviewed,ci,ci
1992-07-16T01:38:58.450Z,34.14,-116.868,2.058,3.94,mc,0,155.9,,0.173,ci,ci3043346,2016-02-10T11:28:46.097Z,"12km SSE of Big Bear Lake, California",earthquake,,0.831,,5,reviewed,ci,ci
1992-07-16T01:37:51.160Z,34.418,-116.468,1.542,3.57,ml,0,47.6,,0.192,ci,ci3043345,2016-02-10T00:46:12.754Z,"34km N of Yucca Valley, California",earthquake,,0.594,,28,reviewed,ci,ci
1992-07-15T22:33:55.390Z,34.405,-116.507,0.823,2.86,mc,0,89.6,,0.114,ci,ci3043238,2016-02-10T22:08:18.387Z,"33km NNW of Yucca Valley, California",earthquake,,0.407,,82,reviewed,ci,ci
1992-07-15T22:18:48.720Z,34.053,-116.349,4.642,2.6,mc,0,40,,0.181,ci,ci3043231,2016-02-09T21:02:53.939Z,"10km SSW of Joshua Tree, California",earthquake,,10.678,,48,reviewed,ci,ci
1992-07-15T22:05:07.300Z,34.422,-116.529,2.622,2.91,mc,0,44.5,,0.146,ci,ci3043226,2016-02-10T04:21:54.559Z,"34km ENE of Big Bear City, California",earthquake,,0.377,,85,reviewed,ci,ci
1992-07-15T22:02:17.570Z,34.565,-116.568,2.29,2.52,mc,0,63.7,,0.187,ci,ci3043225,2016-02-10T18:28:16.632Z,"39km ENE of Lucerne Valley, California",earthquake,,0.593,,44,reviewed,ci,ci
1992-07-15T21:23:38.090Z,34.63,-116.579,4.89,2.57,mc,0,73,,0.15,ci,ci3044064,2016-02-10T11:28:34.412Z,"40km WSW of Ludlow, California",earthquake,,1.087,,60,reviewed,ci,ci
1992-07-15T20:35:07.710Z,34.545,-116.648,5,2.5,ml,,,,0.9,us,usp0005aws,2014-11-07T00:51:04.390Z,"31 km ENE of Lucerne Valley, California",earthquake,,,,,reviewed,us,gs$
1992-07-15T19:01:03.060Z,34.116,-116.382,2.562,2.66,mc,0,69.1,,0.154,ci,ci3043303,2016-02-10T22:08:14.252Z,"5km E of Yucca Valley, California",earthquake,,0.507,,58,reviewed,ci,ci
1992-07-15T19:00:37.520Z,34.129,-116.383,7.507,2.5,mc,0,72.9,,0.172,ci,ci3043302,2016-02-10T00:46:04.108Z,"5km ENE of Yucca Valley, California",earthquake,,10.583,,37,reviewed,ci,ci
1992-07-15T17:50:15.200Z,34.409,-116.494,8.827,2.89,mc,0,91.3,,0.12,ci,ci3043063,2016-02-10T22:08:11.373Z,"33km N of Yucca Valley, California",earthquake,,2.152,,85,reviewed,ci,ci
1992-07-15T17:22:11.310Z,34.25,-116.783,0.278,2.84,mc,0,51,,0.163,ci,ci3043051,2016-02-10T11:28:28.785Z,"6km ESE of Big Bear City, California",earthquake,,0.288,,83,reviewed,ci,ci
1992-07-15T16:59:39.080Z,34.105,-116.414,1.852,2.52,mc,0,31.2,,0.219,ci,ci3117422,2016-02-10T07:53:19.936Z,"2km ESE of Yucca Valley, California",earthquake,,0.312,,51,reviewed,ci,ci
1992-07-15T16:19:53.810Z,35.189,-117.357,1.16,2.94,ml,0,89.8,,0.289,ci,ci3043015,2016-02-10T11:28:23.441Z,"32km SE of Johannesburg, California",earthquake,,0.667,,26,reviewed,ci,ci
1992-07-15T16:11:09.150Z,34.488,-116.506,2.412,2.83,mc,0,46,,0.209,ci,ci3043011,2016-02-09T21:02:43.666Z,"40km NE of Big Bear City, California",earthquake,,0.414,,78,reviewed,ci,ci
1992-07-15T15:01:21.290Z,34.068,-116.365,4.35,2.51,mc,0,38.3,,0.204,ci,ci3042987,2016-02-10T11:28:21.925Z,"8km SE of Yucca Valley, California",earthquake,,6.083,,49,reviewed,ci,ci
1992-07-15T14:51:32.460Z,34.472,-116.522,0.924,2.6,mc,0,56.2,,0.134,ci,ci3042986,2016-02-10T18:27:58.196Z,"38km NE of Big Bear City, California",earthquake,,0.787,,75,reviewed,ci,ci
1992-07-15T13:47:15.120Z,34.942,-116.781,1.826,2.5,mc,0,198.3,,0.118,ci,ci3042962,2016-02-09T21:02:30.088Z,"23km ENE of Barstow, California",earthquake,,1.793,,48,reviewed,ci,ci
1992-07-15T12:45:20.950Z,34.117,-116.376,0.702,3.7,ml,0,46.3,,0.175,ci,ci3042953,2016-02-10T22:07:56.993Z,"5km E of Yucca Valley, California",earthquake,,0.337,,33,reviewed,ci,ci
1992-07-15T12:17:52.830Z,34.347,-116.465,-0.143,2.59,mc,0,60.8,,0.159,ci,ci3042947,2016-02-10T04:21:35.030Z,"26km N of Yucca Valley, California",earthquake,,0.599,,46,reviewed,ci,ci
1992-07-15T11:33:17.890Z,33.968,-116.375,2.158,2.98,mc,0,72.7,0.03125,0.198,ci,ci3118933,2016-02-10T07:53:05.287Z,"12km E of Desert Hot Springs, California",earthquake,,0.408,,40,reviewed,ci,ci
1992-07-15T11:26:53.640Z,34.109,-116.903,2.716,2.51,mc,0,111.2,,0.138,ci,ci3118446,2016-02-10T22:07:53.013Z,"15km S of Big Bear Lake, California",earthquake,,0.169,,44,reviewed,ci,ci
1992-07-15T10:56:54.680Z,34.975,-116.948,3.518,3.19,ml,0,89.7,,0.179,ci,ci3042933,2016-02-10T14:54:57.479Z,"11km NE of Barstow, California",earthquake,,0.407,,32,reviewed,ci,ci
1992-07-15T10:08:03.330Z,34.363,-116.473,5.264,2.6,mc,0,308,0.4017,0.105,ci,ci3042918,2016-02-10T11:28:10.892Z,"28km N of Yucca Valley, California",earthquake,,,,20,reviewed,ci,ci
1992-07-15T07:38:25.840Z,34.585,-116.56,3.257,2.59,mc,0,64.1,,0.189,ci,ci3042886,2016-02-10T11:27:58.402Z,"40km WSW of Ludlow, California",earthquake,,0.545,,71,reviewed,ci,ci
1992-07-15T07:23:08.150Z,34.567,-116.587,-1.22,2.64,mc,0,88,,0.201,ci,ci3042881,2016-02-10T18:27:46.550Z,"38km ENE of Lucerne Valley, California",earthquake,,0.543,,77,reviewed,ci,ci
1992-07-15T07:20:23.450Z,34.103,-116.979,2.77,2.79,ml,0,34.1,,0.21,ci,ci3042880,2016-02-10T11:27:56.639Z,"10km NE of Yucaipa, California",earthquake,,0.123,,29,reviewed,ci,ci
1992-07-15T05:38:30.730Z,35.028,-116.968,3.571,2.81,mc,0,99.6,,0.116,ci,ci3042856,2016-02-10T22:07:41.196Z,"15km NNE of Barstow, California",earthquake,,0.474,,79,reviewed,ci,ci
1992-07-15T04:23:29.290Z,34.546,-116.543,2.674,2.51,mc,0,174.2,,0.162,ci,ci3042836,2016-02-10T14:54:45.682Z,"40km WSW of Ludlow, California",earthquake,,1.691,,54,reviewed,ci,ci
1992-07-15T04:06:20.680Z,34.914,-116.767,1.258,2.5,mc,0,73,,0.159,ci,ci3043270,2016-02-10T00:45:20.819Z,"23km E of Barstow, California",earthquake,,1.855,,11,reviewed,ci,ci
1992-07-15T04:05:20.290Z,34.275,-116.694,3.032,3.1,ml,0,101.2,,0.133,ci,ci3042834,2016-02-10T22:07:37.289Z,"14km E of Big Bear City, California",earthquake,,0.589,,38,reviewed,ci,ci
1992-07-15T03:56:04.320Z,34.585,-116.623,1.902,2.92,ml,0,108.7,,0.148,ci,ci3042833,2016-02-10T14:54:44.407Z,"35km ENE of Lucerne Valley, California",earthquake,,0.52,,23,reviewed,ci,ci
1992-07-15T03:47:53.320Z,33.943,-116.351,2.48,2.9,mc,0,111,,0.158,ci,ci3042830,2016-02-10T14:54:41.694Z,"14km E of Desert Hot Springs, California",earthquake,,0.121,,77,reviewed,ci,ci
1992-07-15T03:40:21.210Z,34.187,-116.808,-0.12,2.55,mc,0,74.7,,0.151,ci,ci3118376,2016-02-10T18:27:38.242Z,"9km SSE of Big Bear City, California",earthquake,,0.319,,65,reviewed,ci,ci
1992-07-15T03:09:16.140Z,34.97,-116.959,4.381,3,mc,0,118.9,,0.125,ci,ci3044863,2016-02-10T18:27:35.157Z,"10km NE of Barstow, California",earthquake,,0.545,,5,reviewed,ci,ci
1992-07-15T03:02:25.400Z,34.156,-116.693,8.312,2.78,mc,0,82.1,,0.204,ci,ci3042806,2016-02-10T07:52:47.878Z,"16km NW of Morongo Valley, California",earthquake,,0.737,,80,reviewed,ci,ci
1992-07-15T02:39:40.130Z,34.947,-116.749,4.948,2.67,mc,0,80,,0.168,ci,ci3042804,2016-02-09T21:02:11.321Z,"26km ENE of Barstow, California",earthquake,,,,70,reviewed,ci,ci
1992-07-15T02:22:04.960Z,35.014,-116.968,4.231,2.83,mc,0,60.7,,0.161,ci,ci3042992,2016-02-10T14:54:40.404Z,"14km NNE of Barstow, California",earthquake,,0.602,,62,reviewed,ci,ci
1992-07-15T02:21:45.070Z,34.963,-116.939,3.211,2.7,mc,0,103.1,,0.125,ci,ci3042997,2016-02-10T11:27:42.645Z,"10km NE of Barstow, California",earthquake,,0.923,,49,reviewed,ci,ci
1992-07-15T02:21:01.560Z,34.116,-116.986,3.428,2.78,ml,0,34.8,,0.142,ci,ci3042803,2016-02-10T22:07:32.243Z,"11km NNE of Yucaipa, California",earthquake,,0.157,,15,reviewed,ci,ci
1992-07-15T02:06:56.290Z,34.253,-116.718,5.868,2.61,mc,0,47.9,,0.16,ci,ci3042798,2016-02-10T04:21:21.092Z,"12km E of Big Bear City, California",earthquake,,2.672,,72,reviewed,ci,ci
1992-07-15T01:43:59.580Z,33.937,-116.193,16.346,2.67,mc,0,360,0.002176,0,ci,ci3137539,2016-02-10T22:07:31.032Z,"22km NE of Thousand Palms, California",earthquake,,0.001,,7,reviewed,ci,ci
1992-07-15T01:32:49.050Z,35.013,-117,7.968,2.79,ml,0,61.8,,0.131,ci,ci3042782,2016-02-10T18:27:30.492Z,"13km N of Barstow, California",earthquake,,0.826,,27,reviewed,ci,ci
1992-07-15T00:33:13.820Z,35.947,-116.781,5.079,2.6,mc,0,236.5,0.6441,0.314,ci,ci3042772,2016-02-10T22:07:27.961Z,"46km W of Shoshone, California",earthquake,,,,26,reviewed,ci,ci
1992-07-15T00:18:56.890Z,34.332,-116.462,-0.847,3.96,ml,0,56.9,,0.194,ci,ci3042764,2016-02-10T04:21:15.274Z,"24km N of Yucca Valley, California",earthquake,,0.305,,39,reviewed,ci,ci
1992-07-14T22:49:05.870Z,34.602,-116.6,3.971,2.63,mc,0,49.6,,0.198,ci,ci3042733,2016-02-10T04:21:10.029Z,"38km ENE of Lucerne Valley, California",earthquake,,0.229,,73,reviewed,ci,ci
1992-07-14T22:33:13.060Z,33.937,-116.398,-1.04,3.08,ml,0,31.3,,0.193,ci,ci3042732,2016-02-10T11:27:28.817Z,"10km ESE of Desert Hot Springs, California",earthquake,,0.364,,27,reviewed,ci,ci
1992-07-14T22:22:48.170Z,34.265,-116.439,-1.086,2.74,ml,0,47.5,,0.2,ci,ci3042728,2016-02-09T21:01:59.154Z,"17km N of Yucca Valley, California",earthquake,,0.527,,23,reviewed,ci,ci
1992-07-14T22:22:39.830Z,34.083,-116.389,0.147,2.88,mc,0,52.7,,0.185,ci,ci3042796,2016-02-10T14:54:28.170Z,"5km SE of Yucca Valley, California",earthquake,,0.687,,69,reviewed,ci,ci
1992-07-14T21:24:43.680Z,34.198,-116.867,1.808,2.76,ml,0,25.5,,0.177,ci,ci3042706,2016-02-10T18:27:20.501Z,"6km SE of Big Bear Lake, California",earthquake,,0.229,,26,reviewed,ci,ci
1992-07-14T20:46:43.030Z,34.246,-116.441,4.909,3.23,ml,0,57.9,,0.175,ci,ci3042690,2016-02-10T14:54:23.155Z,"15km N of Yucca Valley, California",earthquake,,2.885,,36,reviewed,ci,ci
1992-07-14T20:36:51.520Z,34.644,-116.644,5.782,3.82,ml,0,45.2,,0.176,ci,ci3042689,2016-02-10T07:52:36.449Z,"37km NE of Lucerne Valley, California",earthquake,,0.421,,36,reviewed,ci,ci
1992-07-14T19:48:15.680Z,34.218,-116.851,1.265,2.51,mc,0,26,,0.16,ci,ci3042669,2016-02-09T21:01:51.511Z,"5km S of Big Bear City, California",earthquake,,0.207,,70,reviewed,ci,ci
1992-07-14T19:32:17.170Z,34.92,-116.909,-0.009,2.73,mc,0,61.5,,0.219,ci,ci3112010,2016-02-10T14:54:18.957Z,"11km ENE of Barstow, California",earthquake,,0.928,,76,reviewed,ci,ci
1992-07-14T19:31:54.930Z,34.067,-116.37,-0.028,2.82,mc,0,56.9,,0.197,ci,ci3042667,2016-02-10T00:44:57.713Z,"8km SE of Yucca Valley, California",earthquake,,0.856,,53,reviewed,ci,ci
1992-07-14T19:15:40.050Z,34.458,-116.47,1.772,2.54,mc,0,58.9,,0.15,ci,ci3042658,2016-02-10T00:44:53.977Z,"38km N of Yucca Valley, California",earthquake,,0.559,,58,reviewed,ci,ci
1992-07-14T18:10:44.330Z,34.424,-116.509,2.892,2.86,mc,0,57.7,,0.17,ci,ci3042633,2016-02-10T22:07:12.088Z,"35km NNW of Yucca Valley, California",earthquake,,0.516,,76,reviewed,ci,ci
1992-07-14T17:34:32.480Z,34.195,-116.866,1.508,2.73,mc,0,42.9,,0.202,ci,ci3042624,2016-02-10T22:07:10.644Z,"7km SE of Big Bear Lake, California",earthquake,,0.231,,65,reviewed,ci,ci
1992-07-14T17:24:37.350Z,34.243,-116.458,5.054,3.3,ml,0,61.7,,0.245,ci,ci3042621,2016-02-10T11:27:10.843Z,"14km N of Yucca Valley, California",earthquake,,,,19,reviewed,ci,ci
1992-07-14T17:18:20.020Z,34.973,-116.935,-0.812,2.92,mc,0,62.7,,0.255,ci,ci3042619,2016-02-09T21:01:41.945Z,"12km NE of Barstow, California",earthquake,,0.877,,81,reviewed,ci,ci
1992-07-14T16:53:58.760Z,34.527,-116.53,4.135,2.85,mc,0,66.6,,0.17,ci,ci3042617,2016-02-10T14:54:11.304Z,"40km WSW of Ludlow, California",earthquake,,5.259,,77,reviewed,ci,ci
1992-07-14T16:40:10.510Z,34.035,-116.359,0.156,2.9,mc,0,47.8,,0.179,ci,ci3042614,2016-02-10T00:44:43.433Z,"11km SE of Yucca Valley, California",earthquake,,0.247,,44,reviewed,ci,ci
1992-07-14T16:29:24.820Z,34.068,-116.448,5,2.8,md,,,,0.4,us,usp0005auj,2014-11-07T00:51:04.090Z,"5 km SSW of Yucca Valley, California",earthquake,,,,,reviewed,us,pas
1992-07-14T16:21:51.150Z,34.114,-116.409,5.119,3.41,ml,0,138.7,0.2985,0.177,ci,ci3224812,2016-02-10T14:54:09.926Z,"2km E of Yucca Valley, California",earthquake,,,,8,reviewed,ci,ci
1992-07-14T16:15:35.400Z,34.978,-116.938,-0.87,3.06,ml,0,62.9,,0.237,ci,ci3042605,2016-02-10T07:52:23.520Z,"12km NE of Barstow, California",earthquake,,0.771,,35,reviewed,ci,ci
1992-07-14T16:06:16.810Z,34.942,-116.782,1.138,2.5,mc,0,76.1,,0.162,ci,ci3042603,2016-02-10T04:20:47.379Z,"22km ENE of Barstow, California",earthquake,,1.366,,51,reviewed,ci,ci
1992-07-14T15:43:04.420Z,34.16,-116.438,4.447,2.61,mc,0,45,,0.185,ci,ci3042597,2016-02-09T21:01:39.159Z,"5km N of Yucca Valley, California",earthquake,,6.217,,56,reviewed,ci,ci
1992-07-14T15:09:57.060Z,34.216,-116.767,2.953,2.82,ml,0,97.5,,0.1,ci,ci3042677,2016-02-10T22:07:05.361Z,"9km SE of Big Bear City, California",earthquake,,1.885,,4,reviewed,ci,ci
1992-07-14T15:09:15.690Z,34.219,-116.771,0.127,3.76,ml,0,47.2,,0.145,ci,ci3042589,2016-02-10T07:52:20.863Z,"8km SE of Big Bear City, California",earthquake,,0.234,,30,reviewed,ci,ci
1992-07-14T14:38:01.230Z,34.973,-116.942,-1.029,2.56,mc,0,61.9,,0.174,ci,ci3042582,2016-02-09T21:01:36.473Z,"11km NE of Barstow, California",earthquake,,1.172,,55,reviewed,ci,ci
1992-07-14T14:29:05.060Z,34.97,-116.939,2.831,2.51,mc,0,62.1,,0.187,ci,ci3042580,2016-02-10T04:20:42.289Z,"11km NE of Barstow, California",earthquake,,0.422,,56,reviewed,ci,ci
1992-07-14T13:15:44.170Z,34.545,-116.534,3.201,2.63,mc,0,126.9,,0.11,ci,ci3042558,2016-02-10T11:27:06.849Z,"39km WSW of Ludlow, California",earthquake,,0.673,,22,reviewed,ci,ci
1992-07-14T13:09:53.980Z,34.517,-116.526,-1.094,2.83,mc,0,98.9,,0.155,ci,ci3042556,2016-02-10T04:20:38.005Z,"40km SW of Ludlow, California",earthquake,,0.524,,41,reviewed,ci,ci
1992-07-14T13:04:02.640Z,34.187,-116.801,-0.36,3.44,ml,0,85.6,,0.155,ci,ci3042555,2016-02-10T00:44:34.848Z,"9km SSE of Big Bear City, California",earthquake,,0.261,,36,reviewed,ci,ci
1992-07-14T12:41:55.030Z,34.601,-116.627,2.462,3.33,ml,0,59.6,,0.177,ci,ci3042553,2016-02-10T11:27:03.607Z,"36km ENE of Lucerne Valley, California",earthquake,,0.377,,27,reviewed,ci,ci
1992-07-14T10:56:45.660Z,34.649,-116.524,3.82,2.71,mc,0,50.8,0.08292,0.162,ci,ci3137268,2016-02-10T14:53:59.989Z,"34km WSW of Ludlow, California",earthquake,,0.384,,73,reviewed,ci,ci
1992-07-14T10:55:29.470Z,34.58,-116.586,3.115,2.54,mc,0,62.3,,0.176,ci,ci3137405,2016-02-10T11:26:58.280Z,"38km ENE of Lucerne Valley, California",earthquake,,0.451,,43,reviewed,ci,ci
1992-07-14T10:54:33.490Z,34.255,-116.439,4.632,2.82,mc,0,106.2,,0.183,ci,ci3137407,2016-02-10T11:26:56.950Z,"16km N of Yucca Valley, California",earthquake,,,,78,reviewed,ci,ci
1992-07-14T10:47:16.050Z,33.995,-116.424,7.619,2.87,mc,0,33.3,,0.16,ci,ci3042525,2016-02-09T21:01:31.232Z,"8km ENE of Desert Hot Springs, California",earthquake,,0.71,,74,reviewed,ci,ci
1992-07-14T09:57:43.280Z,34.956,-116.935,3.568,2.55,mc,0,61.6,0.08668,0.244,ci,ci3042510,2016-02-10T14:53:57.390Z,"10km NE of Barstow, California",earthquake,,0.486,,57,reviewed,ci,ci
1992-07-14T09:08:24.270Z,35.056,-116.993,0.048,2.87,mc,0,80.3,,0.211,ci,ci3042499,2016-02-10T18:26:48.462Z,"18km N of Barstow, California",earthquake,,0.616,,81,reviewed,ci,ci
1992-07-14T08:05:28.630Z,34.63,-116.666,4.961,2.79,mc,0,61.8,,0.172,ci,ci3042476,2016-02-10T11:26:49.653Z,"34km NE of Lucerne Valley, California",earthquake,,0.625,,83,reviewed,ci,ci
1992-07-14T07:05:47.170Z,34.036,-116.343,0.479,2.96,mc,0,38.2,,0.203,ci,ci3042457,2016-02-10T11:26:43.457Z,"11km SSW of Joshua Tree, California",earthquake,,0.301,,83,reviewed,ci,ci
1992-07-14T06:38:35.120Z,34.063,-116.416,0.05,3.14,mc,0,99,,0.168,ci,ci3111974,2016-02-10T14:53:41.679Z,"6km SSE of Yucca Valley, California",earthquake,,0.352,,76,reviewed,ci,ci
1992-07-14T06:02:37.630Z,33.953,-116.392,0.91,2.84,mc,0,93.4,,0.171,ci,ci3042439,2016-02-10T22:06:35.649Z,"10km E of Desert Hot Springs, California",earthquake,,0.234,,63,reviewed,ci,ci
1992-07-14T05:47:14.210Z,34.624,-116.635,2.762,2.64,mc,0,58.9,,0.207,ci,ci3042438,2016-02-10T04:20:11.705Z,"36km ENE of Lucerne Valley, California",earthquake,,0.228,,72,reviewed,ci,ci
1992-07-14T05:07:21.880Z,34.969,-116.928,-0.912,2.66,mc,0,63.2,0.09124,0.245,ci,ci3042426,2016-02-10T22:06:31.518Z,"12km NE of Barstow, California",earthquake,,0.824,,59,reviewed,ci,ci
1992-07-14T03:43:53.610Z,34.192,-116.436,-0.919,3.29,ml,0,52.7,,0.213,ci,ci3042403,2016-02-10T04:20:04.196Z,"9km N of Yucca Valley, California",earthquake,,0.365,,30,reviewed,ci,ci
1992-07-14T02:39:52.390Z,34.216,-116.84,3.243,2.57,mc,0,31.1,,0.181,ci,ci3113379,2016-02-10T14:53:30.974Z,"5km S of Big Bear City, California",earthquake,,0.761,,63,reviewed,ci,ci
1992-07-14T02:16:04.270Z,34.319,-116.937,-0.095,2.71,mc,0,34.7,,0.153,ci,ci3042382,2016-02-10T14:53:29.647Z,"9km NNW of Big Bear Lake, California",earthquake,,0.244,,77,reviewed,ci,ci
1992-07-14T02:10:54.740Z,34.639,-116.651,7.152,2.5,mc,0,57.9,0.02247,0.154,ci,ci3042376,2016-02-09T21:01:03.974Z,"36km NE of Lucerne Valley, California",earthquake,,0.367,,55,reviewed,ci,ci
1992-07-14T01:29:29.920Z,34.966,-116.941,-0.089,2.51,mc,0,80.2,,0.159,ci,ci3042364,2016-02-10T11:26:33.016Z,"11km NE of Barstow, California",earthquake,,1.443,,52,reviewed,ci,ci
1992-07-13T23:36:35.000Z,34.119,-116.903,2.646,2.76,ml,0,24.4,,0.19,ci,ci3044538,2016-02-09T21:01:00.144Z,"14km S of Big Bear Lake, California",earthquake,,0.104,,27,reviewed,ci,ci
1992-07-13T23:35:31.660Z,34.119,-116.9,2.556,2.86,ml,0,36.1,,0.167,ci,ci3042325,2016-02-10T14:53:15.402Z,"14km S of Big Bear Lake, California",earthquake,,0.132,,23,reviewed,ci,ci
1992-07-13T23:07:39.440Z,34.973,-116.933,-0.549,2.62,mc,0,62.9,,0.25,ci,ci3042318,2016-02-10T18:26:07.313Z,"12km NE of Barstow, California",earthquake,,0.925,,55,reviewed,ci,ci
1992-07-13T23:02:16.810Z,34.347,-116.46,4.489,2.67,mc,0,61.1,,0.156,ci,ci3110997,2016-02-10T00:44:09.532Z,"26km N of Yucca Valley, California",earthquake,,17.271,,65,reviewed,ci,ci
1992-07-13T21:34:27.230Z,34.64,-116.506,2.02,2.62,mc,0,57.3,,0.2,ci,ci3042281,2016-02-10T11:26:20.460Z,"33km WSW of Ludlow, California",earthquake,,0.614,,49,reviewed,ci,ci
1992-07-13T20:54:59.600Z,34.092,-116.643,2.889,2.93,ml,0,30.3,,0.192,ci,ci3042270,2016-02-10T14:53:07.375Z,"8km NW of Morongo Valley, California",earthquake,,0.175,,33,reviewed,ci,ci
1992-07-13T20:30:28.650Z,34.621,-116.677,3.429,2.65,mc,0,56.5,,0.206,ci,ci3109478,2016-02-10T18:25:59.635Z,"33km NE of Lucerne Valley, California",earthquake,,0.231,,71,reviewed,ci,ci
1992-07-13T20:30:01.450Z,35.729,-117.568,3.932,2.62,mc,0,139,,0.2,ci,ci3042261,2016-02-10T11:26:15.396Z,"15km WSW of Searles Valley, California",earthquake,,0.343,,50,reviewed,ci,ci
1992-07-13T20:12:14.030Z,34.115,-116.898,1.686,2.71,mc,0,24.6,,0.172,ci,ci3042253,2016-02-10T07:51:34.616Z,"14km S of Big Bear Lake, California",earthquake,,0.143,,72,reviewed,ci,ci
1992-07-13T19:30:30.340Z,34.58,-116.322,4.914,3.03,mc,0,70.8,,0.208,ci,ci3110977,2016-02-09T21:00:45.095Z,"22km SW of Ludlow, California",earthquake,,,,80,reviewed,ci,ci
1992-07-13T18:27:28.680Z,34.228,-116.728,1.094,2.51,mc,0,35.6,,0.161,ci,ci3042221,2016-02-10T14:52:59.507Z,"11km ESE of Big Bear City, California",earthquake,,0.255,,51,reviewed,ci,ci
1992-07-13T18:17:42.160Z,34.235,-116.8,-0.865,2.63,mc,0,27.8,,0.157,ci,ci3110919,2016-02-10T04:19:45.247Z,"5km SE of Big Bear City, California",earthquake,,0.386,,74,reviewed,ci,ci
1992-07-13T18:16:03.700Z,35.523,-117.383,-0.864,2.5,mc,0,141.6,,0.206,ci,ci3042215,2016-02-09T21:00:38.473Z,"27km S of Trona, California",earthquake,,0.935,,45,reviewed,ci,ci
1992-07-13T18:15:03.100Z,33.156,-116.543,0.299,2.62,mc,0,98,0.1228,0.309,ci,ci3109473,2016-02-10T14:52:56.475Z,"10km NNE of Julian, California",earthquake,,1.768,,13,reviewed,ci,ci
1992-07-13T18:14:59.550Z,33.166,-116.534,10.151,3,mc,0,135.5,,0.091,ci,ci3042214,2016-02-10T07:51:29.610Z,"12km NNE of Julian, California",earthquake,,9.508,,20,reviewed,ci,ci
1992-07-13T17:52:39.260Z,34.274,-116.783,-0.699,2.83,mc,0,43.3,,0.141,ci,ci3042210,2016-02-10T14:52:55.223Z,"6km ENE of Big Bear City, California",earthquake,,0.237,,78,reviewed,ci,ci
1992-07-13T17:27:53.890Z,34.087,-116.411,2.38,2.79,ml,0,31.1,,0.229,ci,ci3042731,2016-02-09T21:00:36.743Z,"4km SSE of Yucca Valley, California",earthquake,,0.203,,22,reviewed,ci,ci
1992-07-13T17:26:46.260Z,34.196,-116.429,3.322,2.78,ml,0,54,,0.183,ci,ci3042199,2016-02-10T11:26:07.887Z,"9km N of Yucca Valley, California",earthquake,,0.447,,12,reviewed,ci,ci
1992-07-13T17:03:35.340Z,34.533,-116.538,-1.108,2.63,mc,0,65.9,,0.194,ci,ci3109667,2016-02-10T07:51:25.959Z,"40km WSW of Ludlow, California",earthquake,,0.595,,64,reviewed,ci,ci
1992-07-13T16:26:04.200Z,34.787,-116.286,-1.023,2.55,mc,0,149.4,,0.192,ci,ci3042176,2016-02-10T18:25:44.780Z,"14km WNW of Ludlow, California",earthquake,,2.304,,22,reviewed,ci,ci
1992-07-13T15:58:34.230Z,34.984,-116.949,3.361,2.88,ml,0,89.7,,0.148,ci,ci3044508,2016-02-10T18:25:43.412Z,"12km NE of Barstow, California",earthquake,,0.738,,17,reviewed,ci,ci
1992-07-13T15:56:34.700Z,34.992,-116.958,4.004,2.87,mc,0,104,,0.189,ci,ci3109654,2016-02-10T14:52:44.616Z,"12km NNE of Barstow, California",earthquake,,0.464,,63,reviewed,ci,ci
1992-07-13T15:02:21.710Z,34.266,-116.729,-0.219,2.61,mc,0,90.5,,0.195,ci,ci3042146,2016-02-10T22:06:00.528Z,"11km E of Big Bear City, California",earthquake,,0.384,,57,reviewed,ci,ci
1992-07-13T14:39:01.300Z,34.956,-116.935,-1.029,2.7,mc,0,61.6,0.08668,0.198,ci,ci3042140,2016-02-10T22:05:57.219Z,"10km NE of Barstow, California",earthquake,,1.142,,69,reviewed,ci,ci
1992-07-13T14:13:00.410Z,34.965,-116.939,2.936,2.59,mc,0,63.2,,0.211,ci,ci3042131,2016-02-10T14:52:39.452Z,"11km NE of Barstow, California",earthquake,,0.353,,58,reviewed,ci,ci
1992-07-13T13:27:25.030Z,34.158,-116.396,0.154,2.7,mc,0,46.3,,0.201,ci,ci3101704,2016-02-10T18:25:40.646Z,"6km NE of Yucca Valley, California",earthquake,,0.521,,65,reviewed,ci,ci
1992-07-13T13:26:46.660Z,35.035,-116.973,1.523,2.63,mc,0,60.7,,0.173,ci,ci3101703,2016-02-09T21:00:27.971Z,"16km NNE of Barstow, California",earthquake,,0.585,,68,reviewed,ci,ci
1992-07-13T12:56:19.630Z,35.676,-117.575,12.344,2.84,mc,0,129.8,,0.285,ci,ci3101183,2016-02-10T00:43:40.263Z,"11km NE of Ridgecrest, California",earthquake,,1.363,,22,reviewed,ci,ci
1992-07-13T11:44:13.170Z,34.49,-116.509,-0.342,2.67,mc,0,100.7,0.1806,0.169,ci,ci3042086,2016-02-10T11:25:39.831Z,"40km NE of Big Bear City, California",earthquake,,0.742,,37,reviewed,ci,ci
1992-07-13T11:33:47.280Z,34.208,-116.86,0.058,3.26,ml,0,25,,0.183,ci,ci3102057,2016-02-09T21:00:19.268Z,"6km SSW of Big Bear City, California",earthquake,,0.175,,35,reviewed,ci,ci
1992-07-13T11:27:52.340Z,34.969,-116.93,1.301,2.92,mc,0,63,,0.182,ci,ci3101841,2016-02-10T00:43:35.300Z,"12km NE of Barstow, California",earthquake,,0.975,,77,reviewed,ci,ci
1992-07-13T11:27:19.650Z,34.965,-116.931,0.931,2.51,mc,0,79.6,,0.13,ci,ci3101839,2016-02-10T07:51:11.981Z,"11km NE of Barstow, California",earthquake,,1.671,,55,reviewed,ci,ci
1992-07-13T10:13:24.820Z,34.97,-116.933,2.581,2.93,ml,0,62.7,,0.161,ci,ci3042060,2016-02-10T18:25:25.262Z,"11km NE of Barstow, California",earthquake,,0.703,,9,reviewed,ci,ci
1992-07-13T10:09:18.050Z,34.975,-116.938,1.761,3.83,ml,0,62.7,,0.135,ci,ci3042202,2016-02-10T18:25:23.438Z,"12km NE of Barstow, California",earthquake,,0.769,,33,reviewed,ci,ci
1992-07-13T10:08:58.720Z,34.98,-116.949,3.251,3.87,ml,0,61.5,,0.619,ci,ci3042059,2016-02-10T00:43:32.659Z,"11km NE of Barstow, California",earthquake,,0.448,,26,reviewed,ci,ci
1992-07-13T09:56:13.160Z,35.345,-114.654,17.734,2.85,ml,0,322.9,2.617,19.566,ci,ci3224807,2016-02-09T21:00:16.343Z,"21km NNW of Laughlin, Nevada",earthquake,,0.021,,5,reviewed,ci,ci
1992-07-13T09:52:32.260Z,34.971,-116.935,2.491,3.54,mc,0,62.7,,0.182,ci,ci3135911,2016-02-09T21:00:14.815Z,"11km NE of Barstow, California",earthquake,,0.531,,62,reviewed,ci,ci
1992-07-13T09:51:03.490Z,34.973,-116.938,2.681,3.91,ml,0,62.5,,0.159,ci,ci3133429,2016-02-09T21:00:11.202Z,"11km NE of Barstow, California",earthquake,,0.491,,8,reviewed,ci,ci
1992-07-13T08:16:05.990Z,34.206,-116.422,2.094,2.86,mc,0,92.9,,0.175,ci,ci3101827,2016-02-10T18:25:17.437Z,"10km N of Yucca Valley, California",earthquake,,1.553,,64,reviewed,ci,ci
1992-07-13T08:15:50.610Z,34.337,-116.895,-0.536,2.57,mc,0,37.4,,0.157,ci,ci3101825,2016-02-10T14:52:18.239Z,"10km NNW of Big Bear City, California",earthquake,,0.44,,72,reviewed,ci,ci
1992-07-13T06:29:22.100Z,34.625,-116.646,4.409,2.8,mc,0,58.2,,0.154,ci,ci3042004,2016-02-10T07:50:56.142Z,"36km NE of Lucerne Valley, California",earthquake,,0.722,,80,reviewed,ci,ci
1992-07-13T06:24:22.360Z,34.216,-116.772,0.076,2.55,mc,0,77.2,,0.147,ci,ci3101678,2016-02-10T07:50:54.761Z,"8km SE of Big Bear City, California",earthquake,,0.324,,47,reviewed,ci,ci
1992-07-13T05:39:21.100Z,34.985,-116.948,3.641,2.75,mc,0,61.9,,0.201,ci,ci3101667,2016-02-10T18:25:07.836Z,"12km NE of Barstow, California",earthquake,,0.357,,74,reviewed,ci,ci
1992-07-13T05:37:23.020Z,34.278,-116.725,-0.896,2.63,mc,0,57.5,,0.176,ci,ci3101660,2016-02-10T00:43:19.319Z,"11km E of Big Bear City, California",earthquake,,0.295,,75,reviewed,ci,ci
1992-07-13T05:21:09.850Z,35.001,-116.948,4.525,2.63,mc,0,75.4,,0.206,ci,ci3101633,2016-02-10T04:19:07.611Z,"13km NNE of Barstow, California",earthquake,,0.429,,53,reviewed,ci,ci
1992-07-13T05:13:11.990Z,34.016,-116.355,-0.337,2.66,mc,0,37.5,,0.236,ci,ci3041983,2016-02-09T20:59:51.473Z,"13km SSE of Yucca Valley, California",earthquake,,0.267,,41,reviewed,ci,ci
1992-07-13T05:00:00.800Z,34.087,-116.41,2.289,3.79,ml,0,30.4,,0.208,ci,ci3041981,2016-02-09T20:59:50.050Z,"4km SE of Yucca Valley, California",earthquake,,0.209,,34,reviewed,ci,ci
1992-07-13T04:55:40.070Z,35.352,-117.827,7.665,2.53,mc,0,48.9,,0.199,ci,ci3101528,2016-02-10T22:05:22.688Z,"18km W of Johannesburg, California",earthquake,,1.121,,51,reviewed,ci,ci
1992-07-13T03:58:52.900Z,34.076,-116.408,-0.951,2.78,mc,0,30.9,,0.199,ci,ci3101520,2016-02-10T04:19:03.673Z,"5km SSE of Yucca Valley, California",earthquake,,0.369,,69,reviewed,ci,ci
1992-07-13T03:16:55.950Z,34.474,-116.506,0.266,2.91,mc,0,56.8,,0.157,ci,ci3041951,2016-02-10T18:25:03.981Z,"39km NE of Big Bear City, California",earthquake,,0.415,,86,reviewed,ci,ci
1992-07-13T03:04:43.240Z,35.669,-117.616,2.894,2.68,mc,0,103.6,0.112,0.213,ci,ci3041949,2016-02-10T22:05:12.268Z,"8km NE of Ridgecrest, California",earthquake,,0.142,,52,reviewed,ci,ci
1992-07-13T02:53:03.300Z,34.639,-116.642,3.224,2.57,mc,0,58.3,,0.185,ci,ci3041946,2016-02-10T22:05:10.914Z,"37km NE of Lucerne Valley, California",earthquake,,0.145,,61,reviewed,ci,ci
1992-07-13T02:30:07.420Z,34.195,-116.786,-0.524,2.54,mc,0,28.2,,0.159,ci,ci3041939,2016-02-10T00:43:11.571Z,"9km SE of Big Bear City, California",earthquake,,0.27,,57,reviewed,ci,ci
1992-07-13T01:58:45.800Z,34.529,-116.53,9.636,2.75,mc,0,55.6,,0.175,ci,ci3101497,2016-02-10T04:18:54.859Z,"40km WSW of Ludlow, California",earthquake,,1.132,,70,reviewed,ci,ci
1992-07-13T01:40:50.560Z,34.484,-116.512,3.756,2.8,mc,0,67.8,,0.108,ci,ci3041924,2016-02-10T14:52:02.958Z,"39km NE of Big Bear City, California",earthquake,,8.797,,78,reviewed,ci,ci
1992-07-13T00:48:43.440Z,34.28,-116.734,-1.937,2.52,mc,0,30.4,,0.15,ci,ci3041914,2016-02-10T04:18:53.491Z,"10km ENE of Big Bear City, California",earthquake,,0.416,,49,reviewed,ci,ci
1992-07-13T00:32:56.690Z,34.634,-116.659,4.543,2.94,mc,0,57.4,,0.18,ci,ci3101482,2016-02-09T20:59:39.472Z,"35km NE of Lucerne Valley, California",earthquake,,0.488,,85,reviewed,ci,ci
1992-07-13T00:11:51.080Z,34.326,-116.673,-1.17,3.89,ml,0,35.5,,0.151,ci,ci3041900,2016-02-10T04:18:50.854Z,"17km ENE of Big Bear City, California",earthquake,,0.28,,29,reviewed,ci,ci
1992-07-13T00:04:26.400Z,34.404,-116.51,-0.034,2.95,mc,0,57.9,,0.159,ci,ci3101469,2016-02-10T14:51:58.245Z,"33km NNW of Yucca Valley, California",earthquake,,0.346,,84,reviewed,ci,ci
1992-07-12T23:48:00.590Z,34.979,-116.945,3.215,3.09,ml,0,61.8,,0.185,ci,ci3041889,2016-02-10T00:43:00.743Z,"11km NE of Barstow, California",earthquake,,0.467,,24,reviewed,ci,ci
1992-07-12T23:19:02.510Z,34.98,-116.94,2.614,3.05,ml,0,62.5,,0.165,ci,ci3041881,2016-02-10T07:50:34.312Z,"12km NE of Barstow, California",earthquake,,0.567,,21,reviewed,ci,ci
1992-07-12T23:18:20.810Z,34.032,-116.363,0.693,3.15,ml,0,47.2,,0.205,ci,ci3042122,2016-02-10T22:05:03.294Z,"11km SE of Yucca Valley, California",earthquake,,0.325,,14,reviewed,ci,ci
1992-07-12T23:09:29.400Z,34.073,-116.413,-0.997,3.06,ml,0,45.3,,0.193,ci,ci3041880,2016-02-10T18:24:51.605Z,"5km SSE of Yucca Valley, California",earthquake,,0.392,,26,reviewed,ci,ci
1992-07-12T22:36:50.850Z,34.264,-116.455,4.343,3.58,ml,0,44.5,,0.164,ci,ci3041872,2016-02-10T07:50:31.613Z,"17km N of Yucca Valley, California",earthquake,,0.191,,29,reviewed,ci,ci
1992-07-12T21:11:35.020Z,33.984,-116.375,0.237,2.73,mc,0,38.1,,0.198,ci,ci3041848,2016-02-10T00:42:50.267Z,"12km ENE of Desert Hot Springs, California",earthquake,,0.289,,62,reviewed,ci,ci
1992-07-12T20:06:05.230Z,34.303,-116.437,6.572,2.5,mc,0,45.6,,0.147,ci,ci3041829,2016-02-10T00:42:47.552Z,"21km N of Yucca Valley, California",earthquake,,1.09,,53,reviewed,ci,ci
1992-07-12T18:34:20.210Z,34.146,-116.399,2.455,2.51,mc,0,42.4,,0.199,ci,ci3041789,2016-02-10T07:50:14.869Z,"5km NE of Yucca Valley, California",earthquake,,0.257,,51,reviewed,ci,ci
1992-07-12T18:01:01.700Z,34.871,-116.677,-1.042,2.94,ml,0,70.5,,0.228,ci,ci3041783,2016-02-09T20:59:29.927Z,"32km E of Barstow, California",earthquake,,0.622,,22,reviewed,ci,ci
1992-07-12T17:59:16.240Z,34.107,-116.822,1.02,2.63,mc,0,34.2,,0.18,ci,ci3041782,2016-02-10T14:51:33.644Z,"17km S of Big Bear City, California",earthquake,,0.168,,65,reviewed,ci,ci
1992-07-12T17:53:00.740Z,34.224,-116.815,-0.155,2.59,mc,0,47.1,,0.179,ci,ci3041781,2016-02-10T11:24:56.010Z,"5km SE of Big Bear City, California",earthquake,,0.273,,78,reviewed,ci,ci
1992-07-12T17:09:25.190Z,34.169,-116.798,2.45,2.62,mc,0,41.8,,0.152,ci,ci3101171,2016-02-10T11:24:52.723Z,"11km SSE of Big Bear City, California",earthquake,,0.156,,73,reviewed,ci,ci
1992-07-12T16:44:14.260Z,34.325,-116.425,6.742,2.54,mc,0,63,,0.138,ci,ci3041762,2016-02-10T18:24:32.836Z,"23km N of Yucca Valley, California",earthquake,,0.927,,41,reviewed,ci,ci
1992-07-12T16:36:14.060Z,34.245,-116.439,2.605,3.38,ml,0,59,,0.179,ci,ci3041761,2016-02-10T07:50:10.758Z,"15km N of Yucca Valley, California",earthquake,,0.241,,36,reviewed,ci,ci
1992-07-12T16:08:31.570Z,33.949,-116.334,4.16,2.73,mc,0,40.1,,0.163,ci,ci3041752,2016-02-10T11:24:48.837Z,"15km NNE of Thousand Palms, California",earthquake,,0.129,,61,reviewed,ci,ci
1992-07-12T15:57:54.410Z,34.532,-116.542,-1.097,2.72,mc,0,53.8,,0.173,ci,ci3041751,2016-02-10T11:24:47.464Z,"40km ENE of Lucerne Valley, California",earthquake,,0.467,,73,reviewed,ci,ci
1992-07-12T15:26:06.500Z,34.266,-116.455,4.475,2.7,mc,0,43.5,,0.141,ci,ci3041740,2016-02-10T14:51:26.796Z,"17km N of Yucca Valley, California",earthquake,,0.193,,70,reviewed,ci,ci
1992-07-12T15:15:25.530Z,34.234,-116.858,0.855,2.98,mc,0,25.7,,0.155,ci,ci3041736,2016-02-10T00:42:33.979Z,"3km SSW of Big Bear City, California",earthquake,,0.167,,90,reviewed,ci,ci
1992-07-12T14:39:12.020Z,34.263,-116.436,-1.028,2.83,mc,0,49.3,,0.163,ci,ci3041725,2016-02-10T00:42:31.052Z,"16km N of Yucca Valley, California",earthquake,,0.395,,77,reviewed,ci,ci
1992-07-12T14:25:46.700Z,33.985,-116.366,0.182,2.51,mc,0,43.7,,0.211,ci,ci3100921,2016-02-10T07:50:00.604Z,"13km ENE of Desert Hot Springs, California",earthquake,,0.305,,55,reviewed,ci,ci
1992-07-12T14:21:37.570Z,34.008,-116.885,2.698,2.7,mc,0,33,,0.159,ci,ci3132564,2016-02-10T18:24:27.710Z,"9km N of Banning, California",earthquake,,0.103,,74,reviewed,ci,ci
1992-07-12T13:40:04.510Z,34.399,-116.474,-0.417,3.05,ml,0,69.4,,0.16,ci,ci3041712,2016-02-10T14:51:21.507Z,"32km N of Yucca Valley, California",earthquake,,0.697,,35,reviewed,ci,ci
1992-07-12T12:53:31.230Z,33.981,-116.377,0.12,2.97,ml,0,37.7,,0.216,ci,ci3041695,2016-02-10T04:18:28.235Z,"12km E of Desert Hot Springs, California",earthquake,,0.242,,24,reviewed,ci,ci
1992-07-12T12:44:36.970Z,34.253,-116.418,-0.495,2.61,mc,0,63.3,,0.167,ci,ci3041691,2016-02-10T14:51:16.801Z,"16km N of Yucca Valley, California",earthquake,,0.488,,57,reviewed,ci,ci
1992-07-12T12:00:40.190Z,34.214,-116.787,0.947,2.5,mc,0,31.2,,0.182,ci,ci3041678,2016-02-10T14:51:15.355Z,"8km SE of Big Bear City, California",earthquake,,0.206,,60,reviewed,ci,ci
1992-07-12T11:53:18.580Z,34.423,-116.533,2.084,3.1,mc,0,64.8,,0.124,ci,ci3132558,2016-02-10T18:24:22.732Z,"34km ENE of Big Bear City, California",earthquake,,0.342,,62,reviewed,ci,ci
1992-07-12T11:13:27.340Z,34.551,-116.535,8.621,3.04,ml,0,66.3,,0.139,ci,ci3041669,2016-02-10T04:18:20.168Z,"39km WSW of Ludlow, California",earthquake,,1.237,,30,reviewed,ci,ci
1992-07-12T10:45:45.150Z,35.022,-116.967,3.811,2.67,mc,0,97.7,,0.137,ci,ci3041661,2016-02-10T18:24:17.971Z,"15km NNE of Barstow, California",earthquake,,0.442,,65,reviewed,ci,ci
1992-07-12T10:35:40.660Z,34.928,-116.775,4.813,3.15,ml,0,74.6,,0.144,ci,ci3041657,2016-02-10T04:18:17.469Z,"23km E of Barstow, California",earthquake,,,,36,reviewed,ci,ci
1992-07-12T10:07:43.830Z,34.573,-116.297,5.022,2.56,mc,0,87,,0.233,ci,ci3041651,2016-02-10T00:42:20.910Z,"21km SW of Ludlow, California",earthquake,,,,61,reviewed,ci,ci
1992-07-12T09:21:49.370Z,35.044,-117.126,9.617,2.8,mc,0,71.9,,0.169,ci,ci3041646,2016-02-10T11:24:25.243Z,"19km NNW of Barstow, California",earthquake,,0.746,,80,reviewed,ci,ci
1992-07-12T08:57:50.160Z,34.615,-116.653,5.642,2.85,mc,0,57.9,,0.15,ci,ci3041642,2016-02-10T22:04:23.440Z,"34km ENE of Lucerne Valley, California",earthquake,,0.659,,81,reviewed,ci,ci
1992-07-12T08:38:31.640Z,35.051,-116.985,0.275,3.16,ml,0,63.5,,0.194,ci,ci3041636,2016-02-10T00:42:19.761Z,"17km NNE of Barstow, California",earthquake,,1.072,,25,reviewed,ci,ci
1992-07-12T08:00:46.140Z,35.095,-116.666,5.011,2.56,mc,0,127.9,,0.217,ci,ci3041629,2016-02-09T20:59:08.686Z,"19km S of Fort Irwin, California",earthquake,,,,52,reviewed,ci,ci
1992-07-12T07:41:32.710Z,34.137,-116.634,-0.887,2.59,mc,0,31.5,,0.155,ci,ci3041626,2016-02-10T11:24:22.695Z,"11km NNW of Morongo Valley, California",earthquake,,0.283,,59,reviewed,ci,ci
1992-07-12T07:09:48.580Z,34.955,-116.766,0.083,2.87,mc,0,84.9,,0.173,ci,ci3041618,2016-02-09T20:59:07.435Z,"24km ENE of Barstow, California",earthquake,,1.37,,76,reviewed,ci,ci
1992-07-12T07:00:18.410Z,34.132,-117.006,2.728,3.24,ml,0,27.8,,0.159,ci,ci3041614,2016-02-10T18:24:15.347Z,"12km NNE of Yucaipa, California",earthquake,,0.151,,35,reviewed,ci,ci
1992-07-12T06:26:43.080Z,34.006,-116.337,0.432,2.55,mc,0,40.1,,0.207,ci,ci3041603,2016-02-10T07:49:42.891Z,"14km S of Joshua Tree, California",earthquake,,0.25,,44,reviewed,ci,ci
1992-07-12T06:22:55.560Z,34.49,-116.46,0.226,2.56,mc,0,128.2,,0.123,ci,ci3041602,2016-02-10T22:04:18.406Z,"38km SW of Ludlow, California",earthquake,,0.787,,47,reviewed,ci,ci
1992-07-12T06:09:02.750Z,34.088,-116.43,2.183,2.52,mc,0,54.4,,0.28,ci,ci3041600,2016-02-09T20:59:03.334Z,"3km S of Yucca Valley, California",earthquake,,0.212,,46,reviewed,ci,ci
1992-07-12T05:51:27.800Z,34.868,-116.679,-1.068,3.04,ml,0,69.7,,0.162,ci,ci3041598,2016-02-10T18:24:08.174Z,"32km E of Barstow, California",earthquake,,1.076,,31,reviewed,ci,ci
1992-07-12T05:37:40.590Z,34.525,-116.552,-1.196,2.58,mc,0,116.6,0.1327,0.112,ci,ci3041844,2016-02-09T20:58:57.339Z,"39km ENE of Lucerne Valley, California",earthquake,,2.038,,47,reviewed,ci,ci
1992-07-12T05:35:13.440Z,34.551,-116.537,7.451,3.91,ml,0,54,,0.192,ci,ci3041594,2016-02-10T00:42:15.148Z,"39km WSW of Ludlow, California",earthquake,,1.196,,32,reviewed,ci,ci
1992-07-12T05:00:56.260Z,34.324,-116.458,1.202,2.66,mc,0,168.3,,0.163,ci,ci3041891,2016-02-10T18:24:05.470Z,"23km N of Yucca Valley, California",earthquake,,0.469,,68,reviewed,ci,ci
1992-07-12T04:59:14.450Z,34.634,-116.618,4.696,3.05,mc,0,59.9,,0.146,ci,ci3041582,2016-02-10T18:24:02.287Z,"38km ENE of Lucerne Valley, California",earthquake,,0.454,,10,reviewed,ci,ci
1992-07-12T04:41:09.950Z,34.564,-116.47,-0.317,2.98,mc,0,56,,0.165,ci,ci3109038,2016-02-10T22:04:14.526Z,"33km WSW of Ludlow, California",earthquake,,0.592,,80,reviewed,ci,ci
1992-07-12T03:50:49.460Z,34.226,-116.811,-1.225,2.56,mc,0,47.3,,0.227,ci,ci3041559,2016-02-10T11:24:11.593Z,"5km SE of Big Bear City, California",earthquake,,0.326,,61,reviewed,ci,ci
1992-07-12T03:15:57.760Z,34.456,-116.469,1.636,2.51,mc,0,59,,0.135,ci,ci3041553,2016-02-09T20:58:50.680Z,"38km N of Yucca Valley, California",earthquake,,0.471,,57,reviewed,ci,ci
1992-07-12T02:43:27.330Z,34.592,-116.569,2.64,2.63,mc,0,78.8,,0.22,ci,ci3041545,2016-02-10T22:04:09.645Z,"40km WSW of Ludlow, California",earthquake,,1.631,,54,reviewed,ci,ci
1992-07-12T02:17:59.800Z,34.096,-116.405,2.222,3.29,ml,0,31.2,,0.206,ci,ci3109034,2016-02-10T00:42:06.825Z,"3km SE of Yucca Valley, California",earthquake,,0.192,,10,reviewed,ci,ci
1992-07-12T02:04:50.970Z,34.159,-116.427,6.182,2.97,mc,0,45,,0.18,ci,ci3110889,2016-02-10T07:49:30.819Z,"5km N of Yucca Valley, California",earthquake,,3.856,,73,reviewed,ci,ci
1992-07-12T02:00:51.560Z,34.336,-116.47,0.553,2.56,mc,0,56.8,,0.196,ci,ci3041531,2016-02-10T11:24:06.497Z,"25km N of Yucca Valley, California",earthquake,,0.354,,51,reviewed,ci,ci
1992-07-12T01:28:08.450Z,34.072,-116.37,-1.007,2.69,mc,0,57.3,,0.189,ci,ci3110509,2016-02-10T18:23:59.820Z,"7km SE of Yucca Valley, California",earthquake,,0.419,,58,reviewed,ci,ci
1992-07-12T00:55:22.000Z,34.045,-117.133,4.868,2.56,mc,0,28.7,,0.36,ci,ci3041512,2016-02-10T14:50:43.510Z,"3km S of Mentone, California",earthquake,,0.521,,56,reviewed,ci,ci
1992-07-12T00:47:30.290Z,34.147,-116.862,1.31,2.53,mc,0,25.6,,0.19,ci,ci3041510,2016-02-10T04:18:00.359Z,"12km SSE of Big Bear Lake, California",earthquake,,0.21,,55,reviewed,ci,ci
1992-07-12T00:42:06.610Z,34.37,-116.435,1.153,2.84,mc,0,62.2,,0.165,ci,ci3110120,2016-02-10T14:50:40.776Z,"28km N of Yucca Valley, California",earthquake,,0.514,,76,reviewed,ci,ci
1992-07-12T00:13:23.770Z,34.345,-116.471,6.552,2.52,mc,0,60.4,0.04549,0.141,ci,ci3041506,2016-02-09T20:58:43.538Z,"26km N of Yucca Valley, California",earthquake,,3.554,,24,reviewed,ci,ci
1992-07-12T00:08:58.660Z,34.109,-116.914,6.836,3.18,ml,0,23.5,,0.156,ci,ci3110115,2016-02-10T14:50:39.378Z,"14km NE of Yucaipa, California",earthquake,,0.483,,7,reviewed,ci,ci
1992-07-12T00:07:28.690Z,34.627,-116.66,2.02,2.94,mc,0,57.4,,0.206,ci,ci3110114,2016-02-10T22:04:03.822Z,"35km NE of Lucerne Valley, California",earthquake,,0.209,,77,reviewed,ci,ci
1992-07-11T23:18:59.300Z,34.212,-116.832,2.064,2.82,mc,0,45.3,,0.175,ci,ci3110024,2016-02-10T14:50:37.513Z,"6km SSE of Big Bear City, California",earthquake,,0.236,,78,reviewed,ci,ci
1992-07-11T23:18:52.310Z,34.09,-116.411,10.297,2.84,mc,0,57.5,0.1542,0.154,ci,ci3110021,2016-02-10T18:23:52.396Z,"3km SE of Yucca Valley, California",earthquake,,2.683,,73,reviewed,ci,ci
1992-07-11T23:11:58.880Z,34.943,-116.776,0.363,2.79,mc,0,84.3,,0.14,ci,ci3041490,2016-02-10T07:49:21.918Z,"23km ENE of Barstow, California",earthquake,,1.399,,73,reviewed,ci,ci
1992-07-11T23:06:17.420Z,34.054,-116.373,0.455,2.67,mc,0,36.6,,0.249,ci,ci3041489,2016-02-10T14:50:36.079Z,"9km SE of Yucca Valley, California",earthquake,,0.333,,55,reviewed,ci,ci
1992-07-11T22:43:49.080Z,34.446,-116.494,1.456,2.51,mc,0,58,0.1893,0.145,ci,ci3041485,2016-02-10T04:17:56.498Z,"37km N of Yucca Valley, California",earthquake,,0.406,,35,reviewed,ci,ci
1992-07-11T21:41:28.120Z,34.076,-116.403,1.953,2.59,mc,0,34.6,,0.211,ci,ci3041452,2016-02-09T20:58:34.087Z,"5km SSE of Yucca Valley, California",earthquake,,0.304,,32,reviewed,ci,ci
1992-07-11T21:32:26.230Z,34.197,-116.79,1.016,3.28,ml,0,27.3,,0.158,ci,ci3109594,2016-02-10T00:41:39.460Z,"9km SE of Big Bear City, California",earthquake,,0.152,,8,reviewed,ci,ci
1992-07-11T21:25:00.370Z,34.132,-117.003,3.298,2.96,mc,0,23.6,,0.16,ci,ci3109541,2016-02-10T07:49:16.565Z,"12km NNE of Yucaipa, California",earthquake,,0.193,,88,reviewed,ci,ci
1992-07-11T21:22:07.270Z,35.109,-116.802,0.235,2.52,mc,0,99.1,,0.175,ci,ci3041446,2016-02-10T07:49:15.194Z,"20km SSW of Fort Irwin, California",earthquake,,1.817,,43,reviewed,ci,ci
1992-07-11T20:53:28.480Z,34.022,-116.339,3.092,2.83,mc,0,39.6,,0.19,ci,ci3109537,2016-02-10T00:41:36.795Z,"13km S of Joshua Tree, California",earthquake,,0.195,,62,reviewed,ci,ci
1992-07-11T20:40:14.290Z,34.455,-116.509,3.155,2.57,mc,0,67.6,,0.168,ci,ci3041432,2016-02-10T00:41:35.354Z,"38km NE of Big Bear City, California",earthquake,,0.464,,46,reviewed,ci,ci
1992-07-11T20:24:48.650Z,34.503,-116.511,5.616,2.9,ml,0,56.1,,0.184,ci,ci3109198,2016-02-10T14:50:22.940Z,"40km SW of Ludlow, California",earthquake,,2.475,,5,reviewed,ci,ci
1992-07-11T20:17:44.520Z,34.95,-116.93,-0.216,2.67,mc,0,61.6,,0.21,ci,ci3109196,2016-02-09T20:58:30.119Z,"10km NE of Barstow, California",earthquake,,1.381,,65,reviewed,ci,ci
1992-07-11T20:05:55.230Z,34.636,-116.574,7.364,2.54,mc,0,62.6,0.0201,0.2,ci,ci3041420,2016-02-09T20:58:28.790Z,"39km WSW of Ludlow, California",earthquake,,0.483,,37,reviewed,ci,ci
1992-07-11T19:45:22.500Z,34.19,-116.801,-0.16,3.06,ml,0,56.2,,0.13,ci,ci3041415,2016-02-10T04:17:46.689Z,"9km SSE of Big Bear City, California",earthquake,,0.462,,33,reviewed,ci,ci
1992-07-11T18:46:24.990Z,34.475,-116.517,4.906,2.82,mc,0,67.2,,0.104,ci,ci3041398,2016-02-09T20:58:21.825Z,"38km NE of Big Bear City, California",earthquake,,,,80,reviewed,ci,ci
1992-07-11T18:31:30.100Z,35.208,-118.06,11.524,2.65,mc,0,58,,0.058,ci,ci3041503,2016-02-10T18:23:47.467Z,"11km NW of California City, California",earthquake,,1.84,,56,reviewed,ci,ci
1992-07-11T18:31:24.160Z,34.437,-116.5,7.131,2.66,mc,0,157.8,,0.091,ci,ci3041392,2016-02-10T04:17:44.064Z,"36km N of Yucca Valley, California",earthquake,,21.813,,47,reviewed,ci,ci
1992-07-11T18:14:16.160Z,35.21,-118.067,9.564,5.67,ml,0,28.2,,0.178,ci,ci3041390,2022-04-28T18:40:59.420Z,"12km NW of California City, California",earthquake,,0.578,,15,reviewed,ci,ci
1992-07-11T18:10:02.880Z,34.03,-116.362,0.07,2.61,mc,0,46.7,,0.203,ci,ci3109536,2016-02-10T07:49:09.109Z,"11km SE of Yucca Valley, California",earthquake,,0.467,,55,reviewed,ci,ci
1992-07-11T18:07:07.310Z,34.472,-116.524,-1.094,3.43,ml,0,66.8,,0.084,ci,ci3041387,2016-02-10T07:49:07.143Z,"38km NE of Big Bear City, California",earthquake,,0.827,,30,reviewed,ci,ci
1992-07-11T18:01:45.140Z,34.637,-116.509,1.948,2.85,mc,0,67.1,,0.144,ci,ci3041384,2016-02-10T11:23:35.389Z,"33km WSW of Ludlow, California",earthquake,,1.027,,81,reviewed,ci,ci
1992-07-11T17:50:49.960Z,35.026,-116.798,-0.619,2.5,mc,0,87,,0.247,ci,ci3041378,2016-02-10T07:49:04.666Z,"25km NE of Barstow, California",earthquake,,1.693,,44,reviewed,ci,ci
1992-07-11T17:38:50.980Z,34.23,-116.813,-0.835,2.94,mc,0,27.3,,0.183,ci,ci3109443,2016-02-10T22:03:39.468Z,"4km SE of Big Bear City, California",earthquake,,0.279,,85,reviewed,ci,ci
1992-07-11T16:47:01.640Z,34.327,-116.456,1.862,2.84,mc,0,134.9,,0.086,ci,ci3041360,2016-02-10T07:49:00.699Z,"24km N of Yucca Valley, California",earthquake,,0.522,,83,reviewed,ci,ci
1992-07-11T15:21:10.090Z,35.281,-117.685,5.124,2.6,mc,0,40.1,,0.215,ci,ci3041329,2016-02-10T22:03:28.327Z,"11km SSW of Johannesburg, California",earthquake,,,,66,reviewed,ci,ci
1992-07-11T14:54:32.550Z,34.179,-116.96,10.355,2.99,ml,0,83.5,,0.135,ci,ci3041323,2016-02-10T22:03:26.995Z,"8km SSW of Big Bear Lake, California",earthquake,,1.107,,33,reviewed,ci,ci
1992-07-11T14:04:45.720Z,34.633,-116.513,4.883,2.54,mc,0,66.9,,0.136,ci,ci3041305,2016-02-10T07:48:40.443Z,"34km WSW of Ludlow, California",earthquake,,6.68,,51,reviewed,ci,ci
1992-07-11T13:08:19.120Z,35.563,-117.389,3.973,3.02,mc,0,152.2,,0.173,ci,ci3041290,2016-02-10T07:48:37.856Z,"22km S of Trona, California",earthquake,,0.407,,19,reviewed,ci,ci
1992-07-11T13:02:32.670Z,34.563,-116.554,7.811,2.5,mc,0,64.7,,0.191,ci,ci3041287,2016-02-10T07:48:33.736Z,"40km WSW of Ludlow, California",earthquake,,0.908,,60,reviewed,ci,ci
1992-07-11T11:45:14.050Z,34.865,-116.673,1.374,2.54,mc,0,76,,0.195,ci,ci3041269,2016-02-10T00:41:00.945Z,"32km E of Barstow, California",earthquake,,1.376,,40,reviewed,ci,ci
1992-07-11T11:27:19.620Z,34.615,-116.65,4.362,2.7,mc,0,47.6,,0.239,ci,ci3041265,2016-02-10T22:03:12.703Z,"35km ENE of Lucerne Valley, California",earthquake,,0.625,,78,reviewed,ci,ci
1992-07-11T11:21:03.290Z,34.781,-116.282,-1.053,3.21,mc,0,97.1,,0.329,ci,ci3109182,2016-02-10T22:03:11.256Z,"13km WNW of Ludlow, California",earthquake,,1.531,,88,reviewed,ci,ci
1992-07-11T11:20:45.250Z,34.418,-116.523,5.996,2.64,mc,0,65.5,,0.228,ci,ci3109181,2016-02-10T18:23:29.347Z,"34km ENE of Big Bear City, California",earthquake,,9.917,,60,reviewed,ci,ci
1992-07-11T11:19:44.770Z,34.006,-116.28,4.473,2.69,mc,0,38.7,,0.173,ci,ci3109180,2016-02-10T04:17:19.111Z,"15km SSE of Joshua Tree, California",earthquake,,21.211,,51,reviewed,ci,ci
1992-07-11T11:03:24.850Z,34.582,-116.591,2.04,2.65,mc,0,62,,0.251,ci,ci3041257,2016-02-10T11:23:14.435Z,"38km ENE of Lucerne Valley, California",earthquake,,0.576,,63,reviewed,ci,ci
1992-07-11T10:43:52.140Z,34,-116.277,4.215,2.55,mc,0,72.3,,0.122,ci,ci3041252,2016-02-10T18:23:25.634Z,"15km SSE of Joshua Tree, California",earthquake,,0.777,,25,reviewed,ci,ci
1992-07-11T09:38:43.010Z,34.541,-116.544,-1.137,2.56,mc,0,53.5,0.07786,0.232,ci,ci3041231,2016-02-10T00:40:52.095Z,"40km ENE of Lucerne Valley, California",earthquake,,0.635,,56,reviewed,ci,ci
1992-07-11T09:32:30.960Z,33.976,-116.993,4.529,2.62,mc,0,34.2,,0.206,ci,ci3109345,2016-02-10T07:48:20.907Z,"5km NNW of Beaumont, California",earthquake,,0.901,,69,reviewed,ci,ci
1992-07-11T08:35:17.900Z,34.586,-116.587,5.822,2.52,mc,0,62.3,,0.171,ci,ci3109217,2016-02-09T20:57:50.442Z,"38km ENE of Lucerne Valley, California",earthquake,,0.937,,62,reviewed,ci,ci
1992-07-11T07:57:43.510Z,34.242,-116.372,6.259,2.54,mc,0,66.2,,0.167,ci,ci3041198,2016-02-10T00:40:46.363Z,"13km NNW of Joshua Tree, California",earthquake,,1.68,,48,reviewed,ci,ci
1992-07-11T07:21:36.290Z,34.445,-116.499,0.754,3.8,ml,0,57.9,,0.139,ci,ci3109027,2016-02-10T18:23:08.742Z,"37km N of Yucca Valley, California",earthquake,,0.322,,8,reviewed,ci,ci
1992-07-11T07:18:14.710Z,34.447,-116.497,-0.155,2.76,mc,0,57.8,,0.177,ci,ci3041195,2016-02-10T14:49:43.841Z,"38km N of Yucca Valley, California",earthquake,,0.828,,70,reviewed,ci,ci
1992-07-11T06:45:13.810Z,33.977,-116.994,4.869,2.63,mc,0,34.1,,0.22,ci,ci3041183,2016-02-10T00:40:42.080Z,"6km NNW of Beaumont, California",earthquake,,0.755,,70,reviewed,ci,ci
1992-07-11T05:03:22.660Z,33.9,-116.284,6.816,2.61,mc,0,45.1,,0.16,ci,ci3041157,2016-02-10T22:02:58.279Z,"13km NE of Thousand Palms, California",earthquake,,0.473,,57,reviewed,ci,ci
1992-07-11T04:52:32.240Z,34.984,-116.944,-0.915,3,ml,0,62.2,,0.125,ci,ci3041154,2016-02-10T00:40:32.849Z,"12km NE of Barstow, California",earthquake,,1.209,,23,reviewed,ci,ci
1992-07-11T04:33:32.470Z,34.946,-116.788,2.426,2.67,mc,0,76.1,0.2077,0.128,ci,ci3041153,2016-02-10T14:49:37.506Z,"22km ENE of Barstow, California",earthquake,,1.112,,53,reviewed,ci,ci
1992-07-11T04:14:13.420Z,34.173,-116.432,3.682,3.07,mc,0,48.3,,0.163,ci,ci3041147,2016-02-10T14:49:33.475Z,"6km N of Yucca Valley, California",earthquake,,0.346,,89,reviewed,ci,ci
1992-07-11T03:43:50.680Z,34.999,-116.948,-0.079,2.87,mc,0,62.7,,0.19,ci,ci3041139,2016-02-10T14:49:29.485Z,"13km NNE of Barstow, California",earthquake,,0.945,,84,reviewed,ci,ci
1992-07-11T03:40:12.910Z,35.003,-116.968,5.468,2.51,mc,0,60.2,0.06684,0.263,ci,ci3041137,2016-02-10T22:02:56.939Z,"13km NNE of Barstow, California",earthquake,,1.332,,63,reviewed,ci,ci
1992-07-11T03:27:29.510Z,34.251,-116.383,3.126,2.6,mc,0,65.6,,0.171,ci,ci3041125,2016-02-10T11:23:00.048Z,"14km NNW of Joshua Tree, California",earthquake,,0.228,,55,reviewed,ci,ci
1992-07-11T02:59:09.360Z,34.638,-116.509,2.794,2.67,mc,0,56.5,,0.219,ci,ci3041118,2016-02-10T07:47:54.404Z,"33km WSW of Ludlow, California",earthquake,,0.903,,67,reviewed,ci,ci
1992-07-11T02:55:29.700Z,34.636,-116.515,3.588,2.54,mc,0,51.7,0.09052,0.175,ci,ci3041116,2016-02-10T18:22:53.966Z,"34km WSW of Ludlow, California",earthquake,,0.354,,28,reviewed,ci,ci
1992-07-11T02:45:53.710Z,34.614,-116.638,6.742,2.66,mc,0,65.3,,0.154,ci,ci3041114,2016-02-10T22:02:55.631Z,"36km ENE of Lucerne Valley, California",earthquake,,0.582,,68,reviewed,ci,ci
1992-07-11T02:32:19.050Z,34.17,-116.434,3.242,2.84,mc,0,47.4,,0.208,ci,ci3041112,2016-02-10T18:22:52.711Z,"6km N of Yucca Valley, California",earthquake,,0.565,,79,reviewed,ci,ci
1992-07-11T02:27:18.200Z,34.992,-116.945,6.831,2.85,ml,0,71.7,,0.163,ci,ci3041110,2016-02-09T20:57:33.316Z,"13km NE of Barstow, California",earthquake,,1.333,,26,reviewed,ci,ci
1992-07-11T01:50:24.980Z,35.69,-117.608,4.544,2.65,mc,0,116.2,0.116,0.175,ci,ci3041100,2016-02-09T20:57:31.379Z,"10km NE of Ridgecrest, California",earthquake,,0.244,,39,reviewed,ci,ci
1992-07-11T01:38:06.570Z,34.942,-116.926,-0.902,2.63,mc,0,61.6,,0.229,ci,ci3041095,2016-02-10T14:49:24.505Z,"10km ENE of Barstow, California",earthquake,,1.16,,71,reviewed,ci,ci
1992-07-11T01:14:37.250Z,34.02,-116.355,0.293,2.82,ml,0,86.2,,0.195,ci,ci3041083,2016-02-10T00:40:25.930Z,"13km SE of Yucca Valley, California",earthquake,,0.542,,27,reviewed,ci,ci
1992-07-11T01:12:18.620Z,34.942,-116.929,-0.912,2.64,mc,0,61.3,,0.214,ci,ci3100805,2016-02-10T04:16:48.644Z,"10km ENE of Barstow, California",earthquake,,1.228,,68,reviewed,ci,ci
1992-07-11T00:40:15.050Z,34.579,-116.596,-1.22,2.56,mc,0,61.7,,0.439,ci,ci3041072,2016-02-10T00:40:22.795Z,"37km ENE of Lucerne Valley, California",earthquake,,0.866,,61,reviewed,ci,ci
1992-07-11T00:14:07.100Z,34.333,-116.642,-1.252,3.02,mc,0,41.9,,0.163,ci,ci3041064,2016-02-10T14:49:19.474Z,"20km ENE of Big Bear City, California",earthquake,,0.289,,88,reviewed,ci,ci
1992-07-10T23:55:51.610Z,34.626,-116.547,1.667,3.29,ml,0,63.6,,0.178,ci,ci3041060,2016-02-10T22:02:46.161Z,"37km WSW of Ludlow, California",earthquake,,0.374,,32,reviewed,ci,ci
1992-07-10T23:45:48.440Z,34.334,-116.643,-1.506,2.66,mc,0,38.3,,0.136,ci,ci2106810,2016-02-10T00:40:21.444Z,"20km ENE of Big Bear City, California",earthquake,,0.486,,58,reviewed,ci,ci
1992-07-10T23:45:10.570Z,34.015,-116.346,0.118,2.64,mc,0,37.4,,0.203,ci,ci3041057,2016-02-10T04:16:40.429Z,"14km SE of Yucca Valley, California",earthquake,,0.4,,52,reviewed,ci,ci
1992-07-10T23:32:56.480Z,34.127,-116.85,1.842,2.85,mc,0,43.2,,0.187,ci,ci3100795,2016-02-10T07:47:46.060Z,"14km SSE of Big Bear Lake, California",earthquake,,0.172,,72,reviewed,ci,ci
1992-07-10T23:31:25.570Z,35.031,-116.803,1.195,2.54,mc,0,87.1,,0.21,ci,ci3100791,2016-02-10T07:47:44.607Z,"25km NE of Barstow, California",earthquake,,0.787,,51,reviewed,ci,ci
1992-07-10T23:29:42.850Z,34.124,-116.852,0.811,2.94,mc,0,25.9,,0.211,ci,ci3041040,2016-02-09T20:57:19.813Z,"14km SSE of Big Bear Lake, California",earthquake,,0.229,,81,reviewed,ci,ci
1992-07-10T23:23:45.600Z,34.942,-116.926,-1.029,2.64,mc,0,74.2,,0.149,ci,ci3040990,2016-02-10T00:40:20.108Z,"10km ENE of Barstow, California",earthquake,,2.562,,52,reviewed,ci,ci
1992-07-10T23:18:52.240Z,34.199,-116.857,1.675,2.74,mc,0,43.4,,0.145,ci,ci3100685,2016-02-10T07:47:43.277Z,"7km S of Big Bear City, California",earthquake,,0.283,,68,reviewed,ci,ci
1992-07-10T23:18:35.690Z,34.608,-116.338,-1.144,2.78,mc,0,79.9,,0.164,ci,ci3040946,2016-02-09T20:57:18.423Z,"21km SW of Ludlow, California",earthquake,,0.879,,63,reviewed,ci,ci
1992-07-10T23:09:20.850Z,34.416,-116.474,0.682,2.56,mc,0,69.8,,0.183,ci,ci3040865,2016-02-10T11:22:48.293Z,"34km N of Yucca Valley, California",earthquake,,0.438,,37,reviewed,ci,ci
1992-07-10T23:01:15.580Z,34.918,-116.839,3.016,2.51,mc,0,67.6,0.1725,0.169,ci,ci3040826,2016-02-10T14:49:16.795Z,"17km E of Barstow, California",earthquake,,0.539,,55,reviewed,ci,ci
1992-07-10T22:34:58.190Z,34.608,-116.337,-1.028,2.9,mc,0,82.7,,0.149,ci,ci3040820,2016-02-10T04:16:33.193Z,"20km SW of Ludlow, California",earthquake,,0.627,,71,reviewed,ci,ci
1992-07-10T22:06:22.730Z,34.126,-116.339,1.48,2.58,mc,0,113,0.1688,0.274,ci,ci2106788,2016-02-10T11:22:45.171Z,"3km WSW of Joshua Tree, California",earthquake,,9.138,,7,reviewed,ci,ci
1992-07-10T21:54:35.560Z,34.271,-116.411,0.119,2.87,mc,0,52.8,,0.179,ci,ci3040809,2016-02-10T18:22:33.674Z,"18km N of Yucca Valley, California",earthquake,,0.343,,74,reviewed,ci,ci
1992-07-10T21:49:00.000Z,34.305,-116.431,0.029,2.62,mc,0,46,,0.159,ci,ci3040807,2016-02-09T20:57:11.490Z,"21km N of Yucca Valley, California",earthquake,,0.456,,53,reviewed,ci,ci
1992-07-10T21:20:36.010Z,34.621,-116.609,-1.21,2.73,mc,0,48.8,0.02608,0.215,ci,ci3040796,2016-02-10T14:49:11.212Z,"38km ENE of Lucerne Valley, California",earthquake,,0.747,,56,reviewed,ci,ci
1992-07-10T21:20:13.780Z,35.149,-116.826,2.575,2.57,mc,0,97,0.1533,0.179,ci,ci3100522,2016-02-10T18:22:30.454Z,"18km SW of Fort Irwin, California",earthquake,,11.126,,35,reviewed,ci,ci
1992-07-10T21:10:28.800Z,34.239,-116.735,0.113,2.68,mc,0,40.7,,0.172,ci,ci3040793,2016-02-10T18:22:29.226Z,"10km ESE of Big Bear City, California",earthquake,,0.349,,68,reviewed,ci,ci
1992-07-10T21:10:18.300Z,34.118,-116.913,2.583,2.53,mc,0,53.2,,0.159,ci,ci3100575,2016-02-10T11:22:41.440Z,"14km S of Big Bear Lake, California",earthquake,,0.287,,59,reviewed,ci,ci
1992-07-10T20:16:40.570Z,34.258,-116.73,-1.563,2.54,mc,0,53.7,,0.174,ci,ci3040777,2016-02-10T04:16:25.658Z,"11km E of Big Bear City, California",earthquake,,0.669,,39,reviewed,ci,ci
1992-07-10T19:17:43.860Z,35.176,-116.816,-0.318,2.74,mc,0,103.3,0.1258,0.258,ci,ci3040761,2016-02-10T07:47:34.694Z,"15km SW of Fort Irwin, California",earthquake,,1.412,,56,reviewed,ci,ci
1992-07-10T19:06:27.990Z,34.65,-116.459,-0.384,3.2,ml,0,143.2,,0.22,ci,ci3041441,2016-02-10T11:22:35.182Z,"28km WSW of Ludlow, California",earthquake,,2.134,,30,reviewed,ci,ci
1992-07-10T19:06:21.340Z,34.632,-116.506,3.488,2.5,mh,0,67.4,,0.164,ci,ci3040757,2016-02-10T07:47:32.697Z,"33km WSW of Ludlow, California",earthquake,,0.39,,0,reviewed,ci,ci
1992-07-10T18:11:25.150Z,34.016,-116.369,0.192,2.72,mc,0,47.4,,0.184,ci,ci3040734,2016-02-10T07:47:25.100Z,"12km SSE of Yucca Valley, California",earthquake,,0.339,,49,reviewed,ci,ci
1992-07-10T17:43:31.850Z,34.871,-116.682,-1.187,3.08,ml,0,70.1,,0.152,ci,ci3040727,2016-02-10T14:48:56.960Z,"31km E of Barstow, California",earthquake,,0.999,,35,reviewed,ci,ci
1992-07-10T17:40:16.160Z,34.394,-116.459,0.469,2.68,mc,0,60.6,,0.125,ci,ci3040726,2016-02-10T14:48:55.600Z,"31km N of Yucca Valley, California",earthquake,,0.364,,53,reviewed,ci,ci
1992-07-10T17:33:22.700Z,34.948,-116.926,-1.134,2.51,mc,0,61.9,0.09553,0.19,ci,ci3040725,2016-02-09T20:56:57.670Z,"10km ENE of Barstow, California",earthquake,,1.155,,47,reviewed,ci,ci
1992-07-10T16:48:22.040Z,34.958,-116.934,2.203,3.64,ml,0,62,,0.143,ci,ci3040706,2016-02-10T11:22:32.428Z,"10km NE of Barstow, California",earthquake,,0.743,,31,reviewed,ci,ci
1992-07-10T16:43:37.470Z,34.585,-116.59,5.862,3.03,mc,0,79.3,,0.151,ci,ci3108936,2016-02-10T11:22:30.509Z,"38km ENE of Lucerne Valley, California",earthquake,,1.629,,51,reviewed,ci,ci
1992-07-10T16:30:56.290Z,34.496,-116.521,1.526,3.21,mc,0,67.1,,0.183,ci,ci3108931,2016-02-10T11:22:29.255Z,"40km NE of Big Bear City, California",earthquake,,0.806,,84,reviewed,ci,ci
1992-07-10T16:14:02.800Z,34.958,-116.79,1.173,3.53,ml,0,77.9,,0.151,ci,ci3040696,2016-02-10T14:48:53.036Z,"22km ENE of Barstow, California",earthquake,,1.393,,34,reviewed,ci,ci
1992-07-10T16:09:42.170Z,33.997,-116.302,2.287,2.55,mc,0,37.8,,0.185,ci,ci3109079,2016-02-10T18:22:14.177Z,"15km S of Joshua Tree, California",earthquake,,0.195,,48,reviewed,ci,ci
1992-07-10T16:01:37.480Z,34.469,-116.507,0.736,3.44,ml,0,68.1,,0.107,ci,ci3040693,2016-02-10T14:48:51.606Z,"39km NE of Big Bear City, California",earthquake,,0.379,,29,reviewed,ci,ci
1992-07-10T15:54:06.150Z,34.539,-116.551,-1.318,2.65,mc,0,53.3,,0.223,ci,ci3040691,2016-02-10T00:40:07.264Z,"40km ENE of Lucerne Valley, California",earthquake,,0.75,,57,reviewed,ci,ci
1992-07-10T15:48:40.570Z,34.63,-116.597,4.228,2.6,mc,0,76.9,,0.148,ci,ci3040690,2016-02-09T20:56:52.364Z,"40km ENE of Lucerne Valley, California",earthquake,,0.183,,64,reviewed,ci,ci
1992-07-10T15:46:14.440Z,34.383,-116.456,2.302,2.55,mc,0,60.9,,0.207,ci,ci3040689,2016-02-10T00:40:05.729Z,"30km N of Yucca Valley, California",earthquake,,0.5,,53,reviewed,ci,ci
1992-07-10T14:51:32.200Z,34.204,-116.807,1.186,3.2,ml,0,34.4,,0.15,ci,ci3040663,2016-02-10T11:22:17.296Z,"7km SSE of Big Bear City, California",earthquake,,0.185,,35,reviewed,ci,ci
1992-07-10T14:23:18.840Z,34.469,-116.502,-0.514,3.05,ml,0,57.3,,0.21,ci,ci3040658,2016-02-10T22:02:21.193Z,"39km NE of Big Bear City, California",earthquake,,0.532,,30,reviewed,ci,ci
1992-07-10T14:14:44.290Z,34.229,-116.85,-1.767,2.5,mc,0,54,,0.172,ci,ci3040655,2016-02-09T20:56:48.410Z,"4km S of Big Bear City, California",earthquake,,0.492,,49,reviewed,ci,ci
1992-07-10T13:27:36.820Z,33.969,-117.244,10.337,2.91,mc,0,52.9,,0.159,ci,ci3109056,2016-02-10T22:02:18.537Z,"5km NNW of Moreno Valley, California",earthquake,,0.34,,84,reviewed,ci,ci
1992-07-10T13:17:14.080Z,34.921,-116.835,2.681,2.83,mc,0,69.1,,0.182,ci,ci3040632,2016-02-10T00:39:50.430Z,"17km E of Barstow, California",earthquake,,0.73,,76,reviewed,ci,ci
1992-07-10T13:00:26.400Z,34.919,-116.832,1.961,2.94,ml,0,68.4,,0.18,ci,ci3040627,2016-02-10T11:22:12.219Z,"18km E of Barstow, California",earthquake,,1.347,,22,reviewed,ci,ci
1992-07-10T12:55:59.850Z,34.066,-116.366,1.242,3.14,ml,0,38.1,,0.188,ci,ci3108421,2016-02-09T20:56:42.624Z,"8km SE of Yucca Valley, California",earthquake,,0.301,,34,reviewed,ci,ci
1992-07-10T12:49:36.330Z,34.115,-116.412,-0.778,2.55,mc,0,47.1,,0.193,ci,ci3040624,2016-02-10T07:47:09.922Z,"2km E of Yucca Valley, California",earthquake,,0.485,,48,reviewed,ci,ci
1992-07-10T11:53:18.790Z,33.982,-116.997,3.839,2.84,ml,0,26.7,,0.192,ci,ci3040605,2016-02-09T20:56:36.419Z,"5km E of Calimesa, California",earthquake,,0.107,,25,reviewed,ci,ci
1992-07-10T11:36:01.130Z,34.233,-116.812,-0.864,2.67,mc,0,55.3,,0.149,ci,ci3108258,2016-02-10T04:16:05.630Z,"4km SE of Big Bear City, California",earthquake,,0.367,,77,reviewed,ci,ci
1992-07-10T10:58:11.450Z,34.096,-116.406,-0.901,2.51,mc,0,32.2,,0.181,ci,ci3040585,2016-02-10T04:16:02.973Z,"3km SE of Yucca Valley, California",earthquake,,0.501,,33,reviewed,ci,ci
1992-07-10T10:52:43.240Z,34.261,-116.724,-0.512,2.7,mc,0,48.9,,0.186,ci,ci3108245,2016-02-10T04:16:01.588Z,"11km E of Big Bear City, California",earthquake,,0.322,,70,reviewed,ci,ci
1992-07-10T10:51:11.130Z,34.617,-116.645,8.312,2.53,mc,0,58.3,,0.137,ci,ci3108242,2016-02-10T00:39:38.333Z,"35km ENE of Lucerne Valley, California",earthquake,,0.409,,71,reviewed,ci,ci
1992-07-10T10:12:49.550Z,34.554,-116.556,2.772,2.56,mc,0,64.6,,0.193,ci,ci3040572,2016-02-10T04:15:58.162Z,"40km ENE of Lucerne Valley, California",earthquake,,0.555,,55,reviewed,ci,ci
1992-07-10T09:45:46.840Z,34.443,-116.499,0.735,3.09,ml,0,57.9,,0.13,ci,ci3040563,2016-02-10T11:22:00.050Z,"37km N of Yucca Valley, California",earthquake,,0.421,,33,reviewed,ci,ci
1992-07-10T09:36:26.650Z,34.349,-116.461,-0.898,2.54,mc,0,61,,0.239,ci,ci3040559,2016-02-10T18:21:53.782Z,"26km N of Yucca Valley, California",earthquake,,0.621,,42,reviewed,ci,ci
1992-07-10T09:30:03.360Z,35.019,-116.965,3.791,2.54,mc,0,61.2,0.07781,0.197,ci,ci3040558,2016-02-10T22:02:13.122Z,"14km NNE of Barstow, California",earthquake,,0.367,,65,reviewed,ci,ci
1992-07-10T09:28:33.020Z,34.209,-116.442,-1.109,2.6,mc,0,65,,0.219,ci,ci3040557,2016-02-10T14:48:26.339Z,"11km N of Yucca Valley, California",earthquake,,0.741,,35,reviewed,ci,ci
1992-07-10T09:17:15.960Z,34.298,-116.473,-0.888,2.97,ml,0,83.6,,0.203,ci,ci3108235,2016-02-10T07:47:01.063Z,"21km N of Yucca Valley, California",earthquake,,0.831,,25,reviewed,ci,ci
1992-07-10T09:13:25.250Z,34.209,-116.856,2.136,2.85,mc,0,54.3,,0.149,ci,ci3108926,2016-02-10T07:46:59.629Z,"6km S of Big Bear City, California",earthquake,,0.238,,78,reviewed,ci,ci
1992-07-10T09:12:44.890Z,34.621,-116.659,5.302,2.56,mc,0,57.5,,0.156,ci,ci3108925,2016-02-10T00:39:34.436Z,"34km NE of Lucerne Valley, California",earthquake,,0.541,,66,reviewed,ci,ci
1992-07-10T09:04:56.300Z,34.83,-116.619,0.294,2.6,mc,0,63.8,0.1858,0.181,ci,ci3040551,2016-02-10T00:39:33.110Z,"38km ESE of Barstow, California",earthquake,,0.907,,58,reviewed,ci,ci
1992-07-10T08:59:47.850Z,34.237,-116.855,0.756,2.79,mc,0,21,,0.183,ci,ci3108923,2016-02-10T04:15:53.120Z,"3km SSW of Big Bear City, California",earthquake,,0.198,,86,reviewed,ci,ci
1992-07-10T08:38:06.320Z,34.598,-116.594,5.382,2.97,mc,0,61.7,,0.168,ci,ci3108913,2016-02-10T00:39:30.177Z,"38km ENE of Lucerne Valley, California",earthquake,,0.744,,84,reviewed,ci,ci
1992-07-10T08:26:38.170Z,34.445,-116.478,1.421,2.82,mc,0,70.1,,0.2,ci,ci3108910,2016-02-10T22:02:09.226Z,"37km N of Yucca Valley, California",earthquake,,0.363,,76,reviewed,ci,ci
1992-07-10T07:52:12.340Z,34.313,-116.458,4.262,3.3,ml,0,47.5,,0.233,ci,ci3040526,2016-02-10T18:21:52.008Z,"22km N of Yucca Valley, California",earthquake,,0.231,,32,reviewed,ci,ci
1992-07-10T07:09:56.580Z,34.103,-116.42,0.889,2.67,mc,0,30.9,,0.214,ci,ci3040513,2016-02-10T22:02:01.410Z,"2km SE of Yucca Valley, California",earthquake,,0.346,,66,reviewed,ci,ci
1992-07-10T06:19:09.780Z,34.106,-116.383,4.517,2.53,mc,0,65.9,,0.151,ci,ci3108736,2016-02-10T07:46:51.554Z,"5km ESE of Yucca Valley, California",earthquake,,0.117,,41,reviewed,ci,ci
1992-07-10T06:15:36.220Z,34.083,-117.498,2.224,2.61,mc,0,89,,0.204,ci,ci3108727,2016-02-10T14:48:19.382Z,"4km WSW of Fontana, California",earthquake,,0.179,,69,reviewed,ci,ci
1992-07-10T06:15:07.530Z,34.104,-116.42,2.669,2.7,mc,0,31.2,,0.176,ci,ci3108726,2016-02-10T04:15:41.099Z,"2km SE of Yucca Valley, California",earthquake,,0.282,,65,reviewed,ci,ci
1992-07-10T06:06:18.760Z,34.134,-116.899,3.001,2.9,mc,0,19,,0.2,ci,ci3040489,2016-02-10T14:48:18.051Z,"12km S of Big Bear Lake, California",earthquake,,0.153,,71,reviewed,ci,ci
1992-07-10T06:01:37.290Z,34.997,-116.96,4.155,3.42,ml,0,61.2,,0.204,ci,ci3040488,2016-02-09T20:56:19.285Z,"12km NNE of Barstow, California",earthquake,,0.331,,35,reviewed,ci,ci
1992-07-10T05:48:43.240Z,34.108,-116.401,2.476,3.34,ml,0,31.8,,0.238,ci,ci3040486,2016-02-10T04:15:39.728Z,"3km ESE of Yucca Valley, California",earthquake,,0.303,,35,reviewed,ci,ci
1992-07-10T05:38:28.330Z,34.151,-116.722,3.479,2.52,mc,0,24.8,,0.203,ci,ci3040483,2016-02-10T07:46:49.635Z,"17km SE of Big Bear City, California",earthquake,,0.261,,53,reviewed,ci,ci
1992-07-10T05:12:16.840Z,34.448,-116.512,-0.545,2.72,mc,0,57.1,,0.188,ci,ci3040476,2016-02-10T07:46:46.742Z,"37km NE of Big Bear City, California",earthquake,,0.554,,68,reviewed,ci,ci
1992-07-10T05:07:57.950Z,34.571,-116.55,1.542,2.57,mc,0,64.9,,0.196,ci,ci3040474,2016-02-10T14:48:14.151Z,"39km WSW of Ludlow, California",earthquake,,0.726,,62,reviewed,ci,ci
1992-07-10T04:57:07.660Z,34.077,-116.378,-0.468,3.38,ml,0,36.3,,0.185,ci,ci3108721,2016-02-10T22:01:49.496Z,"6km SE of Yucca Valley, California",earthquake,,0.403,,5,reviewed,ci,ci
1992-07-10T04:48:27.480Z,34.615,-116.583,7.122,2.58,mc,0,71.1,,0.184,ci,ci3040470,2016-02-10T14:48:10.935Z,"40km ENE of Lucerne Valley, California",earthquake,,0.489,,58,reviewed,ci,ci
1992-07-10T04:37:02.130Z,33.7928333,-118.2316667,4.552,2.5,mc,16,97,0.1234,0.22,ci,ci3040468,2016-04-02T02:24:26.479Z,"6km WSW of Signal Hill, CA",earthquake,0.69,31.61,,38,reviewed,ci,ci
1992-07-10T04:29:13.590Z,34.306,-116.473,0.252,2.52,mc,0,75.3,,0.162,ci,ci3040466,2016-02-10T18:21:40.494Z,"22km N of Yucca Valley, California",earthquake,,0.336,,44,reviewed,ci,ci
1992-07-10T04:26:57.390Z,34.624,-116.646,2.428,2.54,mc,0,58.2,,0.208,ci,ci3040465,2016-02-10T07:46:45.242Z,"36km NE of Lucerne Valley, California",earthquake,,0.207,,59,reviewed,ci,ci
1992-07-10T04:21:55.650Z,34.554,-116.512,6.763,2.61,mc,0,68,,0.221,ci,ci3040460,2016-02-10T07:46:43.834Z,"37km WSW of Ludlow, California",earthquake,,2.69,,57,reviewed,ci,ci
1992-07-10T03:40:15.350Z,34.326,-116.652,-0.04,3.04,ml,0,41.5,,0.194,ci,ci3040449,2016-02-10T14:48:05.737Z,"19km ENE of Big Bear City, California",earthquake,,0.291,,21,reviewed,ci,ci
1992-07-10T03:39:13.980Z,35.053,-117.013,-0.843,2.51,mc,0,160.1,,0.255,ci,ci3041149,2016-02-10T07:46:41.184Z,"17km N of Barstow, California",earthquake,,1.558,,10,reviewed,ci,ci
1992-07-10T03:13:29.630Z,34.707,-116.626,-0.97,2.65,mc,0,58.2,,0.233,ci,ci3040438,2016-02-10T11:21:43.277Z,"42km ESE of Barstow, California",earthquake,,1.202,,56,reviewed,ci,ci
1992-07-10T02:52:58.120Z,34.105,-116.39,-0.988,2.56,mc,0,36.6,,0.219,ci,ci3040432,2016-02-10T07:46:36.444Z,"4km ESE of Yucca Valley, California",earthquake,,0.617,,27,reviewed,ci,ci
1992-07-10T02:41:14.380Z,34.12,-116.394,2.266,4,ml,0,34.7,0.04784,0.175,ci,ci3108718,2016-02-10T07:46:34.582Z,"4km E of Yucca Valley, California",earthquake,,0.246,,9,reviewed,ci,ci
1992-07-10T02:30:23.580Z,34.228,-116.817,-1.564,3.52,ml,0,20.8,,0.188,ci,ci3108550,2016-02-10T14:48:04.099Z,"4km SE of Big Bear City, California",earthquake,,0.311,,10,reviewed,ci,ci
1992-07-10T02:24:24.510Z,34.294,-116.76,1.151,2.82,mc,0,50.2,,0.186,ci,ci3108528,2016-02-10T00:39:07.615Z,"9km ENE of Big Bear City, California",earthquake,,0.22,,80,reviewed,ci,ci
1992-07-10T02:22:17.160Z,34.591,-116.611,2.602,2.97,mc,0,60.7,,0.204,ci,ci3108520,2016-02-10T00:39:05.910Z,"37km ENE of Lucerne Valley, California",earthquake,,0.342,,79,reviewed,ci,ci
1992-07-10T02:12:36.370Z,34.642,-116.654,3.674,2.51,mc,0,56.8,,0.179,ci,ci3040419,2016-02-09T20:56:12.519Z,"36km NE of Lucerne Valley, California",earthquake,,0.217,,48,reviewed,ci,ci
1992-07-10T02:02:43.760Z,34.235,-116.837,-1.924,2.55,mc,0,41.5,0.113,0.182,ci,ci3040418,2016-02-10T04:15:28.858Z,"3km SSE of Big Bear City, California",earthquake,,0.589,,42,reviewed,ci,ci
1992-07-10T01:56:37.800Z,34.229,-116.82,-1.854,3.23,ml,0,20.7,,0.195,ci,ci3040417,2016-02-10T00:39:04.032Z,"4km SSE of Big Bear City, California",earthquake,,0.323,,35,reviewed,ci,ci
1992-07-10T01:50:30.780Z,34.577,-116.289,4.969,2.61,mc,0,89.2,,0.226,ci,ci3108508,2016-02-10T07:46:32.782Z,"20km SW of Ludlow, California",earthquake,,,,57,reviewed,ci,ci
1992-07-10T01:40:26.240Z,33.95,-116.393,2.069,2.62,mc,0,47.8,0.01559,0.242,ci,ci3040408,2016-02-10T00:39:02.548Z,"10km E of Desert Hot Springs, California",earthquake,,0.231,,25,reviewed,ci,ci
1992-07-10T01:32:02.410Z,34.331,-116.647,-1.704,2.99,ml,0,80.8,,0.259,ci,ci3040429,2016-02-10T07:46:31.404Z,"20km ENE of Big Bear City, California",earthquake,,0.934,,29,reviewed,ci,ci
1992-07-10T01:29:40.000Z,34.232,-116.846,-1.514,4.22,ml,0,20.6,,0.2,ci,ci3040406,2016-02-10T04:15:26.294Z,"3km S of Big Bear City, California",earthquake,,0.239,,26,reviewed,ci,ci
1992-07-10T01:15:32.180Z,33.9,-116.284,6.104,2.85,mc,0,76.9,,0.135,ci,ci3040780,2016-02-10T04:15:23.462Z,"13km NE of Thousand Palms, California",earthquake,,1.457,,15,reviewed,ci,ci
1992-07-10T01:14:54.160Z,34.101,-116.435,2.156,3.18,ml,0,30.7,,0.238,ci,ci3040401,2016-02-10T07:46:29.252Z,"2km S of Yucca Valley, California",earthquake,,0.266,,26,reviewed,ci,ci
1992-07-10T01:09:36.050Z,34.238,-116.812,-1.687,2.61,mc,0,45.9,,0.237,ci,ci3108415,2016-02-10T11:21:32.198Z,"4km SE of Big Bear City, California",earthquake,,0.552,,67,reviewed,ci,ci
1992-07-10T00:52:24.320Z,34.45,-116.451,-0.062,2.51,mc,0,127.1,0.1738,0.215,ci,ci3108375,2016-02-10T14:48:01.368Z,"37km NNW of Joshua Tree, California",earthquake,,0.635,,48,reviewed,ci,ci
1992-07-09T23:55:49.120Z,34.107,-116.968,2.423,2.75,mc,0,41.7,,0.139,ci,ci3040361,2016-02-10T04:15:08.016Z,"11km NE of Yucaipa, California",earthquake,,0.141,,78,reviewed,ci,ci
1992-07-09T23:54:03.360Z,35.026,-116.967,2.485,2.76,mc,0,61.2,,0.242,ci,ci3040360,2016-02-10T07:46:26.496Z,"15km NNE of Barstow, California",earthquake,,0.522,,66,reviewed,ci,ci
1992-07-09T23:49:05.230Z,34.918,-116.875,1.994,2.51,mc,0,64.4,,0.165,ci,ci3040357,2016-02-10T00:38:53.709Z,"14km E of Barstow, California",earthquake,,0.773,,45,reviewed,ci,ci
1992-07-09T23:29:10.020Z,34.42,-116.468,-0.538,2.78,ml,0,59.7,,0.234,ci,ci3040349,2016-02-10T14:47:53.456Z,"34km N of Yucca Valley, California",earthquake,,0.68,,22,reviewed,ci,ci
1992-07-09T23:28:52.900Z,34.639,-116.532,7.43,2.65,mc,0,92.2,,0.136,ci,ci3040462,2016-02-10T07:46:20.740Z,"35km WSW of Ludlow, California",earthquake,,2.154,,73,reviewed,ci,ci
1992-07-09T23:19:24.830Z,34.622,-116.544,2.363,2.6,mc,0,77.9,,0.19,ci,ci3040347,2016-02-10T11:21:25.845Z,"37km WSW of Ludlow, California",earthquake,,0.635,,65,reviewed,ci,ci
1992-07-09T22:45:45.430Z,34.091,-116.372,0.023,2.68,mc,0,35.5,,0.211,ci,ci3040329,2016-02-10T11:21:21.443Z,"6km ESE of Yucca Valley, California",earthquake,,0.391,,66,reviewed,ci,ci
1992-07-09T21:56:53.200Z,34.634,-116.525,3.714,2.65,mc,0,90.9,,0.149,ci,ci3040311,2016-02-10T18:21:21.261Z,"35km WSW of Ludlow, California",earthquake,,0.798,,46,reviewed,ci,ci
1992-07-09T21:55:43.830Z,34.109,-116.394,-0.839,2.78,mc,0,33.2,,0.228,ci,ci3040309,2016-02-10T22:01:26.385Z,"4km E of Yucca Valley, California",earthquake,,0.447,,53,reviewed,ci,ci
1992-07-09T21:45:39.870Z,34.111,-116.393,-0.993,2.53,mc,0,40,,0.184,ci,ci3040304,2016-02-10T07:46:14.168Z,"4km E of Yucca Valley, California",earthquake,,0.703,,36,reviewed,ci,ci
1992-07-09T21:43:56.730Z,34.853,-116.669,4.974,3.14,mc,0,77,0.2119,0.203,ci,ci3108318,2016-02-10T18:21:18.748Z,"33km E of Barstow, California",earthquake,,,,44,reviewed,ci,ci
1992-07-09T21:43:53.880Z,34.275,-116.726,0.001,3.06,mc,0,60.5,,0.182,ci,ci3108313,2016-02-10T14:47:49.512Z,"11km E of Big Bear City, California",earthquake,,0.274,,78,reviewed,ci,ci
1992-07-09T21:27:53.020Z,34.407,-116.513,4.642,2.92,mc,0,66,,0.184,ci,ci3108276,2016-02-09T20:56:01.213Z,"33km NNW of Yucca Valley, California",earthquake,,26.685,,78,reviewed,ci,ci
1992-07-09T21:19:27.160Z,34.117,-116.395,-0.839,2.78,ml,0,33.8,,0.181,ci,ci3108267,2016-02-10T18:21:17.543Z,"3km E of Yucca Valley, California",earthquake,,0.506,,21,reviewed,ci,ci
1992-07-09T21:14:03.390Z,34.116,-116.393,-0.339,3.01,mc,0,34.3,,0.171,ci,ci3106250,2016-02-10T11:21:19.117Z,"4km E of Yucca Valley, California",earthquake,,0.43,,73,reviewed,ci,ci
1992-07-09T21:00:42.830Z,33.895,-116.282,7.935,2.95,ml,0,58.6,0.08288,0.158,ci,ci3106007,2016-02-10T18:21:14.978Z,"13km NE of Thousand Palms, California",earthquake,,0.602,,4,reviewed,ci,ci
1992-07-09T21:00:23.350Z,34.116,-116.392,-0.499,2.81,mc,0,33.6,,0.163,ci,ci3106005,2016-02-10T18:21:13.724Z,"4km E of Yucca Valley, California",earthquake,,0.527,,70,reviewed,ci,ci
1992-07-09T20:35:46.890Z,34.147,-116.554,-0.176,2.96,ml,0,38.6,,0.225,ci,ci2102364,2016-02-10T18:21:12.380Z,"11km NNE of Morongo Valley, California",earthquake,,0.24,,25,reviewed,ci,ci
1992-07-09T20:20:36.680Z,34.356,-116.453,-0.898,2.98,ml,0,61.6,,0.248,ci,ci3040275,2016-02-10T18:21:09.681Z,"27km N of Yucca Valley, California",earthquake,,0.356,,29,reviewed,ci,ci
1992-07-09T20:12:38.020Z,34.363,-116.462,-0.888,2.95,ml,0,60.9,,0.23,ci,ci3095808,2016-02-10T07:46:07.435Z,"28km N of Yucca Valley, California",earthquake,,0.382,,22,reviewed,ci,ci
1992-07-09T19:46:25.650Z,34.147,-116.554,-0.072,2.5,mc,0,38.7,,0.241,ci,ci3095799,2016-02-09T20:55:54.283Z,"11km NNE of Morongo Valley, California",earthquake,,0.29,,36,reviewed,ci,ci
1992-07-09T19:40:23.830Z,33.654,-117.322,2.569,2.6,mc,0,94.4,,0.222,ci,ci3040260,2016-02-10T00:38:44.423Z,"2km SSE of Lake Elsinore, California",earthquake,,0.405,,49,reviewed,ci,ci
1992-07-09T19:16:12.330Z,34.981,-116.953,-1.016,2.78,ml,0,61,,0.27,ci,ci3040765,2016-02-10T22:01:10.138Z,"11km NE of Barstow, California",earthquake,,1.148,,13,reviewed,ci,ci
1992-07-09T19:15:47.400Z,35.226,-116.887,0.205,2.89,mc,0,86.8,,0.159,ci,ci3040251,2016-02-10T14:47:40.273Z,"19km WSW of Fort Irwin, California",earthquake,,0.968,,70,reviewed,ci,ci
1992-07-09T19:10:38.880Z,35.034,-116.969,-0.069,2.71,mc,0,61.1,,0.219,ci,ci3040248,2016-02-10T22:01:08.804Z,"16km NNE of Barstow, California",earthquake,,0.661,,67,reviewed,ci,ci
1992-07-09T18:59:41.290Z,34.544,-116.563,-1.147,2.7,mc,0,52.7,,0.201,ci,ci3040247,2016-02-09T20:55:49.952Z,"39km ENE of Lucerne Valley, California",earthquake,,0.443,,75,reviewed,ci,ci
1992-07-09T18:30:07.330Z,34.256,-116.448,0.152,2.6,mc,0,50.2,,0.206,ci,ci3093588,2016-02-09T20:55:47.201Z,"16km N of Yucca Valley, California",earthquake,,0.538,,62,reviewed,ci,ci
1992-07-09T18:12:57.720Z,34.232,-116.844,-1.294,2.63,mc,0,24.2,,0.186,ci,ci3040233,2016-02-10T11:21:14.541Z,"3km S of Big Bear City, California",earthquake,,0.414,,56,reviewed,ci,ci
1992-07-09T18:01:49.450Z,35.008,-116.969,3.561,2.59,mc,0,60.3,,0.157,ci,ci3093589,2016-02-10T14:47:37.767Z,"13km NNE of Barstow, California",earthquake,,0.328,,56,reviewed,ci,ci
1992-07-09T17:33:11.610Z,34.621,-116.661,4.552,2.82,mc,0,57.4,,0.183,ci,ci3093580,2016-02-10T11:21:13.327Z,"34km NE of Lucerne Valley, California",earthquake,,0.603,,79,reviewed,ci,ci
1992-07-09T17:08:59.650Z,34.152,-116.544,7.474,3.34,ml,0,41.9,,0.126,ci,ci3040203,2016-02-10T14:47:35.214Z,"11km WNW of Yucca Valley, California",earthquake,,1.047,,23,reviewed,ci,ci
1992-07-09T15:59:05.120Z,34.697,-116.644,9.372,3.1,ml,0,63.3,,0.104,ci,ci3040180,2016-02-10T22:00:56.682Z,"41km NE of Lucerne Valley, California",earthquake,,0.658,,29,reviewed,ci,ci
1992-07-09T15:40:23.550Z,34.415,-116.513,0.682,2.63,mc,0,57.6,,0.183,ci,ci3040175,2016-02-09T20:55:42.010Z,"34km NNW of Yucca Valley, California",earthquake,,0.434,,69,reviewed,ci,ci
1992-07-09T15:07:50.530Z,34.318,-116.46,1.242,2.61,mc,0,49.7,,0.21,ci,ci3040163,2016-02-10T14:47:29.326Z,"23km N of Yucca Valley, California",earthquake,,0.426,,60,reviewed,ci,ci
1992-07-09T14:53:13.830Z,34.271,-116.742,-1.649,2.62,mc,0,25.5,,0.186,ci,ci3040159,2016-02-10T18:20:45.769Z,"10km E of Big Bear City, California",earthquake,,0.365,,69,reviewed,ci,ci
1992-07-09T14:00:42.300Z,34.321,-116.457,6.242,2.96,mc,0,51.7,,0.175,ci,ci3040142,2016-02-10T00:38:32.615Z,"23km N of Yucca Valley, California",earthquake,,1.272,,82,reviewed,ci,ci
1992-07-09T12:44:31.390Z,35.206,-116.829,5.204,3.08,mh,0,220.2,0.9676,0.47,ci,ci3217146,2016-02-10T04:14:38.439Z,"14km WSW of Fort Irwin, California",earthquake,,,,6,reviewed,ci,ci
1992-07-09T12:39:13.120Z,35.231,-116.894,-0.767,3.3,ml,0,86.7,,0.18,ci,ci3093426,2016-02-10T18:20:37.610Z,"19km W of Fort Irwin, California",earthquake,,0.63,,32,reviewed,ci,ci
1992-07-09T12:38:24.300Z,35.222,-116.88,1.795,2.6,ml,0,77.9,,0.238,ci,ci3040110,2016-02-10T14:47:15.751Z,"18km WSW of Fort Irwin, California",earthquake,,0.873,,17,reviewed,ci,ci
1992-07-09T12:23:17.830Z,34.217,-116.809,-0.531,4.18,ml,0,58.5,,0.136,ci,ci3040107,2016-02-10T04:14:37.268Z,"6km SE of Big Bear City, California",earthquake,,0.396,,7,reviewed,ci,ci
1992-07-09T12:19:48.290Z,34.478,-116.528,0.591,2.54,mc,0,66.4,,0.212,ci,ci3040106,2016-02-09T20:55:27.460Z,"38km NE of Big Bear City, California",earthquake,,0.828,,20,reviewed,ci,ci
1992-07-09T12:15:56.600Z,34.225,-116.74,-0.557,3.41,ml,0,23.4,,0.187,ci,ci3040105,2016-02-09T20:55:26.204Z,"10km ESE of Big Bear City, California",earthquake,,0.246,,33,reviewed,ci,ci
1992-07-09T12:08:07.520Z,34.635,-116.664,6.982,2.97,ml,0,57.1,,0.173,ci,ci3040102,2016-02-09T20:55:23.407Z,"35km NE of Lucerne Valley, California",earthquake,,0.379,,22,reviewed,ci,ci
1992-07-09T10:31:50.780Z,34.229,-116.844,-1.384,2.7,mc,0,33.6,,0.16,ci,ci3040055,2016-02-10T07:45:49.392Z,"4km S of Big Bear City, California",earthquake,,0.322,,68,reviewed,ci,ci
1992-07-09T10:25:54.310Z,34.63,-116.6,3.598,2.78,ml,0,48.8,,0.21,ci,ci3040054,2016-02-10T00:38:16.541Z,"40km ENE of Lucerne Valley, California",earthquake,,0.134,,16,reviewed,ci,ci
1992-07-09T10:24:04.760Z,34.606,-116.609,3.382,2.89,mc,0,60.6,,0.2,ci,ci3040053,2016-02-09T20:55:16.507Z,"38km ENE of Lucerne Valley, California",earthquake,,0.375,,76,reviewed,ci,ci
1992-07-09T10:23:47.270Z,34.391,-116.475,2.166,2.67,mc,0,106.2,,0.201,ci,ci2100864,2016-02-09T20:55:15.187Z,"31km N of Yucca Valley, California",earthquake,,0.671,,79,reviewed,ci,ci
1992-07-09T10:13:18.480Z,34.295,-116.942,-1.786,2.73,mc,0,55,,0.175,ci,ci3092678,2016-02-09T20:55:13.713Z,"6km NNW of Big Bear Lake, California",earthquake,,0.449,,68,reviewed,ci,ci
1992-07-09T10:12:25.110Z,34.594,-116.628,2.112,2.91,ml,0,59.5,,0.215,ci,ci3040049,2016-02-10T00:38:13.896Z,"35km ENE of Lucerne Valley, California",earthquake,,0.381,,22,reviewed,ci,ci
1992-07-09T10:09:29.610Z,34.569,-116.321,13.173,2.64,mc,0,85.8,0.1983,0.32,ci,ci3108018,2016-02-10T18:20:29.715Z,"22km SW of Ludlow, California",earthquake,,1.135,,47,reviewed,ci,ci
1992-07-09T10:07:34.270Z,34.596,-116.625,2.772,2.82,ml,0,59.7,,0.207,ci,ci3092681,2016-02-10T04:14:23.777Z,"36km ENE of Lucerne Valley, California",earthquake,,0.451,,20,reviewed,ci,ci
1992-07-09T10:07:00.700Z,34.223,-116.852,-1.607,2.64,mc,0,19.7,,0.182,ci,ci3040047,2016-02-10T00:38:10.646Z,"4km S of Big Bear City, California",earthquake,,0.399,,76,reviewed,ci,ci
1992-07-09T09:49:16.230Z,34.595,-116.627,2.082,3.4,ml,0,59.7,,0.183,ci,ci3040040,2016-02-10T11:20:41.838Z,"36km ENE of Lucerne Valley, California",earthquake,,0.404,,30,reviewed,ci,ci
1992-07-09T09:10:02.750Z,34.224,-116.842,-1.037,2.55,mc,0,39.7,,0.188,ci,ci3040028,2016-02-10T22:00:32.845Z,"4km S of Big Bear City, California",earthquake,,0.323,,71,reviewed,ci,ci
1992-07-09T08:51:01.750Z,34.221,-116.843,0.426,2.76,mc,0,39.4,,0.368,ci,ci3040019,2016-02-10T00:38:06.736Z,"4km S of Big Bear City, California",earthquake,,0.189,,77,reviewed,ci,ci
1992-07-09T08:47:25.820Z,34.23,-116.845,-0.587,2.7,mc,0,54,,0.152,ci,ci3040016,2016-02-10T00:38:05.364Z,"4km S of Big Bear City, California",earthquake,,0.308,,79,reviewed,ci,ci
1992-07-09T08:39:21.770Z,34.915,-116.833,2.001,2.67,mc,0,67.9,,0.154,ci,ci3040013,2016-02-10T14:47:08.970Z,"17km E of Barstow, California",earthquake,,0.785,,63,reviewed,ci,ci
1992-07-09T08:31:46.030Z,34.224,-116.846,-0.994,2.83,ml,0,19.8,,0.201,ci,ci3040011,2016-02-10T14:47:07.151Z,"4km S of Big Bear City, California",earthquake,,0.212,,25,reviewed,ci,ci
1992-07-09T08:17:40.660Z,34.275,-116.737,-0.959,2.89,ml,0,33.9,,0.171,ci,ci3040006,2016-02-10T00:38:04.019Z,"10km E of Big Bear City, California",earthquake,,0.218,,27,reviewed,ci,ci
1992-07-09T08:14:54.430Z,34.025,-116.35,0.266,3.21,ml,0,37.7,,0.193,ci,ci3040330,2016-02-10T07:45:39.291Z,"12km SE of Yucca Valley, California",earthquake,,0.327,,24,reviewed,ci,ci
1992-07-09T08:09:19.840Z,34.233,-116.894,6.864,2.52,mc,0,65.6,,0.184,ci,ci3040003,2016-02-09T20:55:06.002Z,"2km SE of Big Bear Lake, California",earthquake,,0.862,,62,reviewed,ci,ci
1992-07-09T07:56:59.080Z,34.426,-116.497,0.102,2.91,mc,0,68,,0.203,ci,ci3040000,2016-02-10T18:20:24.267Z,"35km N of Yucca Valley, California",earthquake,,0.45,,80,reviewed,ci,ci
1992-07-09T07:50:31.230Z,34.021,-116.351,-0.094,2.96,ml,0,44.7,,0.176,ci,ci3039998,2016-02-10T00:38:01.342Z,"13km SE of Yucca Valley, California",earthquake,,0.363,,23,reviewed,ci,ci
1992-07-09T07:47:19.220Z,34.271,-116.726,-0.867,2.93,mc,0,37.7,,0.157,ci,ci3040256,2016-02-10T07:45:37.867Z,"11km E of Big Bear City, California",earthquake,,0.275,,88,reviewed,ci,ci
1992-07-09T07:41:45.980Z,34.286,-116.682,7.208,3.02,ml,0,53.9,,0.423,ci,ci3039994,2016-02-10T22:00:26.716Z,"15km E of Big Bear City, California",earthquake,,0.815,,28,reviewed,ci,ci
1992-07-09T06:58:51.900Z,34.539,-116.315,-1.162,2.59,mc,0,134.8,,0.204,ci,ci3039980,2016-02-10T14:47:00.538Z,"25km SW of Ludlow, California",earthquake,,1,,58,reviewed,ci,ci
1992-07-09T06:45:22.630Z,34.129,-116.399,-0.438,2.78,mc,0,37.5,,0.244,ci,ci3039974,2016-02-09T20:54:59.225Z,"4km ENE of Yucca Valley, California",earthquake,,0.28,,68,reviewed,ci,ci
1992-07-09T06:41:13.490Z,34.187,-116.812,6.273,2.91,mc,0,21.2,,0.155,ci,ci3040212,2016-02-10T00:37:54.409Z,"9km SSE of Big Bear City, California",earthquake,,1.281,,84,reviewed,ci,ci
1992-07-09T06:05:36.760Z,34.233,-116.827,-1.635,3,mh,0,35.1,,0.161,ci,ci3040184,2016-02-10T00:37:48.798Z,"4km SSE of Big Bear City, California",earthquake,,0.598,,0,reviewed,ci,ci
1992-07-09T06:03:28.970Z,34.233,-116.83,-1.404,3.86,ml,0,21.4,,0.173,ci,ci3039963,2016-02-10T14:46:59.199Z,"3km SSE of Big Bear City, California",earthquake,,0.259,,32,reviewed,ci,ci
1992-07-09T05:37:37.530Z,34.181,-116.868,7.573,3.32,mc,0,32.5,,0.149,ci,ci3209289,2016-02-10T00:37:46.179Z,"8km SSE of Big Bear Lake, California",earthquake,,0.5,,72,reviewed,ci,ci
1992-07-09T05:14:30.270Z,33.956,-116.36,6.315,2.7,mc,0,37.2,,0.156,ci,ci3209316,2016-02-10T11:20:19.335Z,"13km E of Desert Hot Springs, California",earthquake,,0.524,,61,reviewed,ci,ci
1992-07-09T05:05:15.620Z,34.232,-116.846,-0.375,3.09,mc,0,35.6,,0.178,ci,ci3209183,2016-02-10T07:45:20.505Z,"3km S of Big Bear City, California",earthquake,,0.498,,65,reviewed,ci,ci
1992-07-09T05:00:26.190Z,34.985,-116.951,3.051,2.55,mc,0,61.7,,0.199,ci,ci3196726,2016-02-10T18:20:16.715Z,"12km NE of Barstow, California",earthquake,,0.404,,7,reviewed,ci,ci
1992-07-09T04:56:19.900Z,34.186,-116.885,5.839,2.75,mc,0,37.2,,0.586,ci,ci3039942,2016-02-10T11:20:17.474Z,"7km SSE of Big Bear Lake, California",earthquake,,3.593,,76,reviewed,ci,ci
1992-07-09T04:10:53.150Z,34.095,-116.399,5.099,2.66,mc,0,32.3,,0.214,ci,ci3039927,2016-02-10T04:14:07.026Z,"4km SE of Yucca Valley, California",earthquake,,,,35,reviewed,ci,ci
1992-07-09T04:06:35.090Z,34.229,-116.838,-1.606,2.87,mc,0,57.6,,0.252,ci,ci3040339,2018-07-12T12:50:59.203Z,"4km S of Big Bear City, California",earthquake,,0.423,,82,reviewed,ci,ci
1992-07-09T04:03:13.990Z,34.231,-116.823,-1.534,3.67,ml,0,20.9,,0.176,ci,ci3118276,2016-02-10T18:20:13.002Z,"4km SSE of Big Bear City, California",earthquake,,0.32,,7,reviewed,ci,ci
1992-07-09T03:23:22.750Z,34.225,-116.843,-1.317,2.8,mc,0,26.7,,0.208,ci,ci3118277,2016-02-10T04:14:04.028Z,"4km S of Big Bear City, California",earthquake,,0.728,,69,reviewed,ci,ci
1992-07-09T03:23:18.330Z,34.318,-116.776,5.955,2.76,mc,0,57.8,,0.165,ci,ci3118270,2016-02-10T00:37:36.824Z,"9km NE of Big Bear City, California",earthquake,,1.666,,79,reviewed,ci,ci
1992-07-09T03:21:51.800Z,35.149,-116.754,1.165,2.8,mc,0,121.1,0.1582,0.137,ci,ci3110833,2016-02-09T20:54:47.292Z,"14km SSW of Fort Irwin, California",earthquake,,1.233,,36,reviewed,ci,ci
1992-07-09T03:21:40.550Z,35.166,-116.811,-0.045,2.84,mc,0,104.2,0.1355,0.197,ci,ci3039908,2016-02-10T11:20:03.384Z,"16km SW of Fort Irwin, California",earthquake,,0.765,,51,reviewed,ci,ci
1992-07-09T03:17:50.580Z,35.169,-116.811,0.765,2.65,mc,0,104.5,0.1325,0.192,ci,ci3039907,2016-02-10T07:45:12.588Z,"16km SW of Fort Irwin, California",earthquake,,0.662,,36,reviewed,ci,ci
1992-07-09T03:14:18.170Z,34.425,-116.482,0.952,3.12,ml,0,58.9,,0.175,ci,ci3039906,2016-02-10T18:20:10.143Z,"35km N of Yucca Valley, California",earthquake,,0.494,,27,reviewed,ci,ci
1992-07-09T03:06:28.530Z,34.697,-116.654,9.393,2.64,mc,0,84.8,0.05838,0.135,ci,ci3039904,2016-02-10T18:20:08.456Z,"40km NE of Lucerne Valley, California",earthquake,,0.764,,15,reviewed,ci,ci
1992-07-09T03:05:20.750Z,34.228,-116.831,-1.937,2.89,mc,0,51.1,,0.237,ci,ci3039902,2016-02-10T07:45:11.217Z,"4km SSE of Big Bear City, California",earthquake,,0.541,,35,reviewed,ci,ci
1992-07-09T03:01:30.120Z,34.297,-116.454,4.282,2.51,mc,0,60.5,0.06227,0.208,ci,ci3039900,2016-02-10T18:20:07.097Z,"20km N of Yucca Valley, California",earthquake,,0.26,,12,reviewed,ci,ci
1992-07-09T02:59:09.480Z,34.223,-116.853,-1.367,2.7,mc,0,39.4,,0.178,ci,ci3040314,2016-02-10T00:37:35.498Z,"4km S of Big Bear City, California",earthquake,,0.542,,34,reviewed,ci,ci
1992-07-09T02:56:54.290Z,34.227,-116.851,-1.666,3.87,ml,0,56.3,,0.222,ci,ci3040313,2016-02-10T18:20:05.729Z,"4km S of Big Bear City, California",earthquake,,1.035,,27,reviewed,ci,ci
1992-07-09T02:56:50.570Z,34.226,-116.847,-1.627,2.5,mh,0,20,,0.173,ci,ci3039899,2016-02-10T11:20:02.125Z,"4km S of Big Bear City, California",earthquake,,0.342,,0,reviewed,ci,ci
1992-07-09T02:53:44.580Z,34.236,-116.854,1.196,2.62,mc,0,56.7,,0.153,ci,ci3039896,2016-02-10T07:45:09.189Z,"3km SSW of Big Bear City, California",earthquake,,0.226,,50,reviewed,ci,ci
1992-07-09T02:53:36.070Z,34.225,-116.841,0.403,2.51,mc,0,56.8,,0.151,ci,ci3092522,2016-02-10T11:20:00.689Z,"4km S of Big Bear City, California",earthquake,,0.487,,42,reviewed,ci,ci
1992-07-09T02:43:38.740Z,34.23,-116.831,-1.524,3.38,ml,0,21,,0.195,ci,ci3039895,2016-02-09T20:54:45.922Z,"4km SSE of Big Bear City, California",earthquake,,0.333,,32,reviewed,ci,ci
1992-07-09T02:41:53.020Z,34.224,-116.845,-0.604,3.25,ml,0,39.8,,0.186,ci,ci3039894,2016-02-10T14:46:52.282Z,"4km S of Big Bear City, California",earthquake,,0.388,,20,reviewed,ci,ci
1992-07-09T02:40:53.090Z,34.228,-116.833,-0.947,2.65,ml,0,51.2,,0.159,ci,ci3039892,2016-02-10T07:45:07.833Z,"4km SSE of Big Bear City, California",earthquake,,0.613,,9,reviewed,ci,ci
1992-07-09T02:37:24.440Z,34.228,-116.845,-1.924,3.7,ml,0,20.2,,0.219,ci,ci3040288,2016-02-10T22:00:06.460Z,"4km S of Big Bear City, California",earthquake,,0.321,,29,reviewed,ci,ci
1992-07-09T02:34:36.420Z,34.1415,-116.4243333,-1.073,2.5,mh,19,110,0.1447,0.16,ci,ci3040289,2016-04-01T23:03:38.772Z,"3km NNE of Yucca Valley, CA",earthquake,0.53,31.61,,0,reviewed,ci,ci
1992-07-09T02:34:35.040Z,34.225,-116.844,-1.407,4.17,ml,0,20,,0.212,ci,ci3039891,2016-02-10T18:20:03.477Z,"4km S of Big Bear City, California",earthquake,,0.22,,25,reviewed,ci,ci
1992-07-09T02:27:43.250Z,34.645,-116.654,3.694,3.18,mc,0,43.1,,0.19,ci,ci3137237,2016-02-10T14:46:50.915Z,"36km NE of Lucerne Valley, California",earthquake,,0.19,,82,reviewed,ci,ci
1992-07-09T02:23:47.140Z,34.215,-116.822,-0.444,3.03,ml,0,20.7,,0.197,ci,ci3110828,2016-02-10T04:14:01.236Z,"6km SSE of Big Bear City, California",earthquake,,0.272,,29,reviewed,ci,ci
1992-07-09T02:02:45.200Z,34.233,-116.811,0.483,2.63,mc,0,102.3,,0.18,ci,ci3118260,2016-02-09T20:54:41.858Z,"4km SE of Big Bear City, California",earthquake,,0.903,,8,reviewed,ci,ci
1992-07-09T02:01:12.250Z,34.228,-116.836,-1.664,2.78,mc,0,40.4,,0.185,ci,ci3118254,2016-02-10T14:46:48.226Z,"4km SSE of Big Bear City, California",earthquake,,0.512,,73,reviewed,ci,ci
1992-07-09T02:01:08.270Z,34.129,-116.91,3.266,2.67,mc,0,179.3,,0.087,ci,ci3117836,2016-02-10T18:19:59.393Z,"13km S of Big Bear Lake, California",earthquake,,0.521,,71,reviewed,ci,ci
1992-07-09T01:55:05.080Z,34.566,-116.339,10.188,2.67,ml,0,84,,0.296,ci,ci3039884,2016-02-10T00:37:31.469Z,"24km SW of Ludlow, California",earthquake,,3.627,,11,reviewed,ci,ci
1992-07-09T01:43:57.610Z,34.239,-116.837,-1.934,4.87,ml,0,22.2,,0.218,ci,ci3039881,2022-04-28T18:40:55.140Z,"3km SSE of Big Bear City, California",earthquake,,0.285,,19,reviewed,ci,ci
1992-07-09T01:26:50.890Z,34.955,-116.925,-1.029,2.79,ml,0,62.6,0.09495,0.291,ci,ci3039875,2016-02-10T14:46:46.855Z,"11km NE of Barstow, California",earthquake,,1.041,,15,reviewed,ci,ci
1992-07-09T01:25:46.240Z,34.957,-116.933,-0.099,2.54,mc,0,77.7,,0.155,ci,ci3039874,2016-02-10T00:37:29.750Z,"10km NE of Barstow, California",earthquake,,2.119,,65,reviewed,ci,ci
1992-07-09T01:23:44.270Z,34.37,-116.457,1.772,2.87,ml,0,69.7,,0.187,ci,ci3039873,2016-02-09T20:54:38.862Z,"28km N of Yucca Valley, California",earthquake,,0.491,,8,reviewed,ci,ci
1992-07-09T01:19:53.640Z,34.294,-116.475,-0.888,2.92,mc,0,36.2,,0.212,ci,ci3117841,2016-02-09T20:54:36.650Z,"20km N of Yucca Valley, California",earthquake,,0.438,,78,reviewed,ci,ci
1992-07-09T00:51:39.390Z,34.159,-116.418,3.211,2.87,mc,0,45.6,,0.17,ci,ci3117826,2016-02-10T04:13:58.216Z,"5km NNE of Yucca Valley, California",earthquake,,0.382,,66,reviewed,ci,ci
1992-07-09T00:27:25.090Z,34.596,-116.614,6.784,2.86,mc,0,58.3,0.04849,0.218,ci,ci3039852,2016-02-09T20:54:32.691Z,"37km ENE of Lucerne Valley, California",earthquake,,0.624,,70,reviewed,ci,ci
1992-07-09T00:22:29.110Z,33.951,-116.359,6.615,2.74,mc,0,37.2,,0.177,ci,ci3039850,2016-02-10T00:37:25.203Z,"13km E of Desert Hot Springs, California",earthquake,,0.557,,60,reviewed,ci,ci
1992-07-09T00:20:46.400Z,34.714,-116.577,-0.63,2.85,ml,0,47.7,,0.179,ci,ci3039848,2016-02-10T07:44:56.074Z,"38km W of Ludlow, California",earthquake,,0.904,,19,reviewed,ci,ci
1992-07-08T23:58:22.600Z,34.234,-116.837,-1.924,3.29,ml,0,24,,0.194,ci,ci3039838,2016-02-10T21:59:55.729Z,"3km SSE of Big Bear City, California",earthquake,,0.371,,35,reviewed,ci,ci
1992-07-08T23:53:12.410Z,34.248,-116.714,-1.677,2.88,mc,0,31,,0.194,ci,ci3039837,2016-02-10T07:44:54.507Z,"12km E of Big Bear City, California",earthquake,,0.279,,84,reviewed,ci,ci
1992-07-08T23:43:21.590Z,34.253,-116.424,1.323,2.54,mc,0,61.2,,0.108,ci,ci3039817,2016-02-10T14:46:37.684Z,"16km N of Yucca Valley, California",earthquake,,0.467,,6,reviewed,ci,ci
1992-07-08T23:35:16.700Z,34.388,-116.467,-0.874,2.77,ml,0,69.5,,0.191,ci,ci3039814,2016-02-10T14:46:36.019Z,"31km N of Yucca Valley, California",earthquake,,0.591,,16,reviewed,ci,ci
1992-07-08T23:29:26.530Z,34.135,-116.431,1.771,2.67,mc,0,39,,0.246,ci,ci3039813,2016-02-10T14:46:34.458Z,"2km N of Yucca Valley, California",earthquake,,0.44,,34,reviewed,ci,ci
1992-07-08T23:23:21.200Z,34.236,-116.837,-1.564,2.71,ml,0,41,,0.182,ci,ci3039812,2016-02-10T21:59:54.332Z,"3km SSE of Big Bear City, California",earthquake,,0.267,,21,reviewed,ci,ci
1992-07-08T23:04:54.220Z,34.615,-116.65,3.234,2.62,mc,0,72.1,,0.131,ci,ci3039805,2016-02-10T00:37:23.901Z,"35km ENE of Lucerne Valley, California",earthquake,,0.219,,16,reviewed,ci,ci
1992-07-08T23:01:23.240Z,34.115,-116.378,0.264,2.87,ml,0,43.9,,0.175,ci,ci3040651,2016-02-10T11:19:53.913Z,"5km E of Yucca Valley, California",earthquake,,0.395,,22,reviewed,ci,ci
1992-07-08T23:00:25.220Z,33.183,-115.6,4.619,3.5,ml,0,57.2,0.07488,0.262,ci,ci3039804,2016-02-10T14:46:30.697Z,"10km SW of Niland, California",earthquake,,0.253,,15,reviewed,ci,ci
1992-07-08T22:52:48.580Z,35.164,-116.831,5.05,2.8,mc,0,149.4,0.2578,0.16,ci,ci3092527,2016-02-10T14:46:29.337Z,"17km SW of Fort Irwin, California",earthquake,,,,55,reviewed,ci,ci
1992-07-08T22:52:40.480Z,35.171,-116.812,1.075,2.63,mc,0,104.2,0.1306,0.16,ci,ci3092526,2016-02-10T00:37:21.360Z,"15km SW of Fort Irwin, California",earthquake,,0.82,,56,reviewed,ci,ci
1992-07-08T22:52:28.820Z,34.166,-116.445,-0.773,2.78,mc,0,96.7,0.1184,0.213,ci,ci3039801,2016-02-10T14:46:28.031Z,"6km NNW of Yucca Valley, California",earthquake,,1.525,,46,reviewed,ci,ci
1992-07-08T22:38:12.060Z,34.455,-116.49,2.254,2.77,mc,0,58,,0.22,ci,ci3039799,2016-02-10T00:37:18.777Z,"38km N of Yucca Valley, California",earthquake,,0.379,,60,reviewed,ci,ci
1992-07-08T22:35:03.850Z,34.131,-116.379,3.997,2.51,mc,0,74.3,,0.135,ci,ci3039795,2016-02-10T21:59:50.479Z,"5km ENE of Yucca Valley, California",earthquake,,8.01,,52,reviewed,ci,ci
1992-07-08T22:20:25.420Z,34.237,-116.838,-1.927,2.79,mc,0,41.1,,0.214,ci,ci3040631,2016-02-10T14:46:23.978Z,"3km SSE of Big Bear City, California",earthquake,,0.473,,66,reviewed,ci,ci
1992-07-08T22:19:26.080Z,35.175,-116.818,-0.775,2.82,ml,0,102.5,,0.233,ci,ci3039789,2016-02-10T04:13:54.913Z,"16km SW of Fort Irwin, California",earthquake,,0.831,,15,reviewed,ci,ci
1992-07-08T22:12:13.620Z,34.954,-116.92,-1.019,2.67,mc,0,63.1,,0.274,ci,ci3039785,2016-02-09T20:54:26.093Z,"11km ENE of Barstow, California",earthquake,,0.935,,74,reviewed,ci,ci
1992-07-08T22:05:15.160Z,35.054,-116.987,2.567,2.71,mc,0,61.9,0.09376,0.211,ci,ci3039782,2016-02-10T14:46:22.606Z,"18km N of Barstow, California",earthquake,,0.434,,59,reviewed,ci,ci
1992-07-08T21:58:41.990Z,34.591,-116.636,2.374,2.57,mc,0,59.1,,0.209,ci,ci3105134,2016-02-10T18:19:52.484Z,"34km ENE of Lucerne Valley, California",earthquake,,0.541,,52,reviewed,ci,ci
1992-07-08T21:25:15.340Z,35.167,-116.816,-0.785,3,ml,0,102.8,,0.228,ci,ci3039766,2016-02-10T00:37:12.275Z,"16km SW of Fort Irwin, California",earthquake,,0.994,,30,reviewed,ci,ci
1992-07-08T21:19:19.380Z,34.948,-116.779,0.275,2.57,mc,0,77.3,,0.162,ci,ci3039760,2016-02-10T21:59:46.681Z,"23km ENE of Barstow, California",earthquake,,1.712,,46,reviewed,ci,ci
1992-07-08T20:55:25.080Z,35.151,-116.774,5.233,2.72,mc,0,152.3,0.2824,0.191,ci,ci3092519,2016-02-10T04:13:49.603Z,"15km SSW of Fort Irwin, California",earthquake,,,,27,reviewed,ci,ci
1992-07-08T20:55:11.960Z,35.164,-116.813,-0.225,2.74,mc,0,103.2,0.1376,0.124,ci,ci3092521,2016-02-10T04:13:48.323Z,"16km SW of Fort Irwin, California",earthquake,,1.917,,35,reviewed,ci,ci
1992-07-08T20:55:11.510Z,34.116,-116.973,2.763,2.7,mc,0,44.8,,0.145,ci,ci3039729,2016-02-10T18:19:51.152Z,"11km NE of Yucaipa, California",earthquake,,0.181,,67,reviewed,ci,ci
1992-07-08T20:54:32.770Z,35.169,-116.81,1.185,2.92,mc,0,104.9,0.1325,0.149,ci,ci3092503,2016-02-10T21:59:40.388Z,"15km SW of Fort Irwin, California",earthquake,,1.416,,7,reviewed,ci,ci
1992-07-08T20:53:28.560Z,35.176,-116.819,-0.145,2.79,mc,0,114,0.126,0.156,ci,ci3092497,2016-02-10T00:37:10.875Z,"16km SW of Fort Irwin, California",earthquake,,2.68,,5,reviewed,ci,ci
1992-07-08T20:50:02.170Z,35.029,-116.966,2.051,2.67,mc,0,61.4,,0.303,ci,ci3039726,2016-02-10T04:13:47.097Z,"15km NNE of Barstow, California",earthquake,,0.308,,49,reviewed,ci,ci
1992-07-08T20:42:18.000Z,34.627,-116.646,8.993,2.82,mc,0,92.3,,0.147,ci,ci3092468,2016-02-10T18:19:49.681Z,"36km NE of Lucerne Valley, California",earthquake,,0.599,,6,reviewed,ci,ci
1992-07-08T20:41:47.650Z,34.386,-116.462,4.721,2.76,mc,0,99.3,,0.296,ci,ci3039720,2016-02-10T14:46:18.947Z,"30km N of Yucca Valley, California",earthquake,,,,68,reviewed,ci,ci
1992-07-08T20:23:27.100Z,34.264,-116.411,-0.91,2.82,mc,0,58.6,,0.273,ci,ci3092457,2016-02-10T07:44:43.778Z,"17km N of Yucca Valley, California",earthquake,,0.498,,68,reviewed,ci,ci
1992-07-08T19:47:18.530Z,34.074,-116.377,1.59,3.24,ml,0,43.1,,0.19,ci,ci3104892,2016-02-10T11:19:45.492Z,"7km SE of Yucca Valley, California",earthquake,,0.302,,31,reviewed,ci,ci
1992-07-08T19:40:09.650Z,34.615,-116.675,5.95,2.91,ml,0,56.6,,0.144,ci,ci3039694,2016-02-10T07:44:38.368Z,"33km NE of Lucerne Valley, California",earthquake,,1.058,,15,reviewed,ci,ci
1992-07-08T19:34:48.870Z,35.006,-116.962,3.981,3.14,ml,0,61.2,,0.192,ci,ci3039692,2016-02-10T18:19:44.468Z,"13km NNE of Barstow, California",earthquake,,0.572,,23,reviewed,ci,ci
1992-07-08T19:01:35.320Z,34.555,-116.564,3.892,2.93,mc,0,64,,0.181,ci,ci3039674,2016-02-09T20:54:14.606Z,"39km ENE of Lucerne Valley, California",earthquake,,0.457,,82,reviewed,ci,ci
1992-07-08T18:22:30.800Z,35.23,-116.894,1.383,2.64,mc,0,93.5,,0.089,ci,ci3039346,2016-02-10T21:59:28.626Z,"19km W of Fort Irwin, California",earthquake,,1.295,,45,reviewed,ci,ci
1992-07-08T18:19:12.790Z,34.293,-116.481,4.907,3.21,ml,0,60.5,,0.244,ci,ci3039300,2016-02-10T18:19:36.484Z,"20km NNW of Yucca Valley, California",earthquake,,,,26,reviewed,ci,ci
1992-07-08T17:59:51.950Z,34.259,-116.454,1.917,3.21,ml,0,61.8,,0.209,ci,ci3039208,2016-02-10T11:19:40.354Z,"16km N of Yucca Valley, California",earthquake,,2.072,,28,reviewed,ci,ci
1992-07-08T17:58:12.640Z,35.228,-116.881,0.415,2.51,mc,0,80.7,0.09597,0.101,ci,ci3207037,2016-02-10T18:19:34.966Z,"18km WSW of Fort Irwin, California",earthquake,,0.716,,52,reviewed,ci,ci
1992-07-08T17:56:10.800Z,34.599,-116.631,2.962,2.86,mc,0,75.9,,0.219,ci,ci3039040,2016-02-10T04:13:33.513Z,"35km ENE of Lucerne Valley, California",earthquake,,0.353,,82,reviewed,ci,ci
1992-07-08T17:47:13.730Z,33.489,-118.083,5.794,3.55,ml,0,102.8,,0.3,ci,ci3038989,2016-02-10T00:37:04.033Z,"20km SW of Newport Beach, California",earthquake,,,,33,reviewed,ci,ci
1992-07-08T17:36:53.410Z,34.107,-116.825,0.647,2.55,mc,0,29,,0.2,ci,ci3038888,2016-02-10T04:13:30.056Z,"17km SSE of Big Bear Lake, California",earthquake,,0.255,,53,reviewed,ci,ci
1992-07-08T17:33:37.300Z,34.614,-116.365,4.514,2.51,mc,0,108.6,,0.323,ci,ci3038847,2016-02-10T14:46:05.543Z,"22km WSW of Ludlow, California",earthquake,,8.259,,60,reviewed,ci,ci
1992-07-08T16:51:03.920Z,35.228,-116.889,-0.217,2.61,mc,0,94.9,0.1003,0.179,ci,ci3038465,2016-02-09T20:54:08.807Z,"19km WSW of Fort Irwin, California",earthquake,,1.38,,23,reviewed,ci,ci
1992-07-08T16:50:49.690Z,35.23,-116.889,1.686,2.62,mc,0,94.7,,0.234,ci,ci3039856,2016-02-09T20:54:07.543Z,"19km W of Fort Irwin, California",earthquake,,1.272,,23,reviewed,ci,ci
1992-07-08T16:49:14.380Z,35.233,-116.892,-0.757,3.64,ml,0,87.1,,0.241,ci,ci3038464,2016-02-10T00:37:01.936Z,"19km W of Fort Irwin, California",earthquake,,0.753,,30,reviewed,ci,ci
1992-07-08T16:46:09.480Z,34.798,-116.303,4.824,2.69,mc,0,147.7,0.2545,0.226,ci,ci3092450,2016-02-10T00:37:00.460Z,"16km WNW of Ludlow, California",earthquake,,,,61,reviewed,ci,ci
1992-07-08T16:34:39.280Z,34.087,-116.98,2.113,2.86,mc,0,55.2,,0.16,ci,ci3104759,2016-02-10T18:19:30.743Z,"8km NE of Yucaipa, California",earthquake,,0.146,,78,reviewed,ci,ci
1992-07-08T15:35:51.160Z,34.922,-116.926,-0.089,2.81,ml,0,63.4,,0.11,ci,ci3041068,2016-02-10T11:19:33.931Z,"9km ENE of Barstow, California",earthquake,,2.485,,20,reviewed,ci,ci
1992-07-08T15:34:08.560Z,34.347,-116.465,4.838,3.6,ml,0,135.3,,0.11,ci,ci3038445,2016-02-10T07:44:31.983Z,"26km N of Yucca Valley, California",earthquake,,,,23,reviewed,ci,ci
1992-07-08T15:19:19.430Z,34.924,-116.924,-0.869,2.99,ml,0,63.6,,0.131,ci,ci3038440,2016-02-10T07:44:30.617Z,"9km ENE of Barstow, California",earthquake,,2.091,,24,reviewed,ci,ci
1992-07-08T14:59:13.440Z,32.524,-115.28,22.457,2.55,mc,0,193.4,,0.28,ci,ci3038428,2016-02-10T04:13:24.864Z,"8km ESE of Puebla, B.C., MX",earthquake,,3.341,,19,reviewed,ci,ci
1992-07-08T14:45:14.470Z,34.173,-116.444,3.791,2.57,mc,0,95.9,,0.145,ci,ci3038426,2016-02-10T11:19:32.633Z,"7km N of Yucca Valley, California",earthquake,,1.583,,48,reviewed,ci,ci
1992-07-08T14:34:59.320Z,34.281,-116.447,1.868,2.57,mc,0,101.8,,0.181,ci,ci3104746,2016-02-10T07:44:28.175Z,"19km N of Yucca Valley, California",earthquake,,0.26,,60,reviewed,ci,ci
1992-07-08T13:37:40.300Z,34.486,-116.532,-1.358,2.5,mc,0,55.4,,0.207,ci,ci3038399,2016-02-10T21:59:16.005Z,"38km NE of Big Bear City, California",earthquake,,0.555,,47,reviewed,ci,ci
1992-07-08T13:19:08.590Z,34.173,-116.424,3.391,2.58,mc,0,48.8,,0.143,ci,ci3038389,2016-02-10T11:19:25.701Z,"7km N of Yucca Valley, California",earthquake,,0.404,,69,reviewed,ci,ci
1992-07-08T13:00:23.430Z,34.53,-116.533,-0.428,2.75,mc,0,54.3,,0.204,ci,ci3038379,2016-02-09T20:53:53.281Z,"40km WSW of Ludlow, California",earthquake,,0.913,,67,reviewed,ci,ci
1992-07-08T12:58:41.010Z,34.533,-116.541,2.294,2.83,mc,0,65.8,,0.156,ci,ci3038378,2016-02-10T21:59:11.364Z,"40km ENE of Lucerne Valley, California",earthquake,,1.517,,77,reviewed,ci,ci
1992-07-08T12:55:35.120Z,34.601,-116.63,2.974,2.69,mc,0,59.4,,0.198,ci,ci3104721,2016-02-10T14:45:49.548Z,"36km ENE of Lucerne Valley, California",earthquake,,0.325,,72,reviewed,ci,ci
1992-07-08T12:09:34.170Z,34.963,-116.931,-1.039,3.12,mc,0,62.4,,0.181,ci,ci3117466,2016-02-10T14:45:48.215Z,"11km NE of Barstow, California",earthquake,,1.624,,81,reviewed,ci,ci
1992-07-08T11:57:45.830Z,34.927,-116.748,0.641,2.76,mc,0,85.5,,0.17,ci,ci3038352,2016-02-10T11:19:21.914Z,"25km E of Barstow, California",earthquake,,0.745,,73,reviewed,ci,ci
1992-07-08T11:44:34.420Z,35.256,-116.948,3.933,2.51,mc,0,111.9,0.125,0.238,ci,ci3038348,2016-02-10T14:45:46.787Z,"24km W of Fort Irwin, California",earthquake,,1.979,,31,reviewed,ci,ci
1992-07-08T11:38:38.920Z,33.485,-118.079,5.794,3.7,ml,0,103.4,,0.377,ci,ci3038347,2016-02-10T07:44:22.635Z,"20km SW of Newport Beach, California",earthquake,,,,31,reviewed,ci,ci
1992-07-08T11:24:39.640Z,34.225,-116.87,1.619,2.7,mc,0,58,,0.172,ci,ci3117453,2016-02-10T11:19:20.592Z,"4km ESE of Big Bear Lake, California",earthquake,,0.223,,76,reviewed,ci,ci
1992-07-08T11:09:04.370Z,34.365,-116.489,4.497,2.6,mc,0,120.6,,0.259,ci,ci3038336,2016-02-10T00:36:40.210Z,"28km N of Yucca Valley, California",earthquake,,,,52,reviewed,ci,ci
1992-07-08T10:56:02.070Z,34.075,-116.382,2.479,2.82,mc,0,35.5,,0.194,ci,ci3117402,2016-02-09T20:53:42.341Z,"6km SE of Yucca Valley, California",earthquake,,0.293,,57,reviewed,ci,ci
1992-07-08T10:55:28.540Z,34.249,-116.431,-0.712,2.5,mc,0,59.7,,0.188,ci,ci3117401,2016-02-10T14:45:42.336Z,"15km N of Yucca Valley, California",earthquake,,0.574,,52,reviewed,ci,ci
1992-07-08T10:32:08.410Z,33.99,-116.947,3.605,2.75,mc,0,36.2,,0.183,ci,ci3117381,2016-02-10T14:45:37.193Z,"7km NNE of Beaumont, California",earthquake,,0.088,,73,reviewed,ci,ci
1992-07-08T10:26:51.650Z,35.079,-116.995,-0.853,2.59,mc,0,68.4,0.1143,0.251,ci,ci3038315,2016-02-10T00:36:37.622Z,"20km N of Barstow, California",earthquake,,0.692,,55,reviewed,ci,ci
1992-07-08T10:18:44.010Z,33.117,-115.615,10.1,2.55,mc,0,81.2,0.07159,0.277,ci,ci3038312,2016-02-09T20:53:34.977Z,"9km N of Westmorland, California",earthquake,,1.58,,26,reviewed,ci,ci
1992-07-08T09:49:42.150Z,34.179,-116.829,1.233,2.65,mc,0,26.2,,0.18,ci,ci3130570,2016-02-10T00:36:30.821Z,"9km S of Big Bear City, California",earthquake,,0.191,,73,reviewed,ci,ci
1992-07-08T08:05:38.730Z,34.604,-116.351,9.29,4.32,ml,0,60.2,,0.286,ci,ci3038252,2016-02-10T18:19:03.105Z,"22km SW of Ludlow, California",earthquake,,0.961,,31,reviewed,ci,ci
1992-07-08T07:58:28.200Z,34.149,-116.427,4.1,3.04,ml,0,42.6,,0.146,ci,ci3038251,2016-02-10T11:19:04.630Z,"4km N of Yucca Valley, California",earthquake,,9.757,,26,reviewed,ci,ci
1992-07-08T07:14:38.090Z,33.185,-115.594,3.97,2.56,ml,0,46.3,0.07202,0.247,ci,ci3039735,2016-02-10T00:36:18.880Z,"9km SW of Niland, California",earthquake,,0.265,,3,reviewed,ci,ci
1992-07-08T06:47:42.350Z,34.5,-116.52,0.334,2.94,mc,0,67.2,,0.193,ci,ci3104600,2016-02-10T11:18:59.477Z,"40km NE of Big Bear City, California",earthquake,,0.415,,70,reviewed,ci,ci
1992-07-08T06:47:21.260Z,34.011,-116.334,10.265,2.75,mc,0,107.4,0.08375,0.161,ci,ci3104599,2016-02-10T21:58:47.496Z,"14km S of Joshua Tree, California",earthquake,,1.019,,35,reviewed,ci,ci
1992-07-08T06:00:47.960Z,34.058,-116.365,2.179,2.77,mc,0,34.7,,0.258,ci,ci3038206,2016-02-10T07:43:56.947Z,"9km SE of Yucca Valley, California",earthquake,,0.233,,74,reviewed,ci,ci
1992-07-08T05:50:43.320Z,34.609,-116.643,3.414,2.54,mc,0,58.6,,0.187,ci,ci3038204,2016-02-10T14:45:15.432Z,"35km ENE of Lucerne Valley, California",earthquake,,0.252,,63,reviewed,ci,ci
1992-07-08T05:34:55.890Z,34.108,-116.968,2.143,2.66,mc,0,28.1,,0.207,ci,ci3038200,2016-02-10T11:18:51.341Z,"11km NE of Yucaipa, California",earthquake,,0.139,,75,reviewed,ci,ci
1992-07-08T04:39:19.340Z,34.104,-116.407,8.305,2.63,mc,0,34.3,,0.188,ci,ci3038180,2016-02-10T14:45:10.264Z,"3km ESE of Yucca Valley, California",earthquake,,1.151,,43,reviewed,ci,ci
1992-07-08T04:36:09.160Z,34.087,-116.969,1.823,2.71,mc,0,58.1,,0.091,ci,ci3104475,2016-02-10T21:58:38.173Z,"9km NE of Yucaipa, California",earthquake,,0.34,,19,reviewed,ci,ci
1992-07-08T04:33:38.760Z,34.022,-116.346,1.727,2.63,mc,0,58.2,0.03509,0.225,ci,ci3104185,2016-02-10T14:45:08.083Z,"13km SSW of Joshua Tree, California",earthquake,,0.278,,61,reviewed,ci,ci
1992-07-08T03:47:32.620Z,34.506,-116.53,-1.348,2.52,mc,0,66.5,,0.213,ci,ci3038167,2016-02-10T18:18:43.692Z,"40km NE of Big Bear City, California",earthquake,,0.891,,55,reviewed,ci,ci
1992-07-08T03:02:14.690Z,34.996,-116.953,3.921,2.72,mc,0,61.8,,0.248,ci,ci3038147,2016-02-10T11:18:36.777Z,"13km NNE of Barstow, California",earthquake,,0.481,,69,reviewed,ci,ci
1992-07-08T02:23:11.330Z,34.575,-116.336,4.9,4.91,ml,0,62.3,,0.325,ci,ci3038139,2016-02-10T11:18:32.547Z,"23km SW of Ludlow, California",earthquake,,,,20,reviewed,ci,ci
1992-07-08T02:14:32.350Z,34.502,-116.53,0.254,2.99,ml,0,66.4,,0.16,ci,ci3038137,2016-02-10T21:58:30.976Z,"39km NE of Big Bear City, California",earthquake,,0.447,,21,reviewed,ci,ci
1992-07-08T01:42:41.090Z,34.559,-116.317,-1.187,2.88,mc,0,124.1,,0.217,ci,ci3104346,2016-02-10T07:43:41.122Z,"23km SW of Ludlow, California",earthquake,,1.383,,73,reviewed,ci,ci
1992-07-08T01:21:52.160Z,34.348,-116.482,-1.374,2.74,mc,0,95.6,,0.202,ci,ci3104342,2016-02-10T14:44:57.960Z,"26km N of Yucca Valley, California",earthquake,,0.798,,65,reviewed,ci,ci
1992-07-08T00:43:14.000Z,34.975,-116.943,-1.029,2.5,mc,0,61.9,,0.237,ci,ci3092043,2016-02-10T14:44:49.502Z,"11km NE of Barstow, California",earthquake,,0.879,,47,reviewed,ci,ci
1992-07-08T00:26:55.670Z,34.597,-116.63,3.064,2.62,mc,0,59.4,,0.171,ci,ci3038102,2016-02-10T18:18:32.986Z,"35km ENE of Lucerne Valley, California",earthquake,,0.321,,60,reviewed,ci,ci
1992-07-08T00:23:13.970Z,34.318,-116.812,-1.367,2.66,mc,0,82,,0.135,ci,ci3038101,2016-02-09T20:52:54.575Z,"7km NNE of Big Bear City, California",earthquake,,0.518,,65,reviewed,ci,ci
1992-07-08T00:01:58.070Z,34.627,-116.634,7.014,2.55,mc,0,58.9,,0.132,ci,ci3038095,2016-02-10T04:12:35.945Z,"37km NE of Lucerne Valley, California",earthquake,,0.347,,37,reviewed,ci,ci
1992-07-07T23:29:10.230Z,34.315,-116.783,-1.006,2.65,mc,0,41.1,,0.226,ci,ci3038080,2016-02-10T14:44:44.453Z,"8km NE of Big Bear City, California",earthquake,,1.043,,61,reviewed,ci,ci
1992-07-07T23:05:17.560Z,34.42,-116.536,2.23,2.98,mc,0,63.7,,0.15,ci,ci3037718,2016-02-10T04:12:31.432Z,"33km ENE of Big Bear City, California",earthquake,,0.395,,76,reviewed,ci,ci
1992-07-07T22:40:27.840Z,34.602,-116.642,2.021,2.76,mc,0,121.8,,0.171,ci,ci3037290,2016-02-10T11:18:23.446Z,"35km ENE of Lucerne Valley, California",earthquake,,0.584,,60,reviewed,ci,ci
1992-07-07T22:28:38.280Z,34.281,-116.718,0.164,2.71,mc,0,116,,0.204,ci,ci3037287,2016-02-10T21:58:17.120Z,"12km E of Big Bear City, California",earthquake,,0.587,,43,reviewed,ci,ci
1992-07-07T22:21:45.470Z,34.274,-116.726,-1.209,3.08,ml,0,37.9,,0.139,ci,ci3037286,2016-02-10T04:12:26.234Z,"11km E of Big Bear City, California",earthquake,,0.326,,26,reviewed,ci,ci
1992-07-07T22:09:28.330Z,34.342,-116.468,1.386,4.42,ml,0,60.2,,0.193,ci,ci3037284,2016-02-09T20:52:49.349Z,"26km N of Yucca Valley, California",earthquake,,0.443,,23,reviewed,ci,ci
1992-07-07T21:59:34.270Z,33.954,-116.358,5.551,2.56,mc,0,37.6,,0.167,ci,ci3037277,2016-02-10T00:35:51.127Z,"13km E of Desert Hot Springs, California",earthquake,,0.53,,41,reviewed,ci,ci
1992-07-07T21:42:18.110Z,34.925,-116.898,3.071,2.62,mc,0,129.8,,0.143,ci,ci3104331,2016-02-10T04:12:22.407Z,"12km ENE of Barstow, California",earthquake,,0.752,,47,reviewed,ci,ci
1992-07-07T21:41:53.250Z,34.145,-116.405,2.09,2.68,mc,0,42.1,,0.169,ci,ci3104330,2016-02-10T21:58:13.354Z,"4km NE of Yucca Valley, California",earthquake,,0.365,,54,reviewed,ci,ci
1992-07-07T21:18:30.870Z,34.347,-116.457,1.756,2.95,mc,0,61.3,,0.147,ci,ci3104326,2016-02-10T21:58:10.655Z,"26km N of Yucca Valley, California",earthquake,,0.428,,73,reviewed,ci,ci
1992-07-07T21:01:10.840Z,33.953,-116.358,6.547,3.7,ml,0,37.8,,0.158,ci,ci3037254,2016-02-10T11:18:20.822Z,"13km E of Desert Hot Springs, California",earthquake,,0.283,,26,reviewed,ci,ci
1992-07-07T20:56:55.800Z,34.997,-116.963,6.02,2.8,mc,0,114.9,,0.184,ci,ci3104298,2016-02-10T00:35:49.097Z,"12km NNE of Barstow, California",earthquake,,1.159,,61,reviewed,ci,ci
1992-07-07T20:56:15.060Z,34.106,-116.405,3.655,2.7,mc,0,31.1,,0.178,ci,ci3104297,2016-02-10T04:12:21.109Z,"3km ESE of Yucca Valley, California",earthquake,,0.246,,65,reviewed,ci,ci
1992-07-07T20:25:03.200Z,34.609,-116.337,5.058,2.74,mc,0,82.8,,0.18,ci,ci3104291,2016-02-10T00:35:43.924Z,"20km SW of Ludlow, California",earthquake,,,,39,reviewed,ci,ci
1992-07-07T20:24:14.890Z,33.997,-116.323,1.105,2.67,mc,0,38.9,,0.194,ci,ci3104288,2016-02-10T14:44:29.213Z,"15km S of Joshua Tree, California",earthquake,,0.351,,53,reviewed,ci,ci
1992-07-07T20:22:47.670Z,34.012,-116.319,3.337,2.68,mc,0,41.7,,0.215,ci,ci3037239,2016-02-10T00:35:42.605Z,"14km S of Joshua Tree, California",earthquake,,0.196,,47,reviewed,ci,ci
1992-07-07T20:14:23.720Z,34.94,-116.922,-1.039,2.63,mc,0,61.8,0.1008,0.255,ci,ci3139561,2016-02-10T11:18:18.084Z,"10km ENE of Barstow, California",earthquake,,1.328,,43,reviewed,ci,ci
1992-07-07T20:10:16.420Z,34.018,-116.344,1.033,2.77,mc,0,106.3,,0.185,ci,ci3037233,2016-02-10T00:35:41.243Z,"13km SSW of Joshua Tree, California",earthquake,,0.357,,48,reviewed,ci,ci
1992-07-07T19:53:41.760Z,35.022,-116.964,-0.699,2.94,mc,0,61.4,,0.194,ci,ci3091976,2016-02-10T18:18:14.570Z,"15km NNE of Barstow, California",earthquake,,0.707,,79,reviewed,ci,ci
1992-07-07T19:53:02.800Z,34.598,-116.317,5.045,3.05,mc,0,85.3,,0.146,ci,ci3037226,2016-02-10T14:44:10.340Z,"20km SW of Ludlow, California",earthquake,,,,10,reviewed,ci,ci
1992-07-07T19:48:02.750Z,34.501,-116.509,7.849,2.52,mc,0,109.5,0.1714,0.177,ci,ci3037224,2016-02-10T21:58:05.453Z,"40km SW of Ludlow, California",earthquake,,4.393,,38,reviewed,ci,ci
1992-07-07T19:45:09.350Z,33.181,-115.595,4.314,2.72,ml,0,47,,0.256,ci,ci3037223,2016-02-10T14:44:08.500Z,"10km SW of Niland, California",earthquake,,0.33,,2,reviewed,ci,ci
1992-07-07T19:28:12.200Z,34.522,-116.542,3.854,2.62,mc,0,65.6,0.1393,0.189,ci,ci3037218,2016-02-10T14:44:07.175Z,"40km ENE of Lucerne Valley, California",earthquake,,0.749,,64,reviewed,ci,ci
1992-07-07T19:26:02.710Z,34.523,-116.521,4,2.95,ml,0,55.1,,0.218,ci,ci3038418,2016-02-10T14:44:05.800Z,"40km WSW of Ludlow, California",earthquake,,11.198,,18,reviewed,ci,ci
1992-07-07T19:24:57.010Z,34.879,-116.91,-1.01,3.3,ml,0,58.1,,0.223,ci,ci3037217,2016-02-10T07:43:15.302Z,"10km ESE of Barstow, California",earthquake,,0.698,,11,reviewed,ci,ci
1992-07-07T19:21:26.200Z,34.215,-116.869,0.483,2.58,mc,0,32.8,,0.17,ci,ci3037214,2016-02-10T07:43:13.985Z,"5km SE of Big Bear Lake, California",earthquake,,0.237,,57,reviewed,ci,ci
1992-07-07T18:49:39.680Z,34.607,-116.617,7.66,2.59,mc,0,107.1,,0.21,ci,ci3037206,2016-02-10T07:43:12.184Z,"37km ENE of Lucerne Valley, California",earthquake,,0.313,,55,reviewed,ci,ci
1992-07-07T18:08:02.700Z,34.155,-116.415,-0.908,2.86,mc,0,104.8,,0.179,ci,ci3037183,2016-02-10T14:44:01.528Z,"5km NNE of Yucca Valley, California",earthquake,,0.682,,63,reviewed,ci,ci
1992-07-07T18:04:52.080Z,34.408,-116.579,6.271,2.8,mc,0,111.5,,0.146,ci,ci3104285,2016-02-10T00:35:34.768Z,"29km NE of Big Bear City, California",earthquake,,4.697,,69,reviewed,ci,ci
1992-07-07T17:55:54.730Z,34.311,-116.47,-0.961,3.01,ml,0,76,,0.153,ci,ci3037180,2016-02-09T20:52:42.665Z,"22km N of Yucca Valley, California",earthquake,,0.726,,28,reviewed,ci,ci
1992-07-07T17:43:34.730Z,34.001,-116.353,2.187,2.9,mc,0,99.4,,0.183,ci,ci3104171,2016-02-09T20:52:41.236Z,"14km ENE of Desert Hot Springs, California",earthquake,,0.24,,61,reviewed,ci,ci
1992-07-07T17:13:57.630Z,34.237,-116.394,-0.944,3.25,ml,0,65.2,,0.16,ci,ci3037167,2016-02-09T20:52:38.393Z,"14km NNW of Joshua Tree, California",earthquake,,0.382,,29,reviewed,ci,ci
1992-07-07T16:50:20.990Z,34.159,-116.625,-0.669,2.63,mc,0,32,,0.193,ci,ci3037160,2016-02-10T21:57:57.478Z,"13km NNW of Morongo Valley, California",earthquake,,0.349,,48,reviewed,ci,ci
1992-07-07T16:47:35.930Z,34.431,-116.48,-0.334,3.18,ml,0,59.1,,0.123,ci,ci3037159,2016-02-10T11:18:14.299Z,"36km N of Yucca Valley, California",earthquake,,0.583,,30,reviewed,ci,ci
1992-07-07T16:44:10.890Z,34.462,-116.5,-0.616,2.56,mc,0,57.4,,0.175,ci,ci3037157,2016-02-10T11:18:12.830Z,"39km NE of Big Bear City, California",earthquake,,0.792,,54,reviewed,ci,ci
1992-07-07T16:38:39.290Z,34.167,-116.428,1.602,2.56,mc,0,70.4,,0.201,ci,ci3104173,2016-02-10T14:43:58.677Z,"6km N of Yucca Valley, California",earthquake,,0.462,,33,reviewed,ci,ci
1992-07-07T16:38:19.190Z,34.914,-116.885,-1.029,2.62,mc,0,63.2,,0.208,ci,ci3037155,2016-02-10T07:43:05.004Z,"13km E of Barstow, California",earthquake,,0.748,,64,reviewed,ci,ci
1992-07-07T16:17:54.760Z,34.247,-116.716,-0.347,3.1,ml,0,37.6,,0.126,ci,ci3037150,2016-02-10T21:57:53.266Z,"12km E of Big Bear City, California",earthquake,,0.354,,31,reviewed,ci,ci
1992-07-07T16:10:23.200Z,34.608,-116.629,8.582,2.53,mc,0,67.4,,0.088,ci,ci3037146,2016-02-10T00:35:26.487Z,"36km ENE of Lucerne Valley, California",earthquake,,0.633,,18,reviewed,ci,ci
1992-07-07T15:39:58.620Z,34.161,-116.426,-0.738,3.45,ml,0,45.6,,0.155,ci,ci3037136,2016-02-09T20:52:36.910Z,"5km N of Yucca Valley, California",earthquake,,0.353,,33,reviewed,ci,ci
1992-07-07T15:36:32.150Z,34.452,-116.503,-0.116,2.63,mc,0,57.4,,0.199,ci,ci3037133,2016-02-10T14:43:54.749Z,"38km NE of Big Bear City, California",earthquake,,0.463,,60,reviewed,ci,ci
1992-07-07T15:04:53.890Z,34.351,-116.471,0.576,2.78,mc,0,109.2,,0.191,ci,ci3037121,2016-02-10T18:17:58.146Z,"27km N of Yucca Valley, California",earthquake,,0.377,,75,reviewed,ci,ci
1992-07-07T14:57:54.240Z,34.133,-116.398,1.682,2.68,mc,0,38.7,,0.188,ci,ci3037117,2016-02-10T21:57:46.129Z,"4km ENE of Yucca Valley, California",earthquake,,0.245,,37,reviewed,ci,ci
1992-07-07T14:51:55.370Z,34.299,-116.472,-0.971,2.96,ml,0,46.6,,0.167,ci,ci3037114,2016-02-10T04:12:02.561Z,"21km N of Yucca Valley, California",earthquake,,0.405,,28,reviewed,ci,ci
1992-07-07T14:36:09.080Z,34.944,-116.921,-1.039,2.69,mc,0,63.6,,0.192,ci,ci3037103,2016-02-10T18:17:55.253Z,"11km ENE of Barstow, California",earthquake,,2.484,,73,reviewed,ci,ci
1992-07-07T14:07:58.930Z,34.591,-116.627,2.724,2.69,mc,0,59.6,0.05276,0.198,ci,ci3038286,2016-02-09T20:52:28.224Z,"35km ENE of Lucerne Valley, California",earthquake,,0.468,,69,reviewed,ci,ci
1992-07-07T14:07:02.970Z,34.422,-116.485,4.216,2.71,mc,0,58.9,,0.132,ci,ci3037093,2016-02-10T00:35:19.649Z,"35km N of Yucca Valley, California",earthquake,,8.66,,74,reviewed,ci,ci
1992-07-07T13:53:28.570Z,34.398,-116.464,-0.684,3.5,ml,0,60.4,,0.157,ci,ci3037091,2016-02-10T07:43:00.001Z,"32km N of Yucca Valley, California",earthquake,,0.366,,34,reviewed,ci,ci
1992-07-07T13:44:37.880Z,34.034,-116.349,1.083,2.94,ml,0,38.2,,0.18,ci,ci3037084,2016-02-10T11:18:06.585Z,"12km SSW of Joshua Tree, California",earthquake,,0.322,,22,reviewed,ci,ci
1992-07-07T13:43:11.690Z,34.237,-116.834,-1.387,2.8,mc,0,70,,0.219,ci,ci3037083,2016-02-10T07:42:57.290Z,"3km SSE of Big Bear City, California",earthquake,,0.333,,52,reviewed,ci,ci
1992-07-07T13:38:03.730Z,34.23,-116.833,-1.934,3.59,ml,0,34.1,,0.194,ci,ci3037082,2016-02-10T07:42:55.937Z,"4km SSE of Big Bear City, California",earthquake,,0.327,,34,reviewed,ci,ci
1992-07-07T13:31:19.040Z,35.039,-116.974,2.457,2.69,mc,0,109.3,,0.19,ci,ci3037079,2016-02-10T11:18:03.589Z,"16km NNE of Barstow, California",earthquake,,0.613,,66,reviewed,ci,ci
1992-07-07T13:13:22.260Z,34.178,-116.433,4.322,2.64,mc,0,82.7,,0.177,ci,ci3037072,2016-02-10T00:35:16.981Z,"7km N of Yucca Valley, California",earthquake,,0.79,,68,reviewed,ci,ci
1992-07-07T12:46:58.560Z,34.267,-116.414,2.096,2.77,ml,0,57.7,,0.146,ci,ci3037060,2016-02-10T07:42:52.009Z,"17km N of Yucca Valley, California",earthquake,,0.442,,24,reviewed,ci,ci
1992-07-07T12:46:34.550Z,34.266,-116.453,6.938,2.6,mc,0,72.8,,0.12,ci,ci3089270,2016-02-10T14:43:48.142Z,"17km N of Yucca Valley, California",earthquake,,2.25,,65,reviewed,ci,ci
1992-07-07T12:45:46.220Z,34.206,-116.849,-0.257,2.7,ml,0,54.6,,0.155,ci,ci3089269,2016-02-10T07:42:50.649Z,"6km S of Big Bear City, California",earthquake,,0.476,,13,reviewed,ci,ci
1992-07-07T12:38:39.720Z,34.961,-116.939,2.001,2.67,mc,0,61.5,,0.173,ci,ci3037059,2016-02-09T20:52:23.029Z,"10km NE of Barstow, California",earthquake,,0.93,,71,reviewed,ci,ci
1992-07-07T12:18:34.320Z,34.032,-116.356,0.313,2.88,mc,0,51.6,0.04665,0.123,ci,ci3037050,2016-02-10T18:17:47.976Z,"12km SE of Yucca Valley, California",earthquake,,0.56,,59,reviewed,ci,ci
1992-07-07T12:16:27.660Z,34.621,-116.344,1.342,2.75,mc,0,81.4,,0.122,ci,ci3037048,2016-02-10T21:57:40.977Z,"20km WSW of Ludlow, California",earthquake,,2.184,,37,reviewed,ci,ci
1992-07-07T12:11:26.080Z,34.059,-116.408,2.252,3.18,ml,0,31,,0.183,ci,ci3037046,2016-02-10T14:43:46.610Z,"6km SSE of Yucca Valley, California",earthquake,,0.235,,29,reviewed,ci,ci
1992-07-07T12:09:40.630Z,35.849,-117.801,5.004,2.51,mc,0,92.2,,0.154,ci,ci3037042,2016-02-10T21:57:39.650Z,"14km SE of Little Lake, California",earthquake,,0.872,,56,reviewed,ci,ci
1992-07-07T11:43:26.450Z,35.676,-117.587,2.504,3.55,ml,0,123.6,0.1082,0.168,ci,ci3037039,2016-02-09T20:52:17.930Z,"10km NE of Ridgecrest, California",earthquake,,0.282,,32,reviewed,ci,ci
1992-07-07T11:42:41.890Z,34.581,-116.533,4.54,3.15,ml,0,55.2,,0.257,ci,ci2081122,2016-02-10T11:17:57.944Z,"38km WSW of Ludlow, California",earthquake,,,,20,reviewed,ci,ci
1992-07-07T11:40:56.740Z,34.272,-116.409,7.379,2.74,mc,0,130.7,0.01801,0.115,ci,ci3089247,2016-02-10T07:42:46.371Z,"18km NNW of Joshua Tree, California",earthquake,,2.825,,60,reviewed,ci,ci
1992-07-07T11:40:54.880Z,34.407,-116.434,9.878,2.58,mc,0,126.3,0.1294,0.091,ci,ci3037038,2016-02-10T21:57:38.321Z,"32km NNW of Joshua Tree, California",earthquake,,3.541,,58,reviewed,ci,ci
1992-07-07T11:36:31.040Z,34.449,-116.472,1.416,2.87,ml,0,59.1,,0.141,ci,ci3037037,2016-02-10T18:17:41.352Z,"37km N of Yucca Valley, California",earthquake,,0.494,,27,reviewed,ci,ci
1992-07-07T11:23:59.180Z,34.235,-116.443,1.892,2.53,mc,0,70.5,0.02753,0.15,ci,ci3037033,2016-02-09T20:52:15.193Z,"14km N of Yucca Valley, California",earthquake,,0.803,,50,reviewed,ci,ci
1992-07-07T10:35:41.610Z,34.202,-116.418,3.336,2.55,mc,0,75.3,0.02363,0.106,ci,ci3037015,2016-02-10T00:35:08.891Z,"10km N of Yucca Valley, California",earthquake,,0.494,,45,reviewed,ci,ci
1992-07-07T10:26:27.460Z,35.073,-117.001,-0.843,2.78,mc,0,67.7,,0.203,ci,ci3037011,2016-02-10T18:17:35.897Z,"20km N of Barstow, California",earthquake,,0.618,,79,reviewed,ci,ci
1992-07-07T10:21:18.700Z,34.648,-116.667,3.724,2.57,mc,0,63.3,0.03538,0.148,ci,ci3037009,2016-02-10T00:35:04.487Z,"36km NE of Lucerne Valley, California",earthquake,,0.361,,65,reviewed,ci,ci
1992-07-07T09:55:06.100Z,34.079,-116.383,3.481,2.62,mc,0,56.1,,0.171,ci,ci3037143,2016-02-10T18:17:34.524Z,"6km SE of Yucca Valley, California",earthquake,,0.26,,65,reviewed,ci,ci
1992-07-07T09:53:50.100Z,34.921,-116.898,6.931,2.87,ml,0,68.8,,0.184,ci,ci3037162,2016-02-10T07:42:39.277Z,"12km ENE of Barstow, California",earthquake,,5.246,,8,reviewed,ci,ci
1992-07-07T09:39:51.170Z,34.58,-116.314,4.854,2.74,mc,0,71.8,,0.221,ci,ci3036995,2016-02-10T14:43:40.543Z,"21km SW of Ludlow, California",earthquake,,,,41,reviewed,ci,ci
1992-07-07T09:32:59.480Z,34.312,-116.926,5.984,2.83,mc,0,38.1,,0.171,ci,ci3036992,2016-02-10T00:35:01.527Z,"8km N of Big Bear Lake, California",earthquake,,0.564,,87,reviewed,ci,ci
1992-07-07T09:29:47.760Z,34.207,-116.771,-0.041,3.58,ml,0,42.3,,0.169,ci,ci3036991,2016-02-09T20:52:08.388Z,"9km SE of Big Bear City, California",earthquake,,0.213,,28,reviewed,ci,ci
1992-07-07T09:25:34.700Z,34.243,-116.392,-0.944,2.91,ml,0,65.3,,0.154,ci,ci3037200,2016-02-10T21:57:33.373Z,"14km NNW of Joshua Tree, California",earthquake,,0.463,,19,reviewed,ci,ci
1992-07-07T09:24:22.590Z,34.43,-116.484,1.862,2.77,ml,0,58.9,,0.189,ci,ci3036990,2016-02-10T04:11:47.665Z,"35km N of Yucca Valley, California",earthquake,,0.381,,18,reviewed,ci,ci
1992-07-07T08:56:59.260Z,34.618,-116.342,1.687,2.71,mc,0,72.5,,0.355,ci,ci3036980,2016-02-10T18:17:31.080Z,"20km SW of Ludlow, California",earthquake,,0.746,,75,reviewed,ci,ci
1992-07-07T08:43:42.150Z,34.577,-116.298,4.854,2.68,mc,0,88.3,,0.262,ci,ci3036974,2016-02-10T14:43:36.426Z,"20km SW of Ludlow, California",earthquake,,,,20,reviewed,ci,ci
1992-07-07T08:42:03.630Z,34.651,-116.513,3.502,2.64,mc,0,58.7,0.0921,0.19,ci,ci3036973,2016-02-10T07:42:33.160Z,"33km WSW of Ludlow, California",earthquake,,0.809,,20,reviewed,ci,ci
1992-07-07T08:38:03.210Z,34.211,-116.766,0.029,3.48,ml,0,35.5,,0.148,ci,ci3036972,2016-02-10T04:11:44.522Z,"9km SE of Big Bear City, California",earthquake,,0.23,,35,reviewed,ci,ci
1992-07-07T08:21:03.140Z,34.069,-116.382,2.182,4.14,ml,0,35.4,,0.218,ci,ci3036970,2016-02-10T07:42:31.968Z,"7km SE of Yucca Valley, California",earthquake,,0.183,,21,reviewed,ci,ci
1992-07-07T08:13:07.520Z,34.425,-116.536,2.032,2.68,mc,0,64.6,,0.111,ci,ci2081094,2016-02-09T20:52:05.046Z,"34km ENE of Big Bear City, California",earthquake,,1.138,,52,reviewed,ci,ci
1992-07-07T08:06:52.730Z,34.272,-116.737,-1.669,2.66,mc,0,63,,0.134,ci,ci3089219,2016-02-10T00:34:55.982Z,"10km E of Big Bear City, California",earthquake,,0.541,,76,reviewed,ci,ci
1992-07-07T07:37:47.330Z,34.148,-116.726,1.286,2.63,mc,0,35.1,,0.211,ci,ci3036951,2016-02-10T21:57:26.541Z,"17km SE of Big Bear City, California",earthquake,,0.156,,67,reviewed,ci,ci
1992-07-07T07:30:05.010Z,34.507,-116.532,-0.239,2.71,mc,0,118.6,,0.153,ci,ci3036949,2016-02-09T20:52:01.143Z,"40km NE of Big Bear City, California",earthquake,,0.775,,73,reviewed,ci,ci
1992-07-07T07:26:57.440Z,34.502,-116.52,3.436,2.93,mc,0,65.4,,0.236,ci,ci3036948,2016-02-10T14:43:32.368Z,"40km NE of Big Bear City, California",earthquake,,0.782,,84,reviewed,ci,ci
1992-07-07T07:18:52.660Z,34.589,-116.293,4.962,3.01,ml,0,138.3,,0.251,ci,ci3089206,2016-02-10T00:34:53.461Z,"19km SW of Ludlow, California",earthquake,,,,23,reviewed,ci,ci
1992-07-07T06:58:03.270Z,34.985,-116.943,-1.029,3.13,ml,0,62.4,,0.235,ci,ci3089200,2016-02-10T14:43:30.929Z,"12km NE of Barstow, California",earthquake,,0.815,,25,reviewed,ci,ci
1992-07-07T06:32:58.100Z,34.268,-116.406,-0.025,2.92,ml,0,57.3,,0.17,ci,ci3036936,2016-02-09T20:51:58.521Z,"17km NNW of Joshua Tree, California",earthquake,,0.415,,25,reviewed,ci,ci
1992-07-07T05:59:59.760Z,34.588,-116.598,5.868,3.45,ml,0,50.7,,0.219,ci,ci3036923,2016-02-10T04:11:31.350Z,"38km ENE of Lucerne Valley, California",earthquake,,0.764,,31,reviewed,ci,ci
1992-07-07T05:46:38.880Z,34.632,-116.708,-1.111,2.61,mc,0,66.4,,0.229,ci,ci3036919,2016-02-10T11:17:40.092Z,"32km NE of Lucerne Valley, California",earthquake,,1.373,,61,reviewed,ci,ci
1992-07-07T05:38:52.760Z,34.156,-116.414,-1.018,2.56,mc,0,95.3,,0.175,ci,ci3036917,2016-02-09T20:51:56.630Z,"5km NNE of Yucca Valley, California",earthquake,,1.147,,26,reviewed,ci,ci
1992-07-07T05:36:42.430Z,34.614,-116.337,-1.136,2.72,mc,0,72.5,,0.16,ci,ci3036916,2016-02-09T20:51:55.287Z,"20km SW of Ludlow, California",earthquake,,2.147,,74,reviewed,ci,ci
1992-07-07T05:33:41.480Z,34.635,-116.509,2.568,3.49,ml,0,58.9,,0.226,ci,ci3036915,2016-02-09T20:51:53.955Z,"33km WSW of Ludlow, California",earthquake,,0.506,,32,reviewed,ci,ci
1992-07-07T05:28:59.130Z,34.199,-116.781,0.719,2.56,mc,0,89.1,,0.147,ci,ci3036914,2016-02-10T21:57:22.509Z,"9km SE of Big Bear City, California",earthquake,,0.429,,65,reviewed,ci,ci
1992-07-07T05:00:00.850Z,34.2,-116.861,1.64,2.52,mc,0,53.3,,0.147,ci,ci3036902,2016-02-10T18:17:25.581Z,"7km SE of Big Bear Lake, California",earthquake,,0.285,,41,reviewed,ci,ci
1992-07-07T04:48:52.600Z,34.246,-116.715,0.013,3.89,ml,0,37.7,,0.188,ci,ci3036901,2016-02-10T00:34:45.930Z,"12km E of Big Bear City, California",earthquake,,0.203,,32,reviewed,ci,ci
1992-07-07T04:35:34.750Z,34.637,-116.353,5.027,2.58,mc,0,131.5,0.2239,0.224,ci,ci3036892,2016-02-10T04:11:26.153Z,"20km WSW of Ludlow, California",earthquake,,,,17,reviewed,ci,ci
1992-07-07T04:32:29.830Z,34.201,-116.864,1.776,2.78,mc,0,70.5,,0.146,ci,ci3036891,2016-02-10T04:11:24.888Z,"6km SE of Big Bear Lake, California",earthquake,,0.304,,81,reviewed,ci,ci
1992-07-07T04:27:13.260Z,34.585,-116.288,4.848,2.52,mc,0,89.1,,0.24,ci,ci3100433,2016-02-10T07:42:18.483Z,"19km SW of Ludlow, California",earthquake,,,,33,reviewed,ci,ci
1992-07-07T03:51:32.280Z,34.622,-116.337,-1.061,2.66,mc,0,73.3,,0.26,ci,ci3036878,2016-02-10T00:34:41.781Z,"20km SW of Ludlow, California",earthquake,,0.442,,44,reviewed,ci,ci
1992-07-07T03:47:22.010Z,34.56,-116.448,0.424,2.58,mc,0,73.4,,0.145,ci,ci3036877,2016-02-10T14:43:20.412Z,"32km SW of Ludlow, California",earthquake,,0.954,,65,reviewed,ci,ci
1992-07-07T03:44:40.070Z,34.947,-116.926,-1.029,2.84,mc,0,61.8,,0.251,ci,ci3036876,2016-02-09T20:51:48.586Z,"10km ENE of Barstow, California",earthquake,,1.057,,78,reviewed,ci,ci
1992-07-07T03:15:04.300Z,34.595,-116.623,3.67,2.69,mc,0,59.9,,0.212,ci,ci3036864,2016-02-10T21:57:09.633Z,"36km ENE of Lucerne Valley, California",earthquake,,0.314,,69,reviewed,ci,ci
1992-07-07T03:10:13.080Z,34.629,-116.662,2.954,2.73,mc,0,57.3,,0.171,ci,ci3036860,2016-02-10T21:57:08.205Z,"35km NE of Lucerne Valley, California",earthquake,,0.525,,72,reviewed,ci,ci
1992-07-07T02:56:36.760Z,34.6,-116.62,1.708,2.59,mc,0,60,,0.175,ci,ci3036854,2016-02-09T20:51:44.272Z,"36km ENE of Lucerne Valley, California",earthquake,,0.44,,72,reviewed,ci,ci
1992-07-07T02:43:34.150Z,34.24,-116.444,5.539,2.58,mc,0,70.9,,0.147,ci,ci3104024,2016-02-10T11:17:26.576Z,"14km N of Yucca Valley, California",earthquake,,2.696,,59,reviewed,ci,ci
1992-07-07T02:36:32.910Z,34.13,-116.861,1.063,2.63,mc,0,31.8,,0.179,ci,ci3036847,2016-02-10T04:11:19.467Z,"14km SSE of Big Bear Lake, California",earthquake,,0.232,,63,reviewed,ci,ci
1992-07-07T02:29:35.530Z,34.271,-116.724,1.561,2.69,mc,0,37.7,,0.187,ci,ci3036845,2016-02-10T14:43:11.178Z,"11km E of Big Bear City, California",earthquake,,0.251,,65,reviewed,ci,ci
1992-07-07T02:19:23.850Z,35.226,-116.88,0.675,2.79,mc,0,87.3,,0.178,ci,ci3036841,2016-02-10T04:11:17.608Z,"18km WSW of Fort Irwin, California",earthquake,,0.972,,45,reviewed,ci,ci
1992-07-07T02:00:36.090Z,35.849,-117.801,4.691,2.56,mc,0,50.2,,0.154,ci,ci3036832,2016-02-10T18:17:12.874Z,"14km SE of Little Lake, California",earthquake,,1.752,,34,reviewed,ci,ci
1992-07-07T01:45:38.380Z,34.232,-116.895,3.586,3.38,ml,0,32.9,,0.149,ci,ci3036828,2016-02-10T07:42:09.769Z,"2km SE of Big Bear Lake, California",earthquake,,14.6,,31,reviewed,ci,ci
1992-07-07T01:36:14.190Z,34.585,-116.545,3.832,2.86,ml,0,65.3,,0.145,ci,ci3036823,2016-02-10T21:57:02.106Z,"38km WSW of Ludlow, California",earthquake,,,,15,reviewed,ci,ci
1992-07-07T01:34:13.310Z,34.043,-117.048,2.783,2.62,mc,0,49,,0.177,ci,ci3103896,2016-02-10T07:42:06.602Z,"1km NNW of Yucaipa, California",earthquake,,0.163,,73,reviewed,ci,ci
1992-07-07T01:31:44.370Z,34.547,-116.544,2.677,2.6,mc,0,76.7,,0.199,ci,ci3036819,2016-02-10T07:42:03.871Z,"40km WSW of Ludlow, California",earthquake,,1.198,,46,reviewed,ci,ci
1992-07-07T01:28:54.730Z,33.183,-115.594,4.749,2.64,mc,0,46.3,,0.259,ci,ci3036818,2016-02-10T18:17:11.509Z,"9km SW of Niland, California",earthquake,,0.258,,31,reviewed,ci,ci
1992-07-07T01:26:41.830Z,34.068,-116.381,4.313,2.63,mc,0,79.8,,0.2,ci,ci3036817,2016-02-10T07:42:02.451Z,"7km SE of Yucca Valley, California",earthquake,,11.663,,35,reviewed,ci,ci
1992-07-07T01:22:58.880Z,34.167,-116.394,-0.965,2.83,mc,0,48.9,,0.231,ci,ci3103891,2016-02-09T20:51:33.638Z,"7km NNE of Yucca Valley, California",earthquake,,1.01,,67,reviewed,ci,ci
1992-07-07T01:22:55.190Z,34.07,-116.371,2.667,2.8,mc,0,56.6,,0.204,ci,ci3036816,2016-02-10T21:56:59.009Z,"8km SE of Yucca Valley, California",earthquake,,0.43,,62,reviewed,ci,ci
1992-07-07T01:12:49.950Z,34.63,-116.629,6.012,3.03,ml,0,59.3,,0.162,ci,ci3036814,2016-02-10T07:41:59.947Z,"37km NE of Lucerne Valley, California",earthquake,,0.554,,23,reviewed,ci,ci
1992-07-07T00:47:50.510Z,33.188,-115.595,5.359,3.07,mc,0,56.8,,0.25,ci,ci3037190,2016-02-10T21:56:54.583Z,"9km SW of Niland, California",earthquake,,0.197,,42,reviewed,ci,ci
1992-07-07T00:47:16.470Z,33.179,-115.594,4.57,2.57,mc,0,46.3,,0.291,ci,ci3036803,2016-02-09T20:51:32.237Z,"10km NW of Calipatria, California",earthquake,,0.261,,41,reviewed,ci,ci
1992-07-07T00:25:18.420Z,35.1,-116.798,1.295,2.5,mc,0,98.6,,0.18,ci,ci3036797,2016-02-10T07:41:55.985Z,"21km SSW of Fort Irwin, California",earthquake,,1.469,,22,reviewed,ci,ci
1992-07-07T00:23:19.730Z,34.956,-116.931,2.661,2.59,mc,0,104.8,,0.151,ci,ci3036796,2016-02-10T11:17:21.386Z,"10km NE of Barstow, California",earthquake,,0.443,,36,reviewed,ci,ci
1992-07-07T00:18:48.890Z,35.678,-117.59,3.654,3.14,ml,0,121.7,,0.171,ci,ci3036794,2016-02-10T04:11:12.031Z,"10km NE of Ridgecrest, California",earthquake,,0.196,,12,reviewed,ci,ci
1992-07-06T23:43:12.660Z,35.014,-116.967,2.481,3.2,ml,0,61,,0.21,ci,ci3036774,2016-02-10T18:17:07.453Z,"14km NNE of Barstow, California",earthquake,,0.329,,25,reviewed,ci,ci
1992-07-06T22:57:40.580Z,34.603,-116.628,7.022,2.82,mc,0,48.7,,0.226,ci,ci3036758,2016-02-10T04:11:04.084Z,"36km ENE of Lucerne Valley, California",earthquake,,0.439,,77,reviewed,ci,ci
1992-07-06T22:29:38.740Z,34.209,-116.781,3.503,2.75,mc,0,35,,0.16,ci,ci3036748,2016-02-10T00:34:15.323Z,"8km SE of Big Bear City, California",earthquake,,12.87,,70,reviewed,ci,ci
1992-07-06T22:09:57.810Z,34.94,-116.779,0.65,2.52,mc,0,107.5,0.2158,0.19,ci,ci3036739,2016-02-10T00:34:13.862Z,"23km ENE of Barstow, California",earthquake,,1.376,,32,reviewed,ci,ci
1992-07-06T22:03:52.590Z,34.586,-116.299,4.854,2.71,mc,0,87.7,,0.29,ci,ci3103653,2016-02-10T11:17:18.878Z,"20km SW of Ludlow, California",earthquake,,,,60,reviewed,ci,ci
1992-07-06T22:00:21.580Z,34.264,-116.424,1.599,2.59,mc,0,53,,0.148,ci,ci3103329,2016-02-10T11:17:17.239Z,"17km N of Yucca Valley, California",earthquake,,0.338,,52,reviewed,ci,ci
1992-07-06T21:54:05.910Z,34.53,-116.551,-1.169,2.9,mc,0,53.5,,0.174,ci,ci3110127,2016-02-10T00:34:12.538Z,"39km ENE of Lucerne Valley, California",earthquake,,0.632,,78,reviewed,ci,ci
1992-07-06T21:48:47.100Z,34.433,-116.507,8.905,2.71,mc,0,67.3,,0.146,ci,ci3036732,2016-02-10T21:56:45.318Z,"36km N of Yucca Valley, California",earthquake,,1.791,,64,reviewed,ci,ci
1992-07-06T21:26:29.080Z,34.09,-116.852,0.494,2.78,mc,0,57.2,,0.164,ci,ci3103316,2016-02-10T18:16:57.143Z,"18km SSE of Big Bear Lake, California",earthquake,,0.184,,68,reviewed,ci,ci
1992-07-06T21:25:48.480Z,34.621,-116.667,3.428,2.69,mc,0,62.1,,0.205,ci,ci3103315,2016-02-10T14:42:57.324Z,"34km NE of Lucerne Valley, California",earthquake,,0.441,,65,reviewed,ci,ci
1992-07-06T21:14:11.030Z,35.112,-116.663,5.233,2.61,mc,0,142.9,,0.319,ci,ci3103290,2016-02-10T00:34:09.848Z,"17km S of Fort Irwin, California",earthquake,,,,38,reviewed,ci,ci
1992-07-06T20:56:52.570Z,34.1,-116.381,2.307,2.92,ml,0,35.9,,0.21,ci,ci3036714,2016-02-09T20:51:27.429Z,"5km ESE of Yucca Valley, California",earthquake,,0.229,,17,reviewed,ci,ci
1992-07-06T20:17:29.110Z,34.14,-116.942,1.545,2.74,mc,0,30.2,,0.175,ci,ci3103249,2016-02-10T04:10:53.934Z,"12km SSW of Big Bear Lake, California",earthquake,,0.118,,73,reviewed,ci,ci
1992-07-06T19:57:10.560Z,34.075,-116.383,2.235,2.87,mc,0,35.3,,0.164,ci,ci3036692,2016-02-10T00:34:04.988Z,"6km SE of Yucca Valley, California",earthquake,,0.276,,39,reviewed,ci,ci
1992-07-06T19:48:13.950Z,34.456,-116.484,1.805,3,ml,0,58.3,,0.149,ci,ci3036689,2016-02-09T20:51:19.226Z,"38km N of Yucca Valley, California",earthquake,,0.371,,22,reviewed,ci,ci
1992-07-06T19:42:43.640Z,34.08,-116.384,1.797,3.19,ml,0,56.5,,0.189,ci,ci3037043,2016-02-10T14:42:48.782Z,"6km SE of Yucca Valley, California",earthquake,,0.521,,8,reviewed,ci,ci
1992-07-06T19:41:37.890Z,34.082,-116.379,2.183,4.44,ml,0,36.1,,0.225,ci,ci3036688,2016-02-10T21:56:36.379Z,"6km SE of Yucca Valley, California",earthquake,,0.238,,20,reviewed,ci,ci
1992-07-06T19:17:02.060Z,34.038,-116.358,1.101,2.73,mc,0,38.4,,0.209,ci,ci3103241,2016-02-10T14:42:47.530Z,"11km SE of Yucca Valley, California",earthquake,,0.311,,61,reviewed,ci,ci
1992-07-06T19:16:42.380Z,34.033,-116.351,3.619,2.59,mc,0,76,,0.233,ci,ci3103240,2016-02-10T14:42:46.199Z,"12km SE of Yucca Valley, California",earthquake,,0.375,,40,reviewed,ci,ci
1992-07-06T18:55:55.380Z,34.14,-116.432,2.197,2.62,mc,0,89.4,0.14,0.183,ci,ci3036673,2016-02-10T00:33:57.506Z,"3km N of Yucca Valley, California",earthquake,,0.377,,53,reviewed,ci,ci
1992-07-06T18:52:48.520Z,34.153,-116.405,0.385,2.72,mc,0,44.4,,0.158,ci,ci3103235,2016-02-09T20:51:13.616Z,"5km NNE of Yucca Valley, California",earthquake,,0.485,,65,reviewed,ci,ci
1992-07-06T18:43:25.160Z,34.071,-116.36,1.985,2.59,mc,0,39.2,,0.212,ci,ci3036669,2016-02-10T04:10:44.099Z,"8km SE of Yucca Valley, California",earthquake,,0.254,,50,reviewed,ci,ci
1992-07-06T18:41:18.390Z,34.298,-116.975,9.768,2.91,mc,0,26.8,,0.167,ci,ci3103223,2016-02-10T14:42:43.466Z,"8km NW of Big Bear Lake, California",earthquake,,0.266,,88,reviewed,ci,ci
1992-07-06T18:30:18.750Z,34.009,-116.351,0.185,2.75,ml,0,37.2,,0.231,ci,ci3103214,2016-02-10T11:17:07.513Z,"14km SSE of Yucca Valley, California",earthquake,,0.347,,15,reviewed,ci,ci
1992-07-06T18:27:27.730Z,34.152,-116.407,0.155,3.66,ml,0,44,,0.19,ci,ci3036662,2016-02-10T14:42:40.865Z,"5km NNE of Yucca Valley, California",earthquake,,0.399,,33,reviewed,ci,ci
1992-07-06T18:09:53.670Z,34.072,-116.358,1.707,2.57,mc,0,39.6,,0.202,ci,ci3036656,2016-02-10T04:10:41.473Z,"8km SSW of Joshua Tree, California",earthquake,,0.344,,39,reviewed,ci,ci
1992-07-06T18:06:36.310Z,34.457,-116.477,-0.475,4.26,ml,0,58.7,,0.137,ci,ci3036655,2016-02-10T07:41:40.037Z,"38km N of Yucca Valley, California",earthquake,,0.726,,25,reviewed,ci,ci
1992-07-06T17:51:09.130Z,34.442,-116.509,-0.305,2.65,mc,0,118.2,,0.212,ci,ci3036649,2016-02-10T14:42:39.401Z,"37km ENE of Big Bear City, California",earthquake,,0.435,,66,reviewed,ci,ci
1992-07-06T17:31:52.090Z,34.163,-116.855,5.105,2.79,mc,0,50.6,,0.156,ci,ci3036643,2016-02-10T00:33:53.690Z,"10km SSE of Big Bear Lake, California",earthquake,,1.638,,76,reviewed,ci,ci
1992-07-06T17:22:01.500Z,34.263,-116.44,0.057,3.27,ml,0,48.2,,0.164,ci,ci3036642,2016-02-10T14:42:36.117Z,"17km N of Yucca Valley, California",earthquake,,0.274,,24,reviewed,ci,ci
1992-07-06T17:15:57.910Z,34.582,-116.303,4.854,2.82,ml,0,72.9,,0.289,ci,ci3036641,2016-02-09T20:51:11.028Z,"20km SW of Ludlow, California",earthquake,,,,13,reviewed,ci,ci
1992-07-06T17:13:52.650Z,34.575,-116.547,4.054,2.71,mc,0,54,0.09375,0.154,ci,ci3194278,2016-02-10T18:16:40.631Z,"39km WSW of Ludlow, California",earthquake,,0.755,,33,reviewed,ci,ci
1992-07-06T17:10:23.350Z,34.6,-116.636,2.504,3.08,ml,0,107.4,,0.183,ci,ci3036743,2021-03-09T23:59:54.332Z,"35km ENE of Lucerne Valley, California",earthquake,,0.362,,19,reviewed,ci,ci
1992-07-06T16:37:46.510Z,34.136,-116.884,0.295,2.84,mc,0,47,,0.178,ci,ci3036626,2016-02-10T18:16:39.211Z,"12km SSE of Big Bear Lake, California",earthquake,,0.167,,76,reviewed,ci,ci
1992-07-06T16:32:55.690Z,34.976,-116.962,4.391,2.51,mc,0,82.1,,0.195,ci,ci3036624,2016-02-10T07:41:36.225Z,"10km NNE of Barstow, California",earthquake,,0.291,,23,reviewed,ci,ci
1992-07-06T16:28:25.500Z,34.503,-116.51,8.006,2.98,ml,0,68.1,,0.15,ci,ci3036622,2016-02-10T11:16:59.841Z,"40km SW of Ludlow, California",earthquake,,1.58,,20,reviewed,ci,ci
1992-07-06T16:23:19.190Z,34.374,-116.456,3.756,2.53,mc,0,70,0.1145,0.125,ci,ci3036619,2016-02-10T00:33:45.794Z,"29km N of Yucca Valley, California",earthquake,,0.668,,41,reviewed,ci,ci
1992-07-06T16:14:12.550Z,34.631,-116.509,4.164,2.61,mc,0,110.4,,0.204,ci,ci3036616,2016-02-10T00:33:44.456Z,"34km WSW of Ludlow, California",earthquake,,17.501,,45,reviewed,ci,ci
1992-07-06T16:08:06.290Z,33.788,-118.263,10.848,2.67,mc,0,70.7,,0.298,ci,ci3037016,2016-02-10T00:33:41.196Z,"5km E of Lomita, California",earthquake,,0.407,,69,reviewed,ci,ci
1992-07-06T16:07:45.400Z,34.168,-116.411,4.437,2.67,mc,0,91.7,,0.167,ci,ci3036614,2016-02-10T04:10:33.808Z,"6km NNE of Yucca Valley, California",earthquake,,0.116,,57,reviewed,ci,ci
1992-07-06T14:19:45.520Z,34.371,-116.467,2.973,2.98,ml,0,60.7,,0.226,ci,ci3035749,2016-02-10T00:33:38.566Z,"29km N of Yucca Valley, California",earthquake,,0.375,,24,reviewed,ci,ci
1992-07-06T13:50:05.930Z,34.156,-116.422,-0.881,2.69,mc,0,44.5,,0.174,ci,ci3035740,2016-02-09T20:51:04.458Z,"5km NNE of Yucca Valley, California",earthquake,,0.539,,74,reviewed,ci,ci
1992-07-06T13:25:12.540Z,34.612,-116.624,8.124,2.82,mc,0,116.8,,0.093,ci,ci3042699,2016-02-10T14:42:26.656Z,"37km ENE of Lucerne Valley, California",earthquake,,0.833,,52,reviewed,ci,ci
1992-07-06T13:25:10.900Z,34.132,-116.413,7.745,2.59,mc,0,74.3,,0.098,ci,ci3042712,2016-02-10T18:16:35.980Z,"3km NE of Yucca Valley, California",earthquake,,8.609,,41,reviewed,ci,ci
1992-07-06T13:20:42.240Z,34.625,-116.563,10.258,2.57,mc,0,211,,0.147,ci,ci3036756,2016-02-10T04:10:29.852Z,"38km WSW of Ludlow, California",earthquake,,4.437,,35,reviewed,ci,ci
1992-07-06T13:20:41.750Z,34.984,-116.939,-0.795,2.77,mc,0,92.6,,0.251,ci,ci3035728,2016-02-10T11:16:52.750Z,"12km NE of Barstow, California",earthquake,,0.814,,73,reviewed,ci,ci
1992-07-06T13:17:55.020Z,34.181,-116.807,8.921,2.86,ml,0,49.2,,0.164,ci,ci3035727,2016-02-10T07:41:26.848Z,"10km SSE of Big Bear City, California",earthquake,,0.488,,23,reviewed,ci,ci
1992-07-06T13:15:09.620Z,34.236,-116.856,2.379,3,ml,0,33.4,,0.217,ci,ci3035726,2016-02-09T20:51:03.080Z,"3km SSW of Big Bear City, California",earthquake,,0.18,,26,reviewed,ci,ci
1992-07-06T12:48:25.610Z,34.312,-116.459,3.357,3.51,ml,0,47.6,,0.218,ci,ci3035715,2016-02-10T00:33:31.497Z,"22km N of Yucca Valley, California",earthquake,,0.233,,31,reviewed,ci,ci
1992-07-06T12:32:14.100Z,34.051,-116.364,1.232,2.59,mc,0,48.5,,0.187,ci,ci3035711,2016-02-10T18:16:30.707Z,"9km SE of Yucca Valley, California",earthquake,,0.366,,28,reviewed,ci,ci
1992-07-06T12:27:03.930Z,34.052,-116.354,2.047,2.59,mc,0,53.2,,0.131,ci,ci3035750,2016-02-10T00:33:29.907Z,"10km SSW of Joshua Tree, California",earthquake,,0.451,,7,reviewed,ci,ci
1992-07-06T12:26:12.340Z,34.047,-116.366,0.683,3.3,ml,0,50.5,,0.137,ci,ci3035710,2016-02-10T07:41:25.273Z,"10km SE of Yucca Valley, California",earthquake,,0.429,,28,reviewed,ci,ci
1992-07-06T12:20:48.120Z,34.962,-116.922,-1.039,2.54,mc,0,63.4,,0.252,ci,ci3103285,2016-02-10T04:10:24.639Z,"12km NE of Barstow, California",earthquake,,0.894,,52,reviewed,ci,ci
1992-07-06T12:04:49.910Z,34.362,-116.637,-1.48,2.74,mc,0,86.5,,0.194,ci,ci3035700,2016-02-10T00:33:28.647Z,"22km ENE of Big Bear City, California",earthquake,,1.738,,9,reviewed,ci,ci
1992-07-06T12:00:59.190Z,34.092,-116.37,0.683,4.43,ml,0,38.1,,0.224,ci,ci3035697,2016-02-10T07:41:22.774Z,"6km ESE of Yucca Valley, California",earthquake,,0.358,,24,reviewed,ci,ci
1992-07-06T11:55:58.170Z,34.071,-116.388,3.442,2.59,mc,0,44.9,0.003071,0.173,ci,ci3035695,2016-02-10T18:16:26.672Z,"6km SE of Yucca Valley, California",earthquake,,0.327,,27,reviewed,ci,ci
1992-07-06T11:46:34.650Z,34.221,-116.746,0.651,3.36,ml,0,55.5,,0.151,ci,ci3035694,2016-02-10T04:10:22.017Z,"10km ESE of Big Bear City, California",earthquake,,0.283,,25,reviewed,ci,ci
1992-07-06T11:44:30.330Z,34.092,-116.449,8.897,2.76,mc,0,62,,0.133,ci,ci3035693,2016-02-10T04:10:20.573Z,"3km SSW of Yucca Valley, California",earthquake,,2.62,,56,reviewed,ci,ci
1992-07-06T11:42:53.470Z,34.128,-116.917,3.635,3.24,ml,0,32.6,,0.147,ci,ci3035692,2016-02-10T18:16:25.265Z,"13km S of Big Bear Lake, California",earthquake,,0.846,,30,reviewed,ci,ci
1992-07-06T11:38:03.440Z,34.094,-116.448,7.934,3.34,ml,0,29.7,,0.173,ci,ci3035723,2016-02-10T07:41:21.224Z,"3km SSW of Yucca Valley, California",earthquake,,0.981,,27,reviewed,ci,ci
1992-07-06T11:35:33.360Z,34.093,-116.447,8.894,3.94,ml,0,29.4,,0.18,ci,ci3035691,2016-02-10T18:16:23.712Z,"3km SSW of Yucca Valley, California",earthquake,,0.642,,27,reviewed,ci,ci
1992-07-06T11:25:13.250Z,34.045,-116.356,-0.57,2.55,mc,0,47.4,,0.127,ci,ci3035684,2016-02-09T20:50:56.023Z,"10km SE of Yucca Valley, California",earthquake,,0.531,,51,reviewed,ci,ci
1992-07-06T11:03:13.900Z,34.165,-116.829,8.745,3.21,ml,0,33.2,,0.14,ci,ci3035679,2016-02-10T07:41:19.739Z,"11km S of Big Bear City, California",earthquake,,0.356,,30,reviewed,ci,ci
1992-07-06T10:57:49.110Z,34.616,-116.655,8.112,2.51,mc,0,63,,0.2,ci,ci3102603,2016-02-10T00:33:25.803Z,"34km NE of Lucerne Valley, California",earthquake,,0.484,,66,reviewed,ci,ci
1992-07-06T10:28:23.660Z,35.046,-116.99,-0.853,2.78,mc,0,62.7,,0.202,ci,ci3102599,2016-02-10T00:33:22.258Z,"17km N of Barstow, California",earthquake,,0.693,,76,reviewed,ci,ci
1992-07-06T10:16:43.520Z,34.567,-116.299,4.854,2.53,mc,0,88.5,,0.298,ci,ci3035663,2016-02-10T07:41:15.281Z,"21km SW of Ludlow, California",earthquake,,,,54,reviewed,ci,ci
1992-07-06T10:14:48.680Z,35.686,-117.604,5.064,3.14,ml,0,126.2,,0.163,ci,ci3035737,2016-02-10T04:10:10.038Z,"10km NE of Ridgecrest, California",earthquake,,25.219,,17,reviewed,ci,ci
1992-07-06T10:14:41.930Z,34.628,-116.678,0.092,2.81,mc,0,61.5,,0.198,ci,ci3035662,2016-02-10T18:16:18.881Z,"34km NE of Lucerne Valley, California",earthquake,,0.598,,65,reviewed,ci,ci
1992-07-06T09:30:52.090Z,34.587,-116.316,4.918,2.72,mc,0,74.4,,0.268,ci,ci3035645,2016-02-10T00:33:16.957Z,"21km SW of Ludlow, California",earthquake,,,,56,reviewed,ci,ci
1992-07-06T09:10:26.920Z,34.575,-116.616,-1.356,2.89,mc,0,109.2,,0.174,ci,ci3036395,2016-02-09T20:50:50.771Z,"35km ENE of Lucerne Valley, California",earthquake,,0.613,,79,reviewed,ci,ci
1992-07-06T09:09:36.310Z,34.591,-116.62,2.864,2.87,ml,0,60,,0.182,ci,ci3035638,2016-02-10T21:56:06.784Z,"36km ENE of Lucerne Valley, California",earthquake,,0.292,,18,reviewed,ci,ci
1992-07-06T09:05:08.110Z,34.634,-116.661,3.405,2.58,mc,0,163.8,0.03175,0.145,ci,ci3035637,2016-02-10T04:10:05.783Z,"35km NE of Lucerne Valley, California",earthquake,,4.643,,7,reviewed,ci,ci
1992-07-06T08:51:52.750Z,34.348,-116.463,7.086,2.65,mc,0,112.7,,0.152,ci,ci3035934,2016-02-10T18:16:12.235Z,"26km N of Yucca Valley, California",earthquake,,1.815,,20,reviewed,ci,ci
1992-07-06T08:51:33.070Z,34.348,-116.472,4.662,2.77,mc,0,141.9,,0.165,ci,ci3035633,2016-02-10T07:41:12.663Z,"26km N of Yucca Valley, California",earthquake,,0.125,,78,reviewed,ci,ci
1992-07-06T08:41:56.800Z,33.952,-116.352,5.735,2.5,mc,0,38.3,,0.179,ci,ci3035627,2016-02-10T21:56:03.842Z,"14km E of Desert Hot Springs, California",earthquake,,0.588,,44,reviewed,ci,ci
1992-07-06T08:30:20.440Z,34.955,-116.93,-1.029,2.5,mc,0,62,,0.253,ci,ci3035622,2016-02-10T14:42:16.276Z,"10km NE of Barstow, California",earthquake,,0.908,,58,reviewed,ci,ci
1992-07-06T08:23:55.210Z,34.984,-116.931,-1.029,2.6,mc,0,63.8,,0.202,ci,ci3035621,2016-02-10T21:56:02.214Z,"13km NE of Barstow, California",earthquake,,0.861,,58,reviewed,ci,ci
1992-07-06T08:16:12.850Z,34.413,-116.51,0.666,2.56,mc,0,150.7,0.1737,0.156,ci,ci3102539,2016-02-09T20:50:43.891Z,"34km NNW of Yucca Valley, California",earthquake,,0.918,,38,reviewed,ci,ci
1992-07-06T08:15:44.600Z,34.259,-116.423,-0.877,2.61,mc,0,57.2,,0.208,ci,ci3102538,2016-02-09T20:50:42.599Z,"16km N of Yucca Valley, California",earthquake,,0.482,,61,reviewed,ci,ci
1992-07-06T08:02:53.970Z,34.358,-116.634,-1.444,2.86,mc,0,43.2,,0.132,ci,ci3102441,2016-02-10T04:10:02.331Z,"22km ENE of Big Bear City, California",earthquake,,0.653,,80,reviewed,ci,ci
1992-07-06T07:53:45.320Z,34.201,-116.809,-0.409,2.73,mc,0,39.4,,0.172,ci,ci3102435,2016-02-10T18:16:10.841Z,"8km SSE of Big Bear City, California",earthquake,,0.313,,75,reviewed,ci,ci
1992-07-06T06:06:26.520Z,34.191,-116.799,-0.817,2.83,mc,0,34.2,,0.169,ci,ci3035623,2016-02-10T11:16:39.827Z,"9km SSE of Big Bear City, California",earthquake,,0.258,,87,reviewed,ci,ci
1992-07-06T06:05:10.110Z,34.608,-116.634,4.292,2.99,ml,0,48.3,,0.201,ci,ci3035565,2016-02-10T14:42:04.833Z,"36km ENE of Lucerne Valley, California",earthquake,,0.28,,12,reviewed,ci,ci
1992-07-06T06:00:44.440Z,34.101,-116.384,1.777,3.25,ml,0,35.4,,0.221,ci,ci3035564,2016-02-10T18:16:09.409Z,"5km ESE of Yucca Valley, California",earthquake,,0.257,,22,reviewed,ci,ci
1992-07-06T05:32:52.190Z,34.126,-116.412,3.864,2.91,mc,0,36.7,,0.195,ci,ci3102392,2016-02-10T11:16:34.694Z,"2km NE of Yucca Valley, California",earthquake,,2.223,,84,reviewed,ci,ci
1992-07-06T05:19:13.470Z,34.253,-116.442,0.892,2.86,mc,0,53.7,,0.162,ci,ci3102377,2016-02-10T07:40:59.459Z,"16km N of Yucca Valley, California",earthquake,,0.403,,75,reviewed,ci,ci
1992-07-06T05:01:42.730Z,34.949,-116.926,-1.019,2.52,mc,0,62.1,0.0953,0.178,ci,ci3035543,2016-02-10T07:40:56.860Z,"10km ENE of Barstow, California",earthquake,,1.094,,50,reviewed,ci,ci
1992-07-06T04:49:30.620Z,34.582,-116.306,4.854,3.49,ml,0,72.6,,0.243,ci,ci3036979,2016-02-10T07:40:54.054Z,"20km SW of Ludlow, California",earthquake,,,,32,reviewed,ci,ci
1992-07-06T04:48:34.490Z,34.053,-116.429,8.993,3.58,ml,0,27.9,,0.215,ci,ci3035540,2016-02-09T20:50:30.065Z,"7km S of Yucca Valley, California",earthquake,,0.533,,29,reviewed,ci,ci
1992-07-06T04:46:07.970Z,34.642,-116.529,2.404,2.5,mc,0,72.8,0.07866,0.177,ci,ci3099986,2016-02-10T18:16:05.094Z,"35km WSW of Ludlow, California",earthquake,,0.703,,45,reviewed,ci,ci
1992-07-06T04:15:26.880Z,34.616,-116.339,-1.107,2.74,mc,0,72.6,,0.279,ci,ci3035523,2016-02-10T18:16:03.765Z,"20km SW of Ludlow, California",earthquake,,1.154,,78,reviewed,ci,ci
1992-07-06T03:25:56.430Z,34.604,-116.617,8.304,2.61,mc,0,65.9,0.04021,0.206,ci,ci3035506,2016-02-10T00:33:04.244Z,"37km ENE of Lucerne Valley, California",earthquake,,0.524,,21,reviewed,ci,ci
1992-07-06T03:22:34.040Z,34.209,-116.435,1.753,2.64,mc,0,92.3,,0.17,ci,ci3096205,2016-02-10T11:16:24.385Z,"10km N of Yucca Valley, California",earthquake,,0.508,,68,reviewed,ci,ci
1992-07-06T03:21:58.980Z,33.23,-115.627,4.43,2.58,mc,0,57.6,,0.191,ci,ci3035505,2016-02-10T00:33:01.804Z,"10km W of Niland, California",earthquake,,0.509,,54,reviewed,ci,ci
1992-07-06T03:18:41.720Z,34.614,-116.337,-1.087,3.05,ml,0,73.2,,0.187,ci,ci3035812,2016-02-10T00:33:00.489Z,"20km SW of Ludlow, California",earthquake,,0.893,,27,reviewed,ci,ci
1992-07-06T03:17:42.700Z,34.409,-116.51,0.072,2.99,ml,0,57.8,,0.147,ci,ci3035503,2016-02-10T21:55:48.880Z,"34km NNW of Yucca Valley, California",earthquake,,0.402,,18,reviewed,ci,ci
1992-07-06T03:16:06.820Z,34.273,-116.691,-0.594,2.53,mc,0,38.8,,0.18,ci,ci3035502,2016-02-10T04:09:45.314Z,"14km E of Big Bear City, California",earthquake,,0.346,,59,reviewed,ci,ci
1992-07-06T02:59:26.310Z,34.174,-116.432,3.269,2.74,mc,0,48.7,,0.202,ci,ci3035494,2016-02-10T00:32:57.271Z,"7km N of Yucca Valley, California",earthquake,,0.369,,76,reviewed,ci,ci
1992-07-06T02:44:11.380Z,34.582,-116.306,4.854,2.53,mc,0,87.1,,0.338,ci,ci3097859,2016-02-10T07:40:42.424Z,"20km SW of Ludlow, California",earthquake,,,,51,reviewed,ci,ci
1992-07-06T02:15:44.110Z,34.604,-116.611,1.374,2.69,mc,0,60.5,,0.223,ci,ci3035550,2016-02-10T18:15:58.381Z,"37km ENE of Lucerne Valley, California",earthquake,,0.417,,36,reviewed,ci,ci
1992-07-06T02:13:59.340Z,34.565,-116.286,4.918,3.45,ml,0,72.3,,0.256,ci,ci3035477,2016-02-10T14:41:49.753Z,"21km SSW of Ludlow, California",earthquake,,,,25,reviewed,ci,ci
1992-07-06T02:12:30.890Z,34.564,-116.294,4.844,2.61,mc,0,122.1,,0.227,ci,ci3035476,2016-02-10T21:55:46.075Z,"21km SW of Ludlow, California",earthquake,,,,53,reviewed,ci,ci
1992-07-06T02:10:02.380Z,34.572,-116.298,4.918,3.3,ml,0,72.3,,0.204,ci,ci3035475,2016-02-10T21:55:44.698Z,"21km SW of Ludlow, California",earthquake,,,,30,reviewed,ci,ci
1992-07-06T01:57:24.020Z,34.194,-116.434,0.163,2.54,mc,0,68.6,,0.175,ci,ci3035472,2016-02-10T07:40:39.502Z,"9km N of Yucca Valley, California",earthquake,,0.503,,61,reviewed,ci,ci
1992-07-06T01:49:39.940Z,34.583,-116.329,4.854,2.55,mc,0,84.4,,0.18,ci,ci3035470,2016-02-10T04:09:41.456Z,"22km SW of Ludlow, California",earthquake,,,,31,reviewed,ci,ci
1992-07-06T01:41:21.460Z,35.679,-116.554,5.278,2.71,mc,0,237,,0.13,ci,ci3035452,2016-02-10T00:32:50.778Z,"35km WSW of Tecopa, California",earthquake,,,,30,reviewed,ci,ci
1992-07-06T01:37:38.140Z,34.022,-116.341,2.541,2.85,mc,0,39.8,,0.204,ci,ci3035451,2016-02-10T11:16:19.337Z,"13km SSW of Joshua Tree, California",earthquake,,0.212,,76,reviewed,ci,ci
1992-07-06T01:24:45.830Z,34.626,-116.544,8.824,2.52,mc,0,71.2,0.06863,0.126,ci,ci3140060,2016-02-10T21:55:40.491Z,"37km WSW of Ludlow, California",earthquake,,0.993,,12,reviewed,ci,ci
1992-07-06T01:11:37.660Z,34.223,-116.863,0.839,3.59,ml,0,33.2,,0.165,ci,ci3035441,2016-02-10T04:09:40.182Z,"4km SSW of Big Bear City, California",earthquake,,0.17,,26,reviewed,ci,ci
1992-07-06T00:50:41.890Z,34.637,-116.553,3.532,2.57,mc,0,63.9,0.05925,0.157,ci,ci3035429,2016-02-10T04:09:35.884Z,"37km WSW of Ludlow, California",earthquake,,0.495,,14,reviewed,ci,ci
1992-07-06T00:44:47.040Z,34.471,-116.462,2.861,2.86,ml,0,59,,0.142,ci,ci3035428,2016-02-09T20:50:15.963Z,"39km SW of Ludlow, California",earthquake,,0.471,,14,reviewed,ci,ci
1992-07-06T00:42:44.160Z,34.562,-116.55,6.828,2.57,mc,0,65,,0.111,ci,ci3035427,2016-02-10T18:15:53.470Z,"40km WSW of Ludlow, California",earthquake,,,,54,reviewed,ci,ci
1992-07-06T00:36:26.130Z,34.557,-116.267,4.918,2.84,mc,0,92.8,,0.358,ci,ci3035425,2016-02-10T00:32:45.747Z,"21km SSW of Ludlow, California",earthquake,,,,78,reviewed,ci,ci
1992-07-06T00:15:30.060Z,34.101,-116.399,3.753,3.13,ml,0,32.3,,0.189,ci,ci3035416,2016-02-10T14:41:44.378Z,"3km ESE of Yucca Valley, California",earthquake,,0.535,,25,reviewed,ci,ci
1992-07-06T00:02:16.190Z,34.581,-116.325,4.854,2.6,mc,0,71.2,,0.281,ci,ci3035410,2016-02-10T00:32:40.399Z,"22km SW of Ludlow, California",earthquake,,,,25,reviewed,ci,ci
1992-07-05T23:57:44.950Z,34.573,-116.554,6.052,2.5,mc,0,64.6,,0.18,ci,ci3035408,2016-02-09T20:50:11.652Z,"40km WSW of Ludlow, California",earthquake,,4.231,,55,reviewed,ci,ci
1992-07-05T23:34:12.160Z,35.229,-116.886,-0.457,2.89,ml,0,82.9,,0.217,ci,ci3035395,2016-02-10T11:16:09.985Z,"19km WSW of Fort Irwin, California",earthquake,,0.69,,19,reviewed,ci,ci
1992-07-05T23:29:36.710Z,34.581,-116.307,4.966,2.58,mc,0,98.2,,0.298,ci,ci3035394,2016-02-10T14:41:42.920Z,"21km SW of Ludlow, California",earthquake,,,,47,reviewed,ci,ci
1992-07-05T23:27:13.800Z,35.674,-116.549,5.278,2.81,mc,0,205,,0.175,ci,ci3035393,2016-02-10T18:15:47.522Z,"35km WSW of Tecopa, California",earthquake,,,,32,reviewed,ci,ci
1992-07-05T23:11:10.280Z,34.585,-116.29,4.903,3.48,ml,0,74.1,,0.359,ci,ci3035388,2016-02-10T21:55:32.263Z,"19km SW of Ludlow, California",earthquake,,,,28,reviewed,ci,ci
1992-07-05T23:05:06.150Z,34.311,-116.811,0.135,2.58,mc,0,38.4,,0.201,ci,ci3035383,2016-02-09T20:50:08.906Z,"6km NNE of Big Bear City, California",earthquake,,0.25,,59,reviewed,ci,ci
1992-07-05T22:58:36.330Z,34.197,-116.436,4.357,2.56,mc,0,53.7,0.1173,0.19,ci,ci3035381,2016-02-10T11:16:08.575Z,"9km N of Yucca Valley, California",earthquake,,0.19,,30,reviewed,ci,ci
1992-07-05T22:55:03.290Z,34.212,-116.854,2.875,2.75,mc,0,51.8,,0.132,ci,ci2106325,2016-02-10T11:16:07.285Z,"6km S of Big Bear City, California",earthquake,,0.266,,76,reviewed,ci,ci
1992-07-05T22:45:14.480Z,34.583,-116.302,4.918,3.34,ml,0,73.1,,0.247,ci,ci3035376,2016-02-10T14:41:41.614Z,"20km SW of Ludlow, California",earthquake,,,,30,reviewed,ci,ci
1992-07-05T22:36:00.940Z,34.213,-116.436,2.11,2.96,ml,0,57.4,,0.189,ci,ci3035530,2016-02-10T00:32:32.335Z,"11km N of Yucca Valley, California",earthquake,,0.353,,25,reviewed,ci,ci
1992-07-05T22:33:46.040Z,34.585,-116.301,5.08,4.43,ml,0,73.3,0.2218,0.252,ci,ci3035375,2016-02-10T14:41:40.114Z,"20km SW of Ludlow, California",earthquake,,,,23,reviewed,ci,ci
1992-07-05T22:23:19.490Z,34.58,-116.307,4.854,2.55,mc,0,72.4,0.2694,0.201,ci,ci2104643,2016-02-10T00:32:30.947Z,"21km SW of Ludlow, California",earthquake,,,,21,reviewed,ci,ci
1992-07-05T22:08:31.950Z,34.587,-116.295,4.903,3.8,ml,0,73.9,,0.3,ci,ci3035369,2016-02-09T20:50:05.559Z,"19km SW of Ludlow, California",earthquake,,,,32,reviewed,ci,ci
1992-07-05T22:06:52.210Z,34.36,-116.447,4.562,2.67,mc,0,61.6,,0.184,ci,ci3035367,2016-02-10T04:09:28.357Z,"27km N of Yucca Valley, California",earthquake,,0.436,,63,reviewed,ci,ci
1992-07-05T22:05:00.310Z,34.584,-116.303,4.918,2.89,mc,0,87.4,,0.331,ci,ci3035366,2016-02-10T04:09:27.000Z,"20km SW of Ludlow, California",earthquake,,,,79,reviewed,ci,ci
1992-07-05T21:56:05.710Z,34.585,-116.322,4.681,2.73,mc,0,72.5,,0.188,ci,ci3035362,2016-02-10T07:40:28.537Z,"21km SW of Ludlow, California",earthquake,,,,63,reviewed,ci,ci
1992-07-05T21:51:39.320Z,34.318,-116.429,10.464,2.6,mc,0,184.1,,0.247,ci,ci3035359,2016-02-09T20:50:03.966Z,"23km N of Yucca Valley, California",earthquake,,1.094,,29,reviewed,ci,ci
1992-07-05T21:46:57.430Z,34.589,-116.319,4.929,2.6,ml,0,72.3,,0.37,ci,ci3035517,2016-02-10T18:15:42.214Z,"21km SW of Ludlow, California",earthquake,,,,11,reviewed,ci,ci
1992-07-05T21:45:02.900Z,34.312,-116.817,-1.766,2.74,ml,0,81.1,,0.279,ci,ci3035358,2016-02-10T18:15:40.727Z,"6km NNE of Big Bear City, California",earthquake,,0.286,,21,reviewed,ci,ci
1992-07-05T21:42:20.910Z,34.574,-116.289,4.626,2.93,ml,0,124.7,,0.183,ci,ci3099846,2016-02-10T00:32:28.388Z,"20km SW of Ludlow, California",earthquake,,,,18,reviewed,ci,ci
1992-07-05T21:42:05.110Z,34.495,-116.514,-0.534,2.69,mc,0,67.7,,0.14,ci,ci3035356,2016-02-10T11:16:05.842Z,"40km NE of Big Bear City, California",earthquake,,0.756,,80,reviewed,ci,ci
1992-07-05T21:39:36.740Z,34.567,-116.297,5.049,2.68,mc,0,80.6,,0.258,ci,ci3035353,2016-02-10T04:09:25.705Z,"21km SW of Ludlow, California",earthquake,,,,28,reviewed,ci,ci
1992-07-05T21:39:33.750Z,34.442,-116.49,1.054,2.55,mc,0,120.9,,0.187,ci,ci3036652,2016-02-10T21:55:23.577Z,"37km N of Yucca Valley, California",earthquake,,2.004,,29,reviewed,ci,ci
1992-07-05T21:33:16.220Z,34.572,-116.306,4.854,2.68,mc,0,71.2,0.2722,0.24,ci,ci3132354,2016-02-10T18:15:39.172Z,"21km SW of Ludlow, California",earthquake,,,,58,reviewed,ci,ci
1992-07-05T21:31:36.240Z,34.572,-116.306,4.854,2.68,mc,0,71.7,0.2722,0.208,ci,ci3035587,2016-02-10T04:09:23.722Z,"21km SW of Ludlow, California",earthquake,,,,38,reviewed,ci,ci
1992-07-05T21:30:50.170Z,34.103,-116.378,0.532,2.7,ml,0,36.5,,0.185,ci,ci3035351,2016-02-09T20:50:02.718Z,"5km ESE of Yucca Valley, California",earthquake,,0.382,,17,reviewed,ci,ci
1992-07-05T21:21:43.260Z,34.566,-116.301,4.854,2.57,ml,0,88.4,,0.216,ci,ci3035518,2016-02-09T20:50:01.227Z,"22km SW of Ludlow, California",earthquake,,,,3,reviewed,ci,ci
1992-07-05T21:18:27.600Z,34.583,-116.322,4.922,5.42,ml,0,71.6,,0.296,ci,ci3035348,2022-04-28T18:40:52.370Z,"21km SW of Ludlow, California",earthquake,,,,21,reviewed,ci,ci
1992-07-05T21:15:24.080Z,34.23,-116.752,2.074,2.61,mc,0,56.4,,0.187,ci,ci3035347,2016-02-10T18:15:37.264Z,"9km ESE of Big Bear City, California",earthquake,,0.22,,63,reviewed,ci,ci
1992-07-05T21:09:22.640Z,34.367,-116.44,1.883,2.68,mc,0,62,,0.143,ci,ci3035345,2016-02-10T14:41:34.454Z,"28km N of Yucca Valley, California",earthquake,,0.459,,22,reviewed,ci,ci
1992-07-05T21:05:36.340Z,34.631,-116.68,-0.918,3.38,ml,0,59.4,,0.209,ci,ci3096977,2016-02-10T11:16:04.506Z,"34km NE of Lucerne Valley, California",earthquake,,0.48,,19,reviewed,ci,ci
1992-07-05T21:05:20.730Z,34.957,-116.782,2.061,2.5,mh,0,78.3,,0.207,ci,ci3096976,2016-02-10T11:16:02.803Z,"23km ENE of Barstow, California",earthquake,,0.922,,0,reviewed,ci,ci
1992-07-05T20:45:07.020Z,34.373,-116.431,2.162,2.84,mc,0,160.5,,0.104,ci,ci3035337,2016-02-10T14:41:33.124Z,"29km NNW of Joshua Tree, California",earthquake,,0.785,,77,reviewed,ci,ci
1992-07-05T20:44:57.340Z,34.286,-116.804,-0.947,2.55,mc,0,127.7,,0.081,ci,ci3035864,2016-02-09T20:49:59.976Z,"5km NE of Big Bear City, California",earthquake,,,,62,reviewed,ci,ci
1992-07-05T20:42:39.770Z,34.353,-116.458,4.422,2.57,mc,0,61.2,,0.191,ci,ci3035336,2016-02-10T00:32:24.660Z,"27km N of Yucca Valley, California",earthquake,,0.758,,57,reviewed,ci,ci
1992-07-05T20:26:31.410Z,34.339,-116.641,-1.514,3.03,ml,0,42.3,,0.154,ci,ci3035333,2016-02-10T00:32:23.255Z,"21km ENE of Big Bear City, California",earthquake,,0.315,,28,reviewed,ci,ci
1992-07-05T20:08:11.970Z,34.944,-116.778,0.243,3.06,ml,0,76.9,,0.147,ci,ci3035327,2016-02-10T18:15:35.787Z,"23km ENE of Barstow, California",earthquake,,0.78,,20,reviewed,ci,ci
1992-07-05T20:03:03.100Z,34.298,-116.805,1.125,4.06,ml,0,36,,0.191,ci,ci3035325,2016-02-10T18:15:34.329Z,"6km NE of Big Bear City, California",earthquake,,0.154,,25,reviewed,ci,ci
1992-07-05T20:01:03.220Z,34.337,-116.64,-1.514,2.68,mc,0,42,,0.159,ci,ci3035324,2016-02-10T18:15:32.691Z,"21km ENE of Big Bear City, California",earthquake,,0.458,,65,reviewed,ci,ci
1992-07-05T19:56:32.640Z,34.164,-118.095,4.39,2.61,mc,0,167.8,,0.092,ci,ci3035323,2016-02-10T07:40:24.363Z,"4km ENE of Pasadena, California",earthquake,,0.194,,23,reviewed,ci,ci
1992-07-05T19:50:56.870Z,34.093,-116.853,0.51,2.89,ml,0,43.5,,0.173,ci,ci3035322,2016-02-10T07:40:23.026Z,"18km SSE of Big Bear Lake, California",earthquake,,0.174,,25,reviewed,ci,ci
1992-07-05T19:41:50.090Z,34.592,-116.617,7.084,2.53,mc,0,147.2,,0.186,ci,ci3096970,2016-02-10T11:15:56.552Z,"36km ENE of Lucerne Valley, California",earthquake,,1.206,,33,reviewed,ci,ci
1992-07-05T19:41:34.530Z,34.534,-116.549,2.754,2.6,mc,0,65.1,,0.144,ci,ci3035319,2016-02-09T20:49:58.656Z,"40km ENE of Lucerne Valley, California",earthquake,,0.751,,42,reviewed,ci,ci
1992-07-05T19:36:58.850Z,34.084,-116.853,0.21,2.53,mc,0,56.1,,0.173,ci,ci3035315,2016-02-10T04:09:17.533Z,"18km N of Banning, California",earthquake,,0.269,,53,reviewed,ci,ci
1992-07-05T19:21:15.140Z,34.941,-116.778,1.991,2.54,mc,0,76.3,,0.162,ci,ci3035309,2016-02-10T18:15:31.197Z,"23km ENE of Barstow, California",earthquake,,1.053,,22,reviewed,ci,ci
1992-07-05T19:16:00.220Z,34.098,-116.843,-1.414,2.97,ml,0,61.5,,0.118,ci,ci3035538,2016-02-09T20:49:57.389Z,"17km SSE of Big Bear Lake, California",earthquake,,2.826,,15,reviewed,ci,ci
1992-07-05T19:15:20.020Z,34.094,-116.849,0.25,3.55,ml,0,38.9,,0.179,ci,ci3035308,2016-02-10T04:09:15.055Z,"18km SSE of Big Bear Lake, California",earthquake,,0.178,,33,reviewed,ci,ci
1992-07-05T19:09:29.100Z,34.608,-116.655,4.97,2.53,mc,0,87,0.2979,0.104,ci,ci3035303,2016-02-10T21:55:15.715Z,"34km ENE of Lucerne Valley, California",earthquake,,,,9,reviewed,ci,ci
1992-07-05T19:01:36.410Z,34.097,-116.855,0.17,3.2,ml,0,44.2,,0.154,ci,ci3035513,2016-02-10T00:32:17.533Z,"17km SSE of Big Bear Lake, California",earthquake,,0.27,,30,reviewed,ci,ci
1992-07-05T19:00:39.500Z,34.093,-116.85,0.32,3.43,ml,0,38.7,,0.178,ci,ci3035514,2016-02-10T21:55:14.444Z,"18km SSE of Big Bear Lake, California",earthquake,,0.214,,31,reviewed,ci,ci
1992-07-05T18:59:15.540Z,34.955,-116.781,0.773,2.94,ml,0,78.1,,0.168,ci,ci3035300,2016-02-10T07:40:20.308Z,"23km ENE of Barstow, California",earthquake,,2.065,,22,reviewed,ci,ci
1992-07-05T18:49:09.120Z,34.17,-116.443,2.497,2.9,ml,0,64.2,,0.166,ci,ci3035496,2016-02-10T14:41:30.539Z,"6km N of Yucca Valley, California",earthquake,,0.535,,19,reviewed,ci,ci
1992-07-05T18:48:27.280Z,34.272,-116.406,1.399,3.68,ml,0,54.2,,0.171,ci,ci3035298,2016-02-10T00:32:15.677Z,"18km NNW of Joshua Tree, California",earthquake,,0.313,,29,reviewed,ci,ci
1992-07-05T18:40:14.840Z,34.098,-116.847,0.334,2.61,mc,0,44.3,,0.182,ci,ci3096694,2016-02-10T07:40:18.405Z,"17km SSE of Big Bear Lake, California",earthquake,,0.24,,55,reviewed,ci,ci
1992-07-05T18:39:13.990Z,34.095,-116.849,-0.03,2.8,mc,0,38.9,,0.179,ci,ci3035297,2016-02-10T18:15:29.811Z,"18km SSE of Big Bear Lake, California",earthquake,,0.195,,76,reviewed,ci,ci
1992-07-05T18:36:11.070Z,34.099,-116.848,-0.42,2.83,ml,0,31.6,,0.237,ci,ci3035295,2016-02-10T04:09:12.049Z,"17km SSE of Big Bear Lake, California",earthquake,,0.201,,20,reviewed,ci,ci
1992-07-05T18:23:39.390Z,34.273,-116.408,-0.091,3.45,ml,0,62.2,,0.188,ci,ci3095731,2016-02-10T00:32:14.163Z,"18km NNW of Joshua Tree, California",earthquake,,1.459,,22,reviewed,ci,ci
1992-07-05T18:23:15.670Z,34.531,-116.541,-1.356,3.28,ml,0,54,,0.214,ci,ci3035294,2016-02-10T18:15:26.969Z,"40km ENE of Lucerne Valley, California",earthquake,,0.614,,21,reviewed,ci,ci
1992-07-05T18:23:12.130Z,34.531,-116.536,0.074,2.5,mh,0,66.3,,0.241,ci,ci3095730,2016-02-10T14:41:28.066Z,"40km WSW of Ludlow, California",earthquake,,1.264,,0,reviewed,ci,ci
1992-07-05T18:15:42.210Z,34.324,-116.459,2.443,2.76,ml,0,53.3,,0.18,ci,ci3035289,2016-02-10T00:32:12.801Z,"24km N of Yucca Valley, California",earthquake,,0.33,,25,reviewed,ci,ci
1992-07-05T17:57:28.020Z,34.513,-116.513,6.536,3.15,ml,0,55.6,,0.201,ci,ci3035285,2016-02-10T00:32:10.102Z,"40km SW of Ludlow, California",earthquake,,1.793,,17,reviewed,ci,ci
1992-07-05T17:01:13.980Z,34.119,-116.992,3.859,2.7,mc,0,41.3,,0.123,ci,ci3035256,2016-02-10T18:15:19.679Z,"11km NNE of Yucaipa, California",earthquake,,1.227,,81,reviewed,ci,ci
1992-07-05T16:34:13.710Z,34.57,-116.514,1.886,2.5,mc,0,67.7,,0.191,ci,ci3035238,2016-02-09T20:49:49.373Z,"36km WSW of Ludlow, California",earthquake,,0.961,,51,reviewed,ci,ci
1992-07-05T16:18:41.860Z,34.63,-116.64,5.662,2.67,mc,0,58.6,,0.161,ci,ci2106206,2016-02-10T21:55:08.995Z,"36km NE of Lucerne Valley, California",earthquake,,0.42,,71,reviewed,ci,ci
1992-07-05T16:04:04.250Z,35.144,-116.855,0.335,3.16,ml,0,87.6,,0.206,ci,ci3035226,2016-02-10T14:41:12.485Z,"20km SW of Fort Irwin, California",earthquake,,0.714,,18,reviewed,ci,ci
1992-07-05T16:01:54.050Z,34.03,-116.871,10.401,2.77,mc,0,43.1,,0.161,ci,ci3035225,2016-02-09T20:49:47.700Z,"12km N of Banning, California",earthquake,,0.236,,76,reviewed,ci,ci
1992-07-05T15:55:34.550Z,34.495,-116.523,-1.01,2.69,mc,0,55.6,,0.145,ci,ci3035220,2016-02-10T07:40:08.464Z,"39km NE of Big Bear City, California",earthquake,,0.622,,75,reviewed,ci,ci
1992-07-05T15:23:35.080Z,34.312,-116.425,5.104,2.51,mc,0,138.8,,0.139,ci,ci3035208,2016-02-10T21:55:01.323Z,"22km N of Yucca Valley, California",earthquake,,,,56,reviewed,ci,ci
1992-07-05T14:38:11.770Z,33.921,-116.307,0.236,2.59,mc,0,34.6,,0.18,ci,ci3035193,2016-02-09T20:49:35.683Z,"14km NE of Thousand Palms, California",earthquake,,0.356,,65,reviewed,ci,ci
1992-07-05T14:33:28.090Z,34.579,-116.594,6.442,2.76,mc,0,50.5,,0.193,ci,ci3035190,2016-02-10T11:15:35.368Z,"37km ENE of Lucerne Valley, California",earthquake,,0.776,,69,reviewed,ci,ci
1992-07-05T14:30:59.850Z,33.923,-116.418,-1.018,2.78,mc,0,62.2,,0.237,ci,ci3035189,2016-02-10T11:15:33.881Z,"9km ESE of Desert Hot Springs, California",earthquake,,0.675,,57,reviewed,ci,ci
1992-07-05T14:27:42.240Z,34.103,-116.982,2.779,2.8,mc,0,75,,0.197,ci,ci3035187,2016-02-10T07:40:02.875Z,"10km NE of Yucaipa, California",earthquake,,0.123,,80,reviewed,ci,ci
1992-07-05T13:52:59.410Z,34.121,-116.391,0.144,3.86,ml,0,34.9,,0.216,ci,ci3035178,2016-02-10T00:32:03.651Z,"4km ENE of Yucca Valley, California",earthquake,,0.342,,33,reviewed,ci,ci
1992-07-05T13:43:05.370Z,34.067,-116.37,3.692,2.83,ml,0,37.4,,0.204,ci,ci3035176,2016-02-10T04:08:55.411Z,"8km SE of Yucca Valley, California",earthquake,,0.245,,21,reviewed,ci,ci
1992-07-05T13:13:37.200Z,34.092,-116.994,1.544,2.5,mc,0,33.3,,0.215,ci,ci3035163,2016-02-10T21:54:56.002Z,"8km NE of Yucaipa, California",earthquake,,0.24,,40,reviewed,ci,ci
1992-07-05T13:07:02.690Z,34.099,-116.376,2.662,2.55,mc,0,46.2,,0.228,ci,ci3035162,2016-02-09T20:49:30.572Z,"5km ESE of Yucca Valley, California",earthquake,,0.426,,52,reviewed,ci,ci
1992-07-05T13:00:03.950Z,35.001,-116.949,4.285,3.04,mc,0,62.6,,0.181,ci,ci3095111,2016-02-09T20:49:28.793Z,"13km NNE of Barstow, California",earthquake,,0.255,,87,reviewed,ci,ci
1992-07-05T12:56:59.110Z,33.95,-116.402,2.211,2.59,mc,0,38,,0.175,ci,ci3035159,2016-02-10T00:32:02.020Z,"9km E of Desert Hot Springs, California",earthquake,,0.145,,51,reviewed,ci,ci
1992-07-05T12:26:27.200Z,34.656,-116.687,-0.947,2.5,mc,0,68,,0.261,ci,ci3035148,2016-02-09T20:49:27.374Z,"35km NE of Lucerne Valley, California",earthquake,,0.614,,51,reviewed,ci,ci
1992-07-05T12:05:44.100Z,33.999,-116.944,3.301,2.81,mc,0,39.4,,0.163,ci,ci3035144,2016-02-10T21:54:51.973Z,"8km NNE of Beaumont, California",earthquake,,0.144,,38,reviewed,ci,ci
1992-07-05T12:04:53.520Z,34.611,-116.336,4.854,2.65,mc,0,93.7,0.2401,0.233,ci,ci3035142,2016-02-10T00:31:59.346Z,"20km SW of Ludlow, California",earthquake,,,,32,reviewed,ci,ci
1992-07-05T12:04:19.530Z,34.317,-116.465,4.436,2.7,mc,0,125.7,,0.13,ci,ci3035140,2016-02-10T18:15:00.890Z,"23km N of Yucca Valley, California",earthquake,,13.914,,51,reviewed,ci,ci
1992-07-05T12:01:54.340Z,34.245,-116.791,5.261,3.34,ml,0,35.5,,0.162,ci,ci3035139,2016-02-09T20:49:25.959Z,"5km ESE of Big Bear City, California",earthquake,,1.507,,7,reviewed,ci,ci
1992-07-05T11:58:12.920Z,33.957,-116.339,-1.05,2.72,mc,0,42.6,,0.188,ci,ci3035136,2016-02-10T07:39:54.506Z,"15km E of Desert Hot Springs, California",earthquake,,0.453,,69,reviewed,ci,ci
1992-07-05T11:38:45.940Z,34.352,-116.455,0.076,2.85,mc,0,116.9,,0.144,ci,ci3095817,2016-02-10T18:14:59.530Z,"26km N of Yucca Valley, California",earthquake,,0.599,,17,reviewed,ci,ci
1992-07-05T11:38:39.110Z,34.011,-116.361,3.32,2.76,mc,0,49.6,,0.182,ci,ci3035129,2016-02-10T00:31:55.502Z,"13km SSE of Yucca Valley, California",earthquake,,0.389,,67,reviewed,ci,ci
1992-07-05T11:34:11.330Z,34.204,-116.867,2.398,2.92,ml,0,50.8,,0.151,ci,ci3035128,2016-02-10T18:14:58.216Z,"6km SE of Big Bear Lake, California",earthquake,,0.161,,8,reviewed,ci,ci
1992-07-05T11:28:22.990Z,34.171,-116.821,7.56,3.08,ml,0,53.1,,0.128,ci,ci3035125,2016-02-10T00:31:54.180Z,"10km SSE of Big Bear City, California",earthquake,,1.103,,26,reviewed,ci,ci
1992-07-05T11:14:38.040Z,34.068,-116.365,1.483,3.82,ml,0,38.4,,0.233,ci,ci3035120,2016-02-10T21:54:46.568Z,"8km SE of Yucca Valley, California",earthquake,,0.267,,28,reviewed,ci,ci
1992-07-05T11:03:37.390Z,34.021,-116.341,3.173,2.87,mc,0,45.4,,0.199,ci,ci3035116,2016-02-10T07:39:50.842Z,"13km SSW of Joshua Tree, California",earthquake,,0.221,,26,reviewed,ci,ci
1992-07-05T10:55:43.290Z,35.03,-116.968,-0.075,4.56,ml,0,61.2,,0.216,ci,ci3035113,2016-02-09T20:49:19.957Z,"15km NNE of Barstow, California",earthquake,,0.515,,26,reviewed,ci,ci
1992-07-05T10:36:19.090Z,34.62,-116.343,6.614,3.55,ml,0,73.1,,0.275,ci,ci3035109,2016-02-10T21:54:43.808Z,"20km SW of Ludlow, California",earthquake,,1.599,,35,reviewed,ci,ci
1992-07-05T10:23:11.620Z,34.124,-117.001,3.309,3.07,ml,0,30.1,,0.15,ci,ci3035107,2016-02-10T11:15:21.109Z,"11km NNE of Yucaipa, California",earthquake,,0.17,,24,reviewed,ci,ci
1992-07-05T10:16:15.270Z,34.205,-116.866,1.888,2.8,mc,0,53.3,,0.143,ci,ci3035105,2016-02-10T11:15:17.803Z,"6km SE of Big Bear Lake, California",earthquake,,0.156,,82,reviewed,ci,ci
1992-07-05T10:13:35.090Z,34.264,-116.897,6.988,2.76,mc,0,51.2,,0.167,ci,ci3035104,2016-02-10T18:14:54.824Z,"3km NNE of Big Bear Lake, California",earthquake,,0.597,,83,reviewed,ci,ci
1992-07-05T09:39:14.270Z,34.45,-116.492,-0.285,2.54,mc,0,69,,0.124,ci,ci3035088,2016-02-09T20:49:14.434Z,"38km N of Yucca Valley, California",earthquake,,0.875,,59,reviewed,ci,ci
1992-07-05T09:09:54.210Z,34.597,-116.616,2.242,2.52,mc,0,115.1,,0.164,ci,ci3035386,2016-02-10T04:08:37.354Z,"36km ENE of Lucerne Valley, California",earthquake,,0.658,,71,reviewed,ci,ci
1992-07-05T08:58:09.750Z,34.899,-116.686,4.974,3.15,ml,0,75.2,,0.21,ci,ci3099360,2016-02-10T07:39:43.145Z,"31km E of Barstow, California",earthquake,,,,24,reviewed,ci,ci
1992-07-05T08:40:24.190Z,34.263,-116.722,1.604,2.55,mc,0,120.7,,0.182,ci,ci3035063,2016-02-09T20:49:11.834Z,"11km E of Big Bear City, California",earthquake,,0.292,,63,reviewed,ci,ci
1992-07-05T08:27:10.740Z,34.04,-116.317,4.373,2.74,ml,0,38.5,,0.272,ci,ci3035060,2016-02-10T14:40:51.814Z,"10km S of Joshua Tree, California",earthquake,,0.52,,17,reviewed,ci,ci
1992-07-05T08:12:58.080Z,35.023,-116.963,-0.159,2.57,mc,0,61.6,0.08161,0.194,ci,ci3035054,2016-02-10T21:54:37.179Z,"15km NNE of Barstow, California",earthquake,,0.639,,47,reviewed,ci,ci
1992-07-05T08:06:29.850Z,34.128,-116.731,9.223,3.15,ml,0,34.7,,0.144,ci,ci3035053,2016-02-10T18:14:46.238Z,"16km WNW of Morongo Valley, California",earthquake,,0.416,,28,reviewed,ci,ci
1992-07-05T08:06:02.480Z,34.597,-116.619,3.074,2.68,mc,0,60.1,,0.218,ci,ci3099586,2016-02-10T04:08:34.771Z,"36km ENE of Lucerne Valley, California",earthquake,,0.558,,66,reviewed,ci,ci
1992-07-05T07:42:28.130Z,35.231,-116.882,-0.217,2.89,mc,0,83.4,,0.24,ci,ci3094840,2016-02-10T00:31:43.849Z,"18km W of Fort Irwin, California",earthquake,,0.882,,74,reviewed,ci,ci
1992-07-05T07:41:57.070Z,33.999,-116.939,3.677,2.62,mc,0,54,,0.159,ci,ci3035040,2016-02-09T20:49:05.854Z,"8km NNE of Beaumont, California",earthquake,,0.255,,46,reviewed,ci,ci
1992-07-05T07:34:45.490Z,34.368,-116.457,5.452,2.62,mc,0,61.1,,0.154,ci,ci3035038,2016-02-09T20:49:04.554Z,"28km N of Yucca Valley, California",earthquake,,4.797,,57,reviewed,ci,ci
1992-07-05T07:30:53.860Z,34.624,-116.607,3.512,2.64,mc,0,60.6,,0.194,ci,ci3035034,2016-02-10T04:08:29.810Z,"39km ENE of Lucerne Valley, California",earthquake,,0.163,,70,reviewed,ci,ci
1992-07-05T06:53:03.940Z,34.39,-116.457,0.583,3.75,ml,0,60.8,,0.133,ci,ci3035014,2016-02-10T11:15:10.442Z,"31km N of Yucca Valley, California",earthquake,,0.338,,30,reviewed,ci,ci
1992-07-05T06:39:36.140Z,34.103,-116.977,2.844,2.51,mc,0,40.6,,0.14,ci,ci3035000,2016-02-10T07:39:37.978Z,"10km NE of Yucaipa, California",earthquake,,0.152,,63,reviewed,ci,ci
1992-07-05T06:24:06.540Z,34.61,-116.343,4.854,2.74,mc,0,72.2,,0.202,ci,ci3034983,2016-02-10T00:31:38.426Z,"21km SW of Ludlow, California",earthquake,,,,58,reviewed,ci,ci
1992-07-05T06:14:17.340Z,34.379,-116.472,2.932,2.7,mc,0,153.3,,0.151,ci,ci3034976,2016-02-10T04:08:17.384Z,"30km N of Yucca Valley, California",earthquake,,0.403,,76,reviewed,ci,ci
1992-07-05T06:02:36.470Z,34.627,-116.659,2.552,2.73,mc,0,57.5,0.03312,0.186,ci,ci3034969,2016-02-10T21:54:32.841Z,"35km NE of Lucerne Valley, California",earthquake,,0.493,,73,reviewed,ci,ci
1992-07-05T05:56:04.390Z,34.131,-116.412,4.859,2.68,mc,0,38.1,,0.19,ci,ci3034961,2016-02-10T14:40:44.896Z,"3km NE of Yucca Valley, California",earthquake,,,,23,reviewed,ci,ci
1992-07-05T05:49:38.160Z,33.945,-116.399,2.14,4.07,ml,0,32.1,,0.205,ci,ci3034959,2016-02-10T00:31:37.053Z,"10km E of Desert Hot Springs, California",earthquake,,0.158,,26,reviewed,ci,ci
1992-07-05T05:46:31.900Z,34.961,-116.801,-0.869,2.68,mc,0,76.9,,0.195,ci,ci3034958,2016-02-10T18:14:37.987Z,"21km ENE of Barstow, California",earthquake,,0.806,,62,reviewed,ci,ci
1992-07-05T05:19:24.110Z,34.58,-116.602,-1.158,2.65,mc,0,50.2,,0.181,ci,ci3034944,2016-02-10T18:14:35.253Z,"37km ENE of Lucerne Valley, California",earthquake,,0.663,,72,reviewed,ci,ci
1992-07-05T05:00:16.360Z,34.645,-116.658,3.734,2.58,mc,0,46.6,0.02774,0.184,ci,ci3034937,2016-02-10T07:39:34.054Z,"36km NE of Lucerne Valley, California",earthquake,,0.188,,63,reviewed,ci,ci
1992-07-05T04:53:10.070Z,34.413,-116.591,-0.631,2.51,mc,0,56.9,,0.141,ci,ci3034935,2016-02-10T18:14:33.832Z,"29km NE of Big Bear City, California",earthquake,,0.559,,32,reviewed,ci,ci
1992-07-05T04:45:44.230Z,34.645,-116.655,3.022,2.98,ml,0,60.4,,0.163,ci,ci3034932,2016-02-10T04:08:12.011Z,"36km NE of Lucerne Valley, California",earthquake,,0.21,,21,reviewed,ci,ci
1992-07-05T04:31:18.340Z,34.644,-116.659,3.472,3.63,ml,0,46.8,,0.182,ci,ci3034930,2016-02-09T20:48:54.722Z,"36km NE of Lucerne Valley, California",earthquake,,0.762,,29,reviewed,ci,ci
1992-07-05T04:28:57.900Z,34.616,-116.622,6.062,2.98,ml,0,59.8,,0.165,ci,ci3034929,2016-02-09T20:48:53.246Z,"37km ENE of Lucerne Valley, California",earthquake,,0.431,,17,reviewed,ci,ci
1992-07-05T04:18:45.500Z,33.677,-116.705,16.781,3.09,ml,0,46.9,,0.205,ci,ci3094727,2016-02-10T00:31:33.925Z,"7km S of Idyllwild, California",earthquake,,1.286,,24,reviewed,ci,ci
1992-07-05T04:18:35.620Z,34.162,-116.436,4.897,2.5,mh,0,65.4,,0.16,ci,ci3034925,2016-02-09T20:48:51.867Z,"5km N of Yucca Valley, California",earthquake,,,,0,reviewed,ci,ci
1992-07-05T04:08:06.180Z,34.556,-116.57,-1.179,2.7,mc,0,115.1,,0.133,ci,ci3094599,2018-07-12T12:49:42.826Z,"38km ENE of Lucerne Valley, California",earthquake,,1.389,,79,reviewed,ci,ci
1992-07-05T03:42:34.770Z,34.158,-116.418,3.419,2.73,mc,0,45.3,,0.159,ci,ci3034918,2016-02-10T07:39:30.315Z,"5km NNE of Yucca Valley, California",earthquake,,0.453,,75,reviewed,ci,ci
1992-07-05T03:32:42.780Z,34.294,-116.723,-0.922,2.73,mc,0,38.2,,0.139,ci,ci3034916,2016-02-10T04:08:05.728Z,"12km ENE of Big Bear City, California",earthquake,,0.393,,71,reviewed,ci,ci
1992-07-05T03:23:12.280Z,33.928,-116.331,2.726,2.82,ml,0,33.3,,0.186,ci,ci3034913,2016-02-09T20:48:47.692Z,"13km NNE of Thousand Palms, California",earthquake,,0.135,,16,reviewed,ci,ci
1992-07-05T03:21:49.250Z,35.039,-116.978,-1.019,2.5,mc,0,60.8,,0.191,ci,ci3034912,2016-02-10T07:39:29.001Z,"16km NNE of Barstow, California",earthquake,,0.734,,17,reviewed,ci,ci
1992-07-05T03:16:27.420Z,34.071,-116.371,1.213,3.48,ml,0,56.8,,0.194,ci,ci3034910,2016-02-10T04:08:03.689Z,"7km SE of Yucca Valley, California",earthquake,,0.312,,44,reviewed,ci,ci
1992-07-05T03:16:26.550Z,34.569,-116.478,3.961,2.5,mh,0,195.7,,0.309,ci,ci3035242,2016-02-10T21:54:29.384Z,"34km WSW of Ludlow, California",earthquake,,5.414,,0,reviewed,ci,ci
1992-07-05T03:04:16.750Z,34.274,-116.693,2.784,2.54,mc,0,38.7,,0.177,ci,ci3034907,2016-02-10T04:08:02.205Z,"14km E of Big Bear City, California",earthquake,,0.291,,58,reviewed,ci,ci
1992-07-05T02:17:19.780Z,34.287,-116.743,9.408,2.64,mc,0,37.4,,0.149,ci,ci3034892,2016-02-09T20:48:42.561Z,"10km ENE of Big Bear City, California",earthquake,,0.411,,64,reviewed,ci,ci
1992-07-05T02:11:18.580Z,34.149,-116.712,4.003,2.67,mc,0,52.5,,0.133,ci,ci3094591,2016-02-10T21:54:21.373Z,"17km NW of Morongo Valley, California",earthquake,,40.035,,43,reviewed,ci,ci
1992-07-05T02:09:27.870Z,34.191,-116.803,-0.89,3.32,ml,0,56.2,,0.157,ci,ci3034890,2016-02-10T00:31:24.874Z,"9km SSE of Big Bear City, California",earthquake,,0.247,,32,reviewed,ci,ci
1992-07-05T02:01:30.420Z,34.401,-116.49,-1.52,2.88,mc,0,59,,0.163,ci,ci3035274,2016-02-10T18:14:22.868Z,"32km N of Yucca Valley, California",earthquake,,0.799,,38,reviewed,ci,ci
1992-07-05T02:00:18.730Z,34.444,-116.503,0.615,2.93,ml,0,79.9,,0.171,ci,ci3035273,2016-02-10T14:40:36.623Z,"37km N of Yucca Valley, California",earthquake,,0.371,,21,reviewed,ci,ci
1992-07-05T01:58:18.850Z,34.314,-116.455,6.997,3.32,ml,0,48.6,,0.186,ci,ci3034889,2016-02-10T11:14:57.936Z,"22km N of Yucca Valley, California",earthquake,,0.826,,28,reviewed,ci,ci
1992-07-05T01:52:10.480Z,34.368,-116.458,0.572,2.71,mc,0,61,,0.153,ci,ci3034888,2016-02-10T11:14:56.460Z,"28km N of Yucca Valley, California",earthquake,,0.468,,70,reviewed,ci,ci
1992-07-05T01:14:35.910Z,34.567,-116.498,4.328,2.57,mc,0,69,,0.184,ci,ci3034871,2016-02-10T18:14:15.273Z,"35km WSW of Ludlow, California",earthquake,,5.327,,60,reviewed,ci,ci
1992-07-05T00:47:55.240Z,34.613,-116.687,0.578,2.55,mc,0,47.9,0.06011,0.237,ci,ci3034863,2016-02-10T18:14:13.816Z,"32km NE of Lucerne Valley, California",earthquake,,1.005,,27,reviewed,ci,ci
1992-07-05T00:41:17.840Z,34.631,-116.502,3.354,2.84,mc,0,59,0.05557,0.14,ci,ci3034861,2016-02-10T07:39:19.360Z,"33km WSW of Ludlow, California",earthquake,,0.365,,82,reviewed,ci,ci
1992-07-05T00:41:11.080Z,33.937,-116.354,3.644,2.74,mc,0,86,0.02341,0.135,ci,ci3094582,2016-02-10T14:40:29.468Z,"13km NNE of Thousand Palms, California",earthquake,,0.133,,67,reviewed,ci,ci
1992-07-05T00:33:18.020Z,34.314,-116.665,-1.595,2.9,mc,0,40.6,,0.155,ci,ci3034858,2016-02-10T18:14:12.497Z,"18km ENE of Big Bear City, California",earthquake,,0.323,,84,reviewed,ci,ci
1992-07-04T23:22:05.800Z,33.963,-116.318,8.791,2.52,mc,0,40.4,,0.184,ci,ci3034825,2016-02-10T11:14:47.095Z,"17km E of Desert Hot Springs, California",earthquake,,0.476,,45,reviewed,ci,ci
1992-07-04T23:19:03.920Z,34.107,-116.977,2.999,2.57,mc,0,41.3,,0.171,ci,ci3034823,2016-02-10T04:07:52.084Z,"10km NE of Yucaipa, California",earthquake,,0.133,,62,reviewed,ci,ci
1992-07-04T23:11:50.190Z,34.093,-116.425,-0.511,3.01,ml,0,62.1,,0.21,ci,ci3034822,2016-02-10T00:31:09.152Z,"2km SSE of Yucca Valley, California",earthquake,,0.556,,20,reviewed,ci,ci
1992-07-04T23:11:43.390Z,34.305,-116.825,1.305,2.8,mc,0,93,0.04296,0.093,ci,ci3094576,2016-02-10T21:54:09.778Z,"5km NNE of Big Bear City, California",earthquake,,1.128,,25,reviewed,ci,ci
1992-07-04T22:15:37.500Z,34.251,-116.843,4.687,2.54,ml,0,34,,0.158,ci,ci3035419,2016-02-10T11:14:42.958Z,"1km S of Big Bear City, California",earthquake,,3.141,,11,reviewed,ci,ci
1992-07-04T21:54:19.780Z,34.513,-116.501,8.436,2.82,ml,0,68.9,,0.201,ci,ci3035436,2016-02-10T07:39:09.417Z,"39km SW of Ludlow, California",earthquake,,1.725,,18,reviewed,ci,ci
1992-07-04T21:53:40.150Z,34.619,-116.648,3.532,2.52,ml,0,58.2,,0.203,ci,ci3034794,2016-02-10T18:13:58.510Z,"35km ENE of Lucerne Valley, California",earthquake,,0.228,,8,reviewed,ci,ci
1992-07-04T21:40:24.850Z,35.008,-116.964,-1.039,3.02,ml,0,61.3,,0.229,ci,ci3035413,2016-02-10T14:40:20.228Z,"13km NNE of Barstow, California",earthquake,,0.732,,21,reviewed,ci,ci
1992-07-04T21:10:22.950Z,34.191,-116.431,-1.093,2.84,mc,0,52.8,,0.194,ci,ci3034784,2016-02-10T18:13:54.679Z,"8km N of Yucca Valley, California",earthquake,,0.534,,50,reviewed,ci,ci
1992-07-04T21:08:47.270Z,34.192,-116.433,-1.057,3.25,ml,0,52.9,,0.161,ci,ci3035209,2016-02-10T18:13:53.106Z,"9km N of Yucca Valley, California",earthquake,,0.358,,33,reviewed,ci,ci
1992-07-04T21:06:51.490Z,34.199,-116.435,-1.057,3.6,ml,0,54.4,,0.195,ci,ci3034783,2016-02-10T07:39:06.622Z,"9km N of Yucca Valley, California",earthquake,,0.436,,27,reviewed,ci,ci
1992-07-04T20:59:49.690Z,34.093,-116.411,4.109,2.63,mc,0,30.2,,0.2,ci,ci3034781,2016-02-10T21:54:04.002Z,"3km SE of Yucca Valley, California",earthquake,,0.526,,58,reviewed,ci,ci
1992-07-04T20:37:04.400Z,34.554,-116.538,5.834,2.79,mc,0,69.2,,0.18,ci,ci3034773,2016-02-10T18:13:48.886Z,"39km WSW of Ludlow, California",earthquake,,5.518,,18,reviewed,ci,ci
1992-07-04T20:33:34.840Z,34.605,-116.636,6.721,2.77,mc,0,121.8,,0.193,ci,ci3035360,2016-02-09T20:48:17.992Z,"35km ENE of Lucerne Valley, California",earthquake,,0.846,,70,reviewed,ci,ci
1992-07-04T20:32:43.680Z,34.61,-116.633,7.792,2.72,ml,0,107.3,,0.2,ci,ci3034772,2016-02-10T04:07:37.695Z,"36km ENE of Lucerne Valley, California",earthquake,,0.464,,12,reviewed,ci,ci
1992-07-04T20:19:23.040Z,34.635,-116.507,3.474,2.59,mc,0,131.6,,0.199,ci,ci3035328,2016-02-10T07:39:01.794Z,"33km WSW of Ludlow, California",earthquake,,0.508,,49,reviewed,ci,ci
1992-07-04T20:08:39.980Z,34.121,-116.904,1.655,2.84,ml,0,65,,0.295,ci,ci3034763,2016-02-10T00:30:54.712Z,"14km S of Big Bear Lake, California",earthquake,,0.132,,24,reviewed,ci,ci
1992-07-04T19:59:55.230Z,34.12,-116.418,0.307,2.73,mc,0,75.9,,0.172,ci,ci3035311,2016-02-10T00:30:52.970Z,"2km ENE of Yucca Valley, California",earthquake,,1.137,,46,reviewed,ci,ci
1992-07-04T19:59:47.820Z,34.107,-116.412,2.442,2.5,mc,0,126.6,,0.173,ci,ci3034759,2016-02-10T04:07:35.165Z,"2km ESE of Yucca Valley, California",earthquake,,0.547,,29,reviewed,ci,ci
1992-07-04T19:49:14.880Z,34.2,-116.798,1.514,2.8,mc,0,57.4,,0.147,ci,ci3034756,2016-02-10T21:54:01.228Z,"8km SSE of Big Bear City, California",earthquake,,0.227,,77,reviewed,ci,ci
1992-07-04T19:38:27.990Z,35.019,-116.961,-1.016,2.88,mc,0,61.8,,0.219,ci,ci3035301,2016-02-10T14:40:15.145Z,"14km NNE of Barstow, California",earthquake,,1.13,,80,reviewed,ci,ci
1992-07-04T19:38:08.500Z,34.254,-116.721,8.064,2.78,mc,0,92.9,,0.178,ci,ci3034755,2016-02-10T11:14:37.911Z,"11km E of Big Bear City, California",earthquake,,1.426,,65,reviewed,ci,ci
1992-07-04T18:36:15.300Z,34.273,-116.398,5.104,2.8,ml,0,112.5,,0.162,ci,ci3034726,2016-02-10T07:38:57.922Z,"17km NNW of Joshua Tree, California",earthquake,,,,22,reviewed,ci,ci
1992-07-04T18:31:32.220Z,34.624,-116.608,3.755,2.55,mc,0,126,,0.168,ci,ci3034725,2016-02-10T11:14:31.573Z,"39km ENE of Lucerne Valley, California",earthquake,,0.151,,30,reviewed,ci,ci
1992-07-04T18:22:40.690Z,34.071,-116.414,0.912,2.76,mc,0,100.2,,0.17,ci,ci3034723,2016-02-10T18:13:42.489Z,"5km SSE of Yucca Valley, California",earthquake,,0.74,,58,reviewed,ci,ci
1992-07-04T17:55:01.030Z,34.602,-116.638,-1.158,3.09,ml,0,96.6,,0.206,ci,ci3035283,2016-02-10T04:07:25.961Z,"35km ENE of Lucerne Valley, California",earthquake,,0.747,,19,reviewed,ci,ci
1992-07-04T17:55:00.620Z,34.108,-116.977,2.994,2.91,mc,0,70.6,,0.202,ci,ci3035291,2016-02-10T11:14:30.328Z,"10km NE of Yucaipa, California",earthquake,,0.326,,74,reviewed,ci,ci
1992-07-04T17:35:20.810Z,33.874,-116.253,2.025,2.57,mc,0,53.5,,0.19,ci,ci3116268,2016-02-10T14:40:08.726Z,"14km ENE of Thousand Palms, California",earthquake,,0.194,,53,reviewed,ci,ci
1992-07-04T17:26:34.380Z,34.361,-116.432,5.034,2.59,mc,0,113.4,,0.291,ci,ci3034703,2016-02-10T21:53:49.144Z,"27km NNW of Joshua Tree, California",earthquake,,,,46,reviewed,ci,ci
1992-07-04T17:24:41.790Z,34.201,-116.783,0.794,2.62,mc,0,82.9,,0.117,ci,ci3116264,2016-02-10T11:14:24.978Z,"9km SE of Big Bear City, California",earthquake,,0.318,,69,reviewed,ci,ci
1992-07-04T17:22:53.150Z,34.61,-116.634,4.684,2.64,mc,0,96.4,0.03468,0.17,ci,ci2131595,2016-02-10T04:07:23.223Z,"36km ENE of Lucerne Valley, California",earthquake,,1.334,,33,reviewed,ci,ci
1992-07-04T17:16:24.560Z,33.873,-116.257,1.749,2.96,mc,0,79.9,,0.178,ci,ci3034700,2016-02-10T21:53:46.529Z,"14km ENE of Thousand Palms, California",earthquake,,0.219,,69,reviewed,ci,ci
1992-07-04T17:05:54.820Z,34.798,-116.299,4.824,2.75,mc,0,148.5,,0.235,ci,ci3034697,2016-02-10T11:14:23.138Z,"15km NW of Ludlow, California",earthquake,,,,66,reviewed,ci,ci
1992-07-04T16:51:03.410Z,35.081,-116.671,5.011,2.6,mc,0,122.8,,0.156,ci,ci3034693,2016-02-10T04:07:21.964Z,"20km S of Fort Irwin, California",earthquake,,,,44,reviewed,ci,ci
1992-07-04T16:37:38.730Z,34.958,-116.933,-1.029,2.64,mc,0,71.3,0.088,0.285,ci,ci3132513,2016-02-09T20:47:57.871Z,"10km NE of Barstow, California",earthquake,,1.172,,37,reviewed,ci,ci
1992-07-04T16:37:22.710Z,34.346,-116.482,4.626,2.68,mc,0,108.5,,0.226,ci,ci3034690,2016-02-10T11:14:21.501Z,"26km N of Yucca Valley, California",earthquake,,,,55,reviewed,ci,ci
1992-07-04T16:34:19.490Z,34.456,-116.504,3.859,2.56,mc,0,132.4,,0.131,ci,ci3034689,2016-02-10T14:40:05.459Z,"38km NE of Big Bear City, California",earthquake,,5.515,,34,reviewed,ci,ci
1992-07-04T16:29:26.030Z,35.027,-116.963,0.221,3.27,ml,0,62,,0.185,ci,ci3034688,2016-02-10T07:38:50.418Z,"15km NNE of Barstow, California",earthquake,,0.465,,21,reviewed,ci,ci
1992-07-04T16:28:38.540Z,34.599,-116.663,4.342,3.01,mc,0,87.2,,0.158,ci,ci3095346,2016-02-10T07:38:49.005Z,"33km ENE of Lucerne Valley, California",earthquake,,3.665,,11,reviewed,ci,ci
1992-07-04T16:15:40.910Z,34.261,-116.735,-1.779,2.58,mc,0,103.3,,0.176,ci,ci3035270,2016-02-10T07:38:47.701Z,"10km E of Big Bear City, California",earthquake,,1.299,,54,reviewed,ci,ci
1992-07-04T15:58:17.010Z,34.249,-116.447,5.009,2.54,mc,0,134.3,,0.18,ci,ci3034680,2016-02-10T21:53:42.495Z,"15km N of Yucca Valley, California",earthquake,,,,24,reviewed,ci,ci
1992-07-04T15:52:05.830Z,34.61,-116.619,8.182,2.7,mc,0,124.9,,0.135,ci,ci3034678,2016-02-10T21:53:39.772Z,"37km ENE of Lucerne Valley, California",earthquake,,0.932,,65,reviewed,ci,ci
1992-07-04T15:49:36.310Z,34.626,-116.629,2.268,2.68,mc,0,123.1,,0.198,ci,ci3034677,2016-02-10T11:14:20.208Z,"37km ENE of Lucerne Valley, California",earthquake,,0.264,,70,reviewed,ci,ci
1992-07-04T15:11:12.190Z,34.143,-116.869,1.51,2.51,mc,0,100.3,,0.188,ci,ci3034663,2016-02-10T11:14:16.400Z,"12km SSE of Big Bear Lake, California",earthquake,,0.168,,54,reviewed,ci,ci
1992-07-04T14:58:43.270Z,34.938,-116.835,-1.039,2.7,mc,0,70.3,,0.223,ci,ci3034660,2016-02-10T11:14:15.051Z,"18km ENE of Barstow, California",earthquake,,0.783,,56,reviewed,ci,ci
1992-07-04T14:47:24.960Z,34.581,-116.581,4.672,3.33,ml,0,62.8,,0.189,ci,ci3034657,2016-02-10T00:30:36.090Z,"39km ENE of Lucerne Valley, California",earthquake,,2.047,,28,reviewed,ci,ci
1992-07-04T14:23:21.400Z,34.341,-116.466,0.132,2.61,mc,0,60.2,,0.139,ci,ci3034646,2016-02-09T20:47:48.337Z,"25km N of Yucca Valley, California",earthquake,,0.553,,55,reviewed,ci,ci
1992-07-04T14:03:39.860Z,33.978,-116.279,1.907,2.9,mc,0,43,,0.201,ci,ci3034641,2016-02-10T07:38:37.929Z,"18km S of Joshua Tree, California",earthquake,,0.179,,77,reviewed,ci,ci
1992-07-04T13:48:34.620Z,34.63,-116.498,3.604,2.72,mc,0,127.2,,0.161,ci,ci3035248,2016-02-10T00:30:30.823Z,"32km WSW of Ludlow, California",earthquake,,0.712,,74,reviewed,ci,ci
1992-07-04T13:23:15.990Z,34.245,-116.744,1.504,3.12,ml,0,38.8,,0.167,ci,ci3034625,2016-02-10T14:39:52.441Z,"10km E of Big Bear City, California",earthquake,,0.222,,30,reviewed,ci,ci
1992-07-04T13:15:17.000Z,34.326,-116.412,4.592,3,ml,0,64,,0.127,ci,ci3034622,2016-02-09T20:47:43.682Z,"23km NNW of Joshua Tree, California",earthquake,,0.298,,29,reviewed,ci,ci
1992-07-04T12:54:57.560Z,35.011,-116.968,3.661,2.61,mc,0,60.6,,0.168,ci,ci3034613,2016-02-10T07:38:31.484Z,"14km NNE of Barstow, California",earthquake,,0.39,,61,reviewed,ci,ci
1992-07-04T12:41:01.350Z,34.237,-116.888,5.995,2.6,mc,0,54.2,,0.167,ci,ci3034609,2016-02-10T14:39:48.008Z,"2km ESE of Big Bear Lake, California",earthquake,,1.24,,64,reviewed,ci,ci
1992-07-04T12:11:47.340Z,34.643,-116.659,3.832,3.25,ml,0,48.4,,0.196,ci,ci3034601,2016-02-10T21:53:30.293Z,"36km NE of Lucerne Valley, California",earthquake,,,,29,reviewed,ci,ci
1992-07-04T11:56:14.920Z,34.092,-116.851,0.18,2.86,mc,0,36.2,,0.193,ci,ci3034593,2016-02-10T07:38:27.443Z,"18km SSE of Big Bear Lake, California",earthquake,,0.202,,85,reviewed,ci,ci
1992-07-04T11:41:11.870Z,34.973,-117.031,1.29,2.56,mc,0,55.1,,0.149,ci,ci3034587,2016-02-10T07:38:24.801Z,"8km N of Barstow, California",earthquake,,0.2,,51,reviewed,ci,ci
1992-07-04T11:35:56.210Z,34.467,-116.516,4.906,2.64,mc,0,56.5,,0.143,ci,ci3116244,2016-02-10T04:07:09.304Z,"38km NE of Big Bear City, California",earthquake,,,,59,reviewed,ci,ci
1992-07-04T11:33:27.580Z,34.611,-116.645,7.246,2.55,mc,0,121.2,,0.171,ci,ci2102151,2016-02-10T04:07:07.933Z,"35km ENE of Lucerne Valley, California",earthquake,,1.269,,24,reviewed,ci,ci
1992-07-04T11:33:01.620Z,34.601,-116.643,7.372,2.67,mc,0,53.3,,0.216,ci,ci3034584,2016-02-10T21:53:27.629Z,"34km ENE of Lucerne Valley, California",earthquake,,0.504,,72,reviewed,ci,ci
1992-07-04T10:40:38.430Z,34.596,-116.574,3.392,2.9,ml,0,115.2,,0.156,ci,ci3034563,2016-02-10T21:53:22.441Z,"40km ENE of Lucerne Valley, California",earthquake,,0.44,,16,reviewed,ci,ci
1992-07-04T10:37:16.190Z,34.349,-116.467,4.562,2.76,mc,0,73.4,,0.115,ci,ci3034561,2016-02-10T00:30:17.086Z,"26km N of Yucca Valley, California",earthquake,,0.777,,25,reviewed,ci,ci
1992-07-04T10:33:40.460Z,34.312,-116.429,5.792,3.44,ml,0,51.7,,0.193,ci,ci3035065,2016-02-10T14:39:37.183Z,"22km N of Yucca Valley, California",earthquake,,1.364,,29,reviewed,ci,ci
1992-07-04T10:32:45.990Z,34.347,-116.469,6.782,3.43,ml,0,60.7,,0.11,ci,ci3034560,2016-02-10T14:39:35.682Z,"26km N of Yucca Valley, California",earthquake,,2.578,,26,reviewed,ci,ci
1992-07-04T10:25:13.340Z,34.102,-116.922,2.385,2.5,mc,0,30.1,,0.157,ci,ci3034559,2016-02-10T21:53:20.987Z,"14km NE of Yucaipa, California",earthquake,,0.128,,63,reviewed,ci,ci
1992-07-04T10:22:31.640Z,34.2,-116.783,0.616,2.58,mc,0,34.7,,0.169,ci,ci3034558,2016-02-10T04:07:03.428Z,"9km SE of Big Bear City, California",earthquake,,0.206,,72,reviewed,ci,ci
1992-07-04T10:17:58.800Z,34.012,-116.326,0.537,2.65,mc,0,37.5,,0.205,ci,ci3034557,2016-02-10T14:39:32.932Z,"14km S of Joshua Tree, California",earthquake,,0.308,,50,reviewed,ci,ci
1992-07-04T10:13:52.150Z,34.328,-116.462,3.942,2.52,mc,0,133.5,,0.128,ci,ci3034553,2016-02-10T00:30:15.741Z,"24km N of Yucca Valley, California",earthquake,,0.233,,51,reviewed,ci,ci
1992-07-04T09:59:12.360Z,34.12,-116.415,-1.001,2.55,mc,0,35.2,,0.156,ci,ci2103231,2016-02-10T14:39:31.592Z,"2km ENE of Yucca Valley, California",earthquake,,0.577,,53,reviewed,ci,ci
1992-07-04T09:36:01.200Z,34.293,-116.887,1.483,3.45,ml,0,26.6,,0.171,ci,ci3035032,2016-02-10T18:13:01.545Z,"5km NW of Big Bear City, California",earthquake,,0.173,,26,reviewed,ci,ci
1992-07-04T09:23:40.670Z,34.565,-116.521,-0.179,2.83,mc,0,67.2,,0.209,ci,ci3034534,2016-02-10T18:12:59.874Z,"37km WSW of Ludlow, California",earthquake,,,,85,reviewed,ci,ci
1992-07-04T09:20:02.390Z,34.334,-116.463,2.122,2.71,mc,0,137.3,,0.092,ci,ci3034815,2016-02-10T21:53:15.697Z,"25km N of Yucca Valley, California",earthquake,,0.423,,70,reviewed,ci,ci
1992-07-04T09:00:05.330Z,34.066,-117.278,10.273,2.51,mc,0,41,,0.163,ci,ci3034526,2016-02-10T07:38:19.223Z,"2km NW of Loma Linda, California",earthquake,,0.586,,36,reviewed,ci,ci
1992-07-04T08:56:46.600Z,34.39,-116.465,4.242,2.7,mc,0,60.4,,0.095,ci,ci3034525,2016-02-10T21:53:14.356Z,"31km N of Yucca Valley, California",earthquake,,0.686,,69,reviewed,ci,ci
1992-07-04T08:50:12.860Z,34.575,-116.561,3.252,2.9,mc,0,64.1,,0.184,ci,ci3034522,2016-02-10T21:53:11.566Z,"40km ENE of Lucerne Valley, California",earthquake,,0.513,,87,reviewed,ci,ci
1992-07-04T08:45:04.440Z,34.972,-116.933,-0.725,2.88,mc,0,75.5,,0.167,ci,ci3034518,2016-02-10T00:30:12.758Z,"12km NE of Barstow, California",earthquake,,1.602,,90,reviewed,ci,ci
1992-07-04T08:25:31.740Z,34.131,-116.398,0.155,2.71,mc,0,37.9,,0.206,ci,ci3034511,2016-02-09T20:47:20.566Z,"4km ENE of Yucca Valley, California",earthquake,,0.607,,63,reviewed,ci,ci
1992-07-04T08:22:58.920Z,34.448,-116.508,-0.759,2.74,mc,0,90.5,,0.131,ci,ci3034510,2016-02-10T04:06:55.636Z,"37km NE of Big Bear City, California",earthquake,,0.856,,67,reviewed,ci,ci
1992-07-04T08:15:35.090Z,35.691,-117.606,5.184,2.65,mc,0,118.4,,0.159,ci,ci3034509,2016-02-09T20:47:18.845Z,"10km NE of Ridgecrest, California",earthquake,,,,53,reviewed,ci,ci
1992-07-04T08:08:08.240Z,34.07,-116.366,1.783,2.82,mc,0,56.8,,0.178,ci,ci3034507,2016-02-10T00:30:09.947Z,"8km SE of Yucca Valley, California",earthquake,,0.35,,82,reviewed,ci,ci
1992-07-04T07:56:35.810Z,34.124,-116.393,2.332,2.51,mc,0,38.9,,0.218,ci,ci2102149,2016-02-10T04:06:53.091Z,"4km ENE of Yucca Valley, California",earthquake,,0.406,,50,reviewed,ci,ci
1992-07-04T07:31:12.980Z,34.957,-116.932,-1.039,3.07,ml,0,62.1,,0.157,ci,ci3034493,2016-02-10T04:06:49.898Z,"10km NE of Barstow, California",earthquake,,1.565,,26,reviewed,ci,ci
1992-07-04T07:25:07.180Z,34.454,-116.507,-0.895,2.78,mc,0,57.2,,0.146,ci,ci3094319,2016-02-10T11:13:51.671Z,"38km NE of Big Bear City, California",earthquake,,0.619,,77,reviewed,ci,ci
1992-07-04T07:24:41.720Z,34.118,-116.431,0.397,2.5,mc,0,40.7,,0.223,ci,ci3034490,2016-02-09T20:47:13.751Z,"0km NNE of Yucca Valley, California",earthquake,,0.84,,54,reviewed,ci,ci
1992-07-04T07:23:48.350Z,34.167,-116.43,-0.471,2.61,mc,0,47,,0.191,ci,ci3034488,2016-02-09T20:47:11.894Z,"6km N of Yucca Valley, California",earthquake,,0.645,,27,reviewed,ci,ci
1992-07-04T07:12:46.520Z,34.953,-116.937,-1.029,2.93,ml,0,63.5,,0.195,ci,ci3034840,2016-02-10T07:38:14.209Z,"10km NE of Barstow, California",earthquake,,2.182,,25,reviewed,ci,ci
1992-07-04T07:11:54.890Z,34.18,-116.432,3.559,2.82,ml,0,68.6,,0.152,ci,ci3034483,2016-02-10T18:12:49.084Z,"7km N of Yucca Valley, California",earthquake,,0.625,,11,reviewed,ci,ci
1992-07-04T07:01:37.570Z,34.558,-116.53,3.268,2.57,mc,0,66.6,,0.122,ci,ci3034477,2016-02-10T21:53:06.315Z,"38km WSW of Ludlow, California",earthquake,,1.062,,36,reviewed,ci,ci
1992-07-04T06:54:24.270Z,34.087,-116.854,0.99,2.85,mc,0,42.5,,0.152,ci,ci3034474,2016-02-10T00:30:03.261Z,"18km N of Banning, California",earthquake,,0.195,,76,reviewed,ci,ci
1992-07-04T06:50:01.250Z,34.62,-116.615,4.862,3.17,ml,0,60.3,,0.141,ci,ci3034471,2016-02-10T00:30:01.839Z,"38km ENE of Lucerne Valley, California",earthquake,,0.832,,27,reviewed,ci,ci
1992-07-04T06:39:34.870Z,34.334,-116.469,3.302,2.68,mc,0,185.2,,0.19,ci,ci3034467,2016-02-10T07:38:11.065Z,"25km N of Yucca Valley, California",earthquake,,0.322,,72,reviewed,ci,ci
1992-07-04T06:38:09.290Z,34.211,-116.778,4.087,2.63,mc,0,35.1,,0.201,ci,ci3034465,2016-02-10T21:53:05.015Z,"8km SE of Big Bear City, California",earthquake,,7.22,,71,reviewed,ci,ci
1992-07-04T06:22:02.420Z,34.246,-116.785,4.153,2.7,mc,0,63.5,,0.133,ci,ci3034872,2016-02-10T18:12:47.527Z,"6km ESE of Big Bear City, California",earthquake,,,,71,reviewed,ci,ci
1992-07-04T06:21:28.010Z,35.286,-116.828,1.393,2.72,mc,0,98.4,,0.156,ci,ci3034460,2016-02-10T18:12:46.042Z,"13km WNW of Fort Irwin, California",earthquake,,1.224,,74,reviewed,ci,ci
1992-07-04T06:10:24.930Z,34.084,-116.861,1.347,2.71,mc,0,146.1,0.06112,0.044,ci,ci3034868,2016-02-10T00:29:59.492Z,"18km N of Banning, California",earthquake,,2.48,,5,reviewed,ci,ci
1992-07-04T06:09:52.480Z,34.09,-116.857,1,3.02,ml,0,42.9,,0.145,ci,ci3034457,2016-02-10T00:29:58.279Z,"18km SSE of Big Bear Lake, California",earthquake,,0.177,,28,reviewed,ci,ci
1992-07-04T06:05:27.100Z,34.32,-116.464,5.104,2.8,mc,0,61.3,,0.157,ci,ci3096597,2016-02-10T07:38:09.732Z,"23km N of Yucca Valley, California",earthquake,,,,74,reviewed,ci,ci
1992-07-04T05:52:04.090Z,34.091,-116.38,0.842,3.14,ml,0,120.2,,0.158,ci,ci3034453,2016-02-10T21:53:03.537Z,"6km ESE of Yucca Valley, California",earthquake,,0.63,,25,reviewed,ci,ci
1992-07-04T05:48:42.620Z,34.255,-116.436,3.262,2.89,mc,0,55.6,,0.129,ci,ci3034452,2016-02-10T14:39:22.549Z,"16km N of Yucca Valley, California",earthquake,,0.646,,79,reviewed,ci,ci
1992-07-04T05:40:18.370Z,34.36,-116.373,3.848,2.75,mc,0,118.3,0.06674,0.253,ci,ci3034765,2016-02-10T18:12:42.034Z,"26km NNW of Joshua Tree, California",earthquake,,0.349,,18,reviewed,ci,ci
1992-07-04T05:40:12.720Z,34.178,-116.808,7.41,2.73,mc,0,48.9,,0.17,ci,ci3034750,2016-02-10T00:29:55.588Z,"10km SSE of Big Bear City, California",earthquake,,1.224,,46,reviewed,ci,ci
1992-07-04T05:39:38.360Z,34.23,-116.734,0.883,2.7,mc,0,39.3,,0.159,ci,ci3034451,2016-02-10T11:13:47.266Z,"11km ESE of Big Bear City, California",earthquake,,0.237,,72,reviewed,ci,ci
1992-07-04T05:32:55.500Z,35.011,-117.011,10.307,2.54,mc,0,58.9,,0.219,ci,ci3034736,2016-02-10T11:13:44.566Z,"12km N of Barstow, California",earthquake,,0.699,,37,reviewed,ci,ci
1992-07-04T05:32:40.300Z,34.196,-116.435,-0.625,2.66,mc,0,161.2,,0.177,ci,ci3034448,2016-02-10T11:13:43.234Z,"9km N of Yucca Valley, California",earthquake,,0.636,,66,reviewed,ci,ci
1992-07-04T05:29:51.810Z,34.419,-116.476,7.642,2.91,mc,0,59.4,,0.177,ci,ci3034447,2016-02-10T00:29:54.258Z,"34km N of Yucca Valley, California",earthquake,,1.796,,82,reviewed,ci,ci
1992-07-04T05:25:59.610Z,34.642,-116.507,-0.236,2.65,mc,0,110.5,,0.141,ci,ci3034446,2016-02-10T21:53:00.772Z,"33km WSW of Ludlow, California",earthquake,,0.932,,59,reviewed,ci,ci
1992-07-04T05:23:24.410Z,34.933,-116.92,-0.549,2.59,mc,0,64.1,,0.201,ci,ci3034444,2016-02-10T00:29:52.916Z,"10km ENE of Barstow, California",earthquake,,0.745,,69,reviewed,ci,ci
1992-07-04T05:13:51.290Z,34.536,-116.551,2.338,2.6,mc,0,105.6,,0.26,ci,ci3034438,2016-02-10T07:38:08.257Z,"40km ENE of Lucerne Valley, California",earthquake,,1.122,,38,reviewed,ci,ci
1992-07-04T05:04:27.000Z,34.023,-116.342,1.425,2.65,mc,0,109.4,0.09182,0.148,ci,ci3034434,2016-02-10T07:38:04.501Z,"13km SSW of Joshua Tree, California",earthquake,,1.219,,37,reviewed,ci,ci
1992-07-04T04:54:15.430Z,34.223,-116.774,0.997,3.11,ml,0,35.6,,0.151,ci,ci3034431,2016-02-10T21:52:56.884Z,"8km ESE of Big Bear City, California",earthquake,,0.186,,28,reviewed,ci,ci
1992-07-04T04:48:50.890Z,33.928,-116.328,1.937,3.34,ml,0,33.4,,0.203,ci,ci3034430,2016-02-10T14:39:21.204Z,"13km NNE of Thousand Palms, California",earthquake,,0.18,,24,reviewed,ci,ci
1992-07-04T04:46:02.450Z,34.446,-116.506,12.275,2.66,mc,0,108.8,,0.163,ci,ci3034691,2016-02-10T04:06:46.053Z,"37km ENE of Big Bear City, California",earthquake,,1.616,,67,reviewed,ci,ci
1992-07-04T04:44:41.160Z,34.184,-116.796,-1.09,2.82,ml,0,34.3,,0.175,ci,ci3034429,2016-02-10T00:29:50.287Z,"10km SSE of Big Bear City, California",earthquake,,0.252,,13,reviewed,ci,ci
1992-07-04T04:41:43.620Z,34.078,-116.378,2.633,2.68,mc,0,56,,0.216,ci,ci3034425,2016-02-10T21:52:55.385Z,"6km SE of Yucca Valley, California",earthquake,,0.335,,63,reviewed,ci,ci
1992-07-04T04:12:37.370Z,34.623,-116.575,4.832,2.54,mc,0,123,0.009062,0.199,ci,ci3034412,2016-02-10T00:29:46.008Z,"40km WSW of Ludlow, California",earthquake,,,,57,reviewed,ci,ci
1992-07-04T04:09:44.290Z,34.166,-116.886,-1.192,2.59,mc,0,88.4,,0.19,ci,ci3034407,2016-02-09T20:47:04.259Z,"9km SSE of Big Bear Lake, California",earthquake,,0.355,,74,reviewed,ci,ci
1992-07-04T03:55:17.580Z,34.191,-116.429,4.625,2.51,mc,0,100.5,,0.275,ci,ci3034396,2016-02-10T14:39:19.511Z,"8km N of Yucca Valley, California",earthquake,,,,45,reviewed,ci,ci
1992-07-04T03:49:22.830Z,35.013,-116.962,3.441,2.52,mc,0,61.5,,0.211,ci,ci3034392,2016-02-10T14:39:18.119Z,"14km NNE of Barstow, California",earthquake,,0.346,,46,reviewed,ci,ci
1992-07-04T03:29:04.730Z,34.103,-116.856,-0.27,2.83,ml,0,65.4,,0.187,ci,ci3034385,2016-02-10T21:52:51.423Z,"16km SSE of Big Bear Lake, California",earthquake,,0.305,,24,reviewed,ci,ci
1992-07-04T03:18:55.710Z,34.289,-116.722,-1.612,2.64,mc,0,85.6,,0.172,ci,ci3034381,2016-02-10T21:52:49.950Z,"12km ENE of Big Bear City, California",earthquake,,0.661,,68,reviewed,ci,ci
1992-07-04T02:55:33.390Z,35.14,-116.858,0.295,2.58,mc,0,86.4,,0.137,ci,ci3034369,2016-02-10T14:39:15.484Z,"21km SW of Fort Irwin, California",earthquake,,1.501,,60,reviewed,ci,ci
1992-07-04T02:43:33.760Z,34.595,-116.619,3.338,2.5,mc,0,114.8,,0.176,ci,ci3034366,2016-02-10T11:13:34.296Z,"36km ENE of Lucerne Valley, California",earthquake,,0.497,,50,reviewed,ci,ci
1992-07-04T02:32:00.060Z,34.089,-116.856,0.72,3.21,ml,0,31.4,,0.176,ci,ci3034362,2016-02-10T18:12:30.129Z,"18km SSE of Big Bear Lake, California",earthquake,,0.146,,32,reviewed,ci,ci
1992-07-04T02:25:30.290Z,34.62,-116.673,2.828,2.75,mc,0,79.2,,0.153,ci,ci3034359,2016-02-10T14:39:12.464Z,"33km NE of Lucerne Valley, California",earthquake,,,,58,reviewed,ci,ci
1992-07-04T02:20:49.410Z,34.3,-116.767,-1.602,2.76,mc,0,37,,0.169,ci,ci3034355,2016-02-10T00:29:38.526Z,"8km ENE of Big Bear City, California",earthquake,,0.334,,81,reviewed,ci,ci
1992-07-04T01:53:54.950Z,34.6,-116.632,2.222,2.78,mc,0,96.8,,0.221,ci,ci3034615,2016-02-09T20:46:53.960Z,"35km ENE of Lucerne Valley, California",earthquake,,0.511,,83,reviewed,ci,ci
1992-07-04T01:53:22.750Z,33.912,-117.045,13.284,2.82,ml,0,38.7,,0.171,ci,ci3034342,2016-02-10T00:29:37.123Z,"7km WSW of Beaumont, California",earthquake,,0.176,,6,reviewed,ci,ci
1992-07-04T01:49:12.210Z,34.291,-116.768,9.838,2.82,mc,0,36.8,,0.183,ci,ci3034339,2016-02-10T07:37:54.014Z,"8km ENE of Big Bear City, California",earthquake,,0.37,,81,reviewed,ci,ci
1992-07-04T01:40:48.700Z,34.621,-116.606,3.161,2.52,mc,0,60.7,,0.179,ci,ci3034337,2016-02-10T04:06:23.484Z,"39km ENE of Lucerne Valley, California",earthquake,,0.215,,23,reviewed,ci,ci
1992-07-04T01:36:40.180Z,34.231,-116.719,8.434,2.76,mc,0,37,,0.137,ci,ci3034336,2016-02-10T21:52:44.499Z,"12km ESE of Big Bear City, California",earthquake,,0.634,,77,reviewed,ci,ci
1992-07-04T01:18:37.710Z,34.597,-116.605,2.062,2.93,mc,0,50,,0.204,ci,ci3034330,2016-02-10T18:12:23.111Z,"37km ENE of Lucerne Valley, California",earthquake,,0.32,,84,reviewed,ci,ci
1992-07-04T00:57:11.590Z,34.153,-116.401,0.345,2.59,mc,0,44.3,,0.189,ci,ci3034320,2016-02-10T11:13:29.790Z,"5km NNE of Yucca Valley, California",earthquake,,0.326,,51,reviewed,ci,ci
1992-07-04T00:39:32.610Z,34.061,-116.374,1.212,2.62,mc,0,128.3,,0.196,ci,ci3034818,2016-02-10T18:12:20.313Z,"8km SE of Yucca Valley, California",earthquake,,0.643,,35,reviewed,ci,ci
1992-07-04T00:39:06.840Z,34.986,-116.948,4.751,2.61,mc,0,61.9,,0.355,ci,ci3034304,2016-02-09T20:46:46.475Z,"12km NE of Barstow, California",earthquake,,2.367,,54,reviewed,ci,ci
1992-07-04T00:18:41.560Z,34.329,-116.466,2.192,2.74,mc,0,102.3,,0.132,ci,ci3034555,2016-02-10T21:52:35.403Z,"24km N of Yucca Valley, California",earthquake,,0.379,,54,reviewed,ci,ci
1992-07-04T00:17:59.100Z,33.989,-116.335,0.187,2.78,mc,0,54.8,,0.194,ci,ci3034297,2016-02-10T14:39:06.922Z,"16km ENE of Desert Hot Springs, California",earthquake,,0.309,,65,reviewed,ci,ci
1992-07-04T00:12:09.490Z,33.994,-116.374,0.117,3.03,ml,0,35,,0.215,ci,ci3034296,2016-02-10T11:13:27.233Z,"12km ENE of Desert Hot Springs, California",earthquake,,0.289,,20,reviewed,ci,ci
1992-07-04T00:03:45.690Z,35.23,-116.883,1.173,2.67,mc,0,94.7,,0.177,ci,ci3096263,2016-02-10T14:39:05.188Z,"18km WSW of Fort Irwin, California",earthquake,,1.761,,45,reviewed,ci,ci
1992-07-03T23:44:16.760Z,34.617,-116.335,-1.071,2.78,mc,0,73,,0.217,ci,ci3034282,2016-02-10T11:13:24.493Z,"20km SW of Ludlow, California",earthquake,,1.015,,68,reviewed,ci,ci
1992-07-03T23:39:15.860Z,34.219,-116.863,-0.195,2.69,mc,0,33,,0.2,ci,ci3034281,2016-02-10T14:39:00.651Z,"5km SSW of Big Bear City, California",earthquake,,0.194,,68,reviewed,ci,ci
1992-07-03T23:28:09.990Z,34.949,-116.933,-1.039,2.68,mc,0,61.3,,0.295,ci,ci3034273,2016-02-10T07:37:44.096Z,"10km NE of Barstow, California",earthquake,,0.716,,64,reviewed,ci,ci
1992-07-03T23:05:29.360Z,34.08,-116.409,0.002,2.67,mc,0,30.7,,0.186,ci,ci3034262,2016-02-10T04:06:12.929Z,"4km SSE of Yucca Valley, California",earthquake,,0.438,,49,reviewed,ci,ci
1992-07-03T23:02:57.360Z,34.015,-116.338,-0.373,3.01,ml,0,37.6,,0.189,ci,ci3034261,2016-02-10T11:13:21.870Z,"14km S of Joshua Tree, California",earthquake,,0.309,,21,reviewed,ci,ci
1992-07-03T23:01:11.990Z,34.061,-116.376,3.101,2.75,mc,0,110.6,,0.178,ci,ci3034259,2016-02-10T04:06:11.261Z,"8km SE of Yucca Valley, California",earthquake,,0.38,,68,reviewed,ci,ci
1992-07-03T22:58:30.850Z,34.21,-116.838,4.134,3.01,ml,0,83.8,,0.134,ci,ci3034257,2016-02-10T14:38:56.835Z,"6km S of Big Bear City, California",earthquake,,,,20,reviewed,ci,ci
1992-07-03T22:58:30.330Z,33.942,-116.371,2.445,2.97,mc,0,141,,0.12,ci,ci3034496,2016-02-09T20:46:37.612Z,"12km E of Desert Hot Springs, California",earthquake,,0.202,,27,reviewed,ci,ci
1992-07-03T22:52:51.350Z,34.2,-116.869,1.718,2.91,ml,0,90.5,,0.175,ci,ci3034256,2016-02-10T18:12:13.751Z,"6km SE of Big Bear Lake, California",earthquake,,0.268,,16,reviewed,ci,ci
1992-07-03T22:51:43.880Z,34.029,-116.354,0.143,2.58,mc,0,72.4,,0.195,ci,ci3034255,2016-02-10T14:38:55.404Z,"12km SE of Yucca Valley, California",earthquake,,0.481,,49,reviewed,ci,ci
1992-07-03T22:43:25.340Z,35.02,-116.963,-0.785,2.9,mc,0,63.1,,0.23,ci,ci3034312,2016-02-10T18:12:12.269Z,"15km NNE of Barstow, California",earthquake,,0.833,,83,reviewed,ci,ci
1992-07-03T22:32:27.880Z,34.124,-116.413,1.101,2.65,mc,0,103.2,0.188,0.159,ci,ci3034240,2016-02-10T18:12:09.460Z,"2km ENE of Yucca Valley, California",earthquake,,0.72,,12,reviewed,ci,ci
1992-07-03T22:27:00.270Z,34.402,-116.455,4.417,2.8,mc,0,112.8,,0.262,ci,ci3034345,2016-02-10T18:12:07.307Z,"32km N of Yucca Valley, California",earthquake,,,,39,reviewed,ci,ci
1992-07-03T22:25:41.670Z,34.073,-116.421,-0.997,3.12,ml,0,100.3,,0.197,ci,ci3034344,2016-02-10T18:12:05.880Z,"5km SSE of Yucca Valley, California",earthquake,,1.096,,26,reviewed,ci,ci
1992-07-03T22:25:01.820Z,34.575,-116.455,4.399,3.31,ml,0,117.3,,0.239,ci,ci3034238,2016-02-10T11:13:19.109Z,"32km WSW of Ludlow, California",earthquake,,,,11,reviewed,ci,ci
1992-07-03T22:10:31.660Z,34.952,-116.937,-0.446,2.85,mc,0,61.2,,0.182,ci,ci3034236,2016-02-10T11:13:16.483Z,"10km NE of Barstow, California",earthquake,,0.894,,29,reviewed,ci,ci
1992-07-03T22:07:55.930Z,34.522,-116.535,13.117,2.94,mc,0,137.3,0.1422,0.085,ci,ci3034235,2016-02-10T14:38:52.415Z,"41km ENE of Lucerne Valley, California",earthquake,,2.128,,7,reviewed,ci,ci
1992-07-03T22:06:33.820Z,34.296,-116.764,0.595,2.52,mc,0,65.4,,0.163,ci,ci3034234,2016-02-10T07:37:37.986Z,"8km ENE of Big Bear City, California",earthquake,,0.277,,44,reviewed,ci,ci
1992-07-03T22:04:25.110Z,34.511,-116.54,0.461,3.29,ml,0,128.1,,0.127,ci,ci3034479,2016-02-10T14:38:51.196Z,"39km NE of Big Bear City, California",earthquake,,,,23,reviewed,ci,ci
1992-07-03T22:04:21.640Z,34.0661667,-116.383,0.94,2.5,mh,21,190,0.1286,0.17,ci,ci3034233,2016-02-10T21:52:28.743Z,"7km SE of Yucca Valley, California",earthquake,0.69,1.13,,0,reviewed,ci,ci
1992-07-03T22:01:36.010Z,34.581,-116.611,4.693,2.52,mc,0,126.3,,0.157,ci,ci3034232,2016-02-09T20:46:34.957Z,"36km ENE of Lucerne Valley, California",earthquake,,1.617,,22,reviewed,ci,ci
1992-07-03T21:52:20.520Z,34.056,-116.381,1.076,3.37,ml,0,46.3,,0.175,ci,ci3034478,2016-02-10T00:29:33.736Z,"8km SE of Yucca Valley, California",earthquake,,0.458,,25,reviewed,ci,ci
1992-07-03T21:51:53.350Z,34.218,-116.751,-0.086,2.79,mc,0,123.6,,0.11,ci,ci3034230,2016-02-10T07:37:36.626Z,"10km ESE of Big Bear City, California",earthquake,,0.842,,69,reviewed,ci,ci
1992-07-03T21:48:41.090Z,33.856,-116.27,3.009,2.95,ml,0,52.6,,0.196,ci,ci3034472,2016-02-10T07:37:34.630Z,"12km ENE of Thousand Palms, California",earthquake,,0.151,,19,reviewed,ci,ci
1992-07-03T21:47:48.810Z,34.033,-116.362,0.823,2.85,mc,0,93,,0.17,ci,ci3034229,2016-02-10T07:37:33.267Z,"11km SE of Yucca Valley, California",earthquake,,0.749,,9,reviewed,ci,ci
1992-07-03T21:44:08.880Z,34.561,-116.562,4.723,2.59,mc,0,116.3,,0.147,ci,ci3034227,2016-02-09T20:46:33.637Z,"39km ENE of Lucerne Valley, California",earthquake,,,,53,reviewed,ci,ci
1992-07-03T21:18:22.960Z,34.619,-116.644,3.542,3.83,ml,0,47.8,,0.188,ci,ci3034218,2016-02-09T20:46:31.013Z,"36km ENE of Lucerne Valley, California",earthquake,,0.238,,28,reviewed,ci,ci
1992-07-03T21:16:48.840Z,34.528,-116.524,4.853,2.62,mc,0,67.1,,0.111,ci,ci3034216,2016-02-10T21:52:22.312Z,"40km WSW of Ludlow, California",earthquake,,,,60,reviewed,ci,ci
1992-07-03T21:10:49.420Z,34.995,-116.945,5.038,2.52,mc,0,111,0.244,0.122,ci,ci3034214,2016-02-10T11:13:15.208Z,"13km NNE of Barstow, California",earthquake,,,,6,reviewed,ci,ci
1992-07-03T21:05:58.900Z,34.488,-116.556,-1.5,2.62,mc,0,153.3,0.1654,0.214,ci,ci3139158,2016-02-10T11:13:13.912Z,"37km NE of Big Bear City, California",earthquake,,2.865,,12,reviewed,ci,ci
1992-07-03T21:01:36.980Z,35.065,-116.991,3.731,2.59,mc,0,65.6,0.1023,0.175,ci,ci3133299,2016-02-09T20:46:29.449Z,"19km N of Barstow, California",earthquake,,0.908,,8,reviewed,ci,ci
1992-07-03T21:01:03.260Z,35.087,-116.671,5.011,2.67,mc,0,124,,0.287,ci,ci3034211,2016-02-10T04:06:07.456Z,"20km S of Fort Irwin, California",earthquake,,,,50,reviewed,ci,ci
1992-07-03T21:00:13.600Z,34.986,-116.947,5.135,2.55,mc,0,88.9,,0.202,ci,ci3034210,2016-02-10T18:11:59.220Z,"12km NE of Barstow, California",earthquake,,6.175,,43,reviewed,ci,ci
1992-07-03T20:58:02.340Z,34.542,-116.552,2.641,3.15,ml,0,117.7,,0.163,ci,ci3034209,2016-02-10T18:11:57.937Z,"40km ENE of Lucerne Valley, California",earthquake,,1.066,,19,reviewed,ci,ci
1992-07-03T20:55:26.310Z,34.259,-116.428,2.048,2.56,mc,0,54.6,,0.176,ci,ci3034208,2016-02-09T20:46:27.483Z,"16km N of Yucca Valley, California",earthquake,,0.515,,34,reviewed,ci,ci
1992-07-03T20:52:46.210Z,34.292,-116.721,-1.612,3.72,ml,0,38.5,,0.186,ci,ci3034207,2016-02-09T20:46:25.831Z,"12km ENE of Big Bear City, California",earthquake,,0.389,,31,reviewed,ci,ci
1992-07-03T20:38:06.240Z,34.022,-116.356,-0.307,2.88,mc,0,45,,0.188,ci,ci3034199,2016-02-09T20:46:23.417Z,"12km SE of Yucca Valley, California",earthquake,,0.506,,74,reviewed,ci,ci
1992-07-03T20:30:06.570Z,34.078,-116.879,4.024,2.64,mc,0,119.3,0.05002,0.066,ci,ci3093897,2016-02-09T20:46:22.034Z,"16km ENE of Yucaipa, California",earthquake,,2.28,,8,reviewed,ci,ci
1992-07-03T20:26:46.540Z,34.291,-116.715,-1.572,2.75,mc,0,67.1,,0.15,ci,ci3034449,2016-02-09T20:46:20.781Z,"12km ENE of Big Bear City, California",earthquake,,0.486,,73,reviewed,ci,ci
1992-07-03T19:49:56.640Z,34.122,-116.415,0.574,3.9,ml,0,35.6,,0.17,ci,ci3034177,2016-02-10T07:37:28.434Z,"2km ENE of Yucca Valley, California",earthquake,,0.373,,33,reviewed,ci,ci
1992-07-03T19:46:44.350Z,34.047,-116.351,0.823,2.96,mc,0,38.5,,0.241,ci,ci3034176,2016-02-10T04:05:58.830Z,"10km SSW of Joshua Tree, California",earthquake,,0.313,,80,reviewed,ci,ci
1992-07-03T19:44:48.430Z,34.239,-116.855,1.235,2.65,mc,0,70.2,,0.174,ci,ci3034175,2016-02-10T18:11:56.525Z,"3km SSW of Big Bear City, California",earthquake,,0.346,,72,reviewed,ci,ci
1992-07-03T19:37:10.970Z,35.08,-116.998,2.637,2.82,mc,0,68.7,,0.196,ci,ci3034173,2016-02-10T21:52:14.392Z,"20km N of Barstow, California",earthquake,,0.66,,57,reviewed,ci,ci
1992-07-03T19:19:53.790Z,35.082,-117.128,4.417,2.76,mc,0,73.1,,0.148,ci,ci3034163,2016-02-10T14:38:43.750Z,"22km NNW of Barstow, California",earthquake,,0.397,,61,reviewed,ci,ci
1992-07-03T19:18:29.420Z,34.617,-116.651,2.84,2.61,mc,0,72.5,,0.156,ci,ci3034162,2016-02-10T07:37:21.258Z,"35km ENE of Lucerne Valley, California",earthquake,,,,37,reviewed,ci,ci
1992-07-03T19:14:08.940Z,34.077,-116.413,-0.177,3.04,ml,0,36.5,,0.192,ci,ci3034158,2016-02-10T14:38:41.251Z,"4km SSE of Yucca Valley, California",earthquake,,0.419,,21,reviewed,ci,ci
1992-07-03T19:03:43.170Z,34.619,-116.636,8.332,2.71,mc,0,107,,0.117,ci,ci3034156,2016-02-10T21:52:10.487Z,"36km ENE of Lucerne Valley, California",earthquake,,0.474,,75,reviewed,ci,ci
1992-07-03T18:52:00.440Z,34.564,-116.57,2.124,2.51,mc,0,63.6,,0.28,ci,ci3034148,2016-02-10T00:29:25.016Z,"39km ENE of Lucerne Valley, California",earthquake,,0.883,,42,reviewed,ci,ci
1992-07-03T18:49:38.200Z,34.986,-116.945,-0.039,2.88,mc,0,62.3,,0.173,ci,ci3034147,2016-02-10T00:29:23.693Z,"12km NE of Barstow, California",earthquake,,,,84,reviewed,ci,ci
1992-07-03T18:30:44.310Z,34.261,-116.96,5.469,3.08,ml,0,164.8,0.4358,0.199,ci,ci3224800,2016-02-10T18:11:53.803Z,"5km WNW of Big Bear Lake, California",earthquake,,,,6,reviewed,ci,ci
1992-07-03T18:18:49.450Z,34.669,-116.529,3.685,2.88,mc,0,64.9,,0.26,ci,ci3034139,2016-02-10T07:37:18.782Z,"34km W of Ludlow, California",earthquake,,0.483,,75,reviewed,ci,ci
1992-07-03T18:15:59.190Z,34.281,-116.702,2.734,3.18,ml,0,38.8,,0.164,ci,ci3034138,2016-02-10T11:13:05.424Z,"13km E of Big Bear City, California",earthquake,,0.212,,31,reviewed,ci,ci
1992-07-03T18:00:56.970Z,34.129,-116.861,0.62,2.57,mc,0,36.5,,0.188,ci,ci3034137,2016-02-10T18:11:52.569Z,"14km SSE of Big Bear Lake, California",earthquake,,0.322,,58,reviewed,ci,ci
1992-07-03T17:57:00.060Z,34.386,-116.449,-0.278,2.62,mc,0,61.2,,0.168,ci,ci3034134,2016-02-10T11:13:03.978Z,"30km N of Yucca Valley, California",earthquake,,0.75,,40,reviewed,ci,ci
1992-07-03T17:51:53.930Z,34.62,-116.629,4.632,2.59,mc,0,48.5,,0.218,ci,ci3034133,2016-02-10T04:05:55.433Z,"37km ENE of Lucerne Valley, California",earthquake,,0.719,,52,reviewed,ci,ci
1992-07-03T17:17:06.410Z,34.262,-116.896,5.558,4.1,ml,0,29.3,,0.177,ci,ci3034125,2016-02-10T18:11:51.208Z,"2km NE of Big Bear Lake, California",earthquake,,0.6,,26,reviewed,ci,ci
1992-07-03T17:11:03.700Z,34.618,-116.615,6.242,2.83,mc,0,60.2,,0.191,ci,ci3034122,2016-02-10T00:29:18.607Z,"38km ENE of Lucerne Valley, California",earthquake,,0.404,,41,reviewed,ci,ci
1992-07-03T17:07:03.100Z,34.923,-116.926,-1.029,3.01,ml,0,60.2,,0.233,ci,ci3034121,2016-02-10T07:37:13.341Z,"9km ENE of Barstow, California",earthquake,,0.61,,19,reviewed,ci,ci
1992-07-03T16:57:57.270Z,34.146,-116.423,0.493,2.92,ml,0,41.9,,0.206,ci,ci3093829,2016-02-10T14:38:35.810Z,"4km NNE of Yucca Valley, California",earthquake,,0.497,,21,reviewed,ci,ci
1992-07-03T16:57:35.050Z,34.626,-116.652,5.005,2.5,mh,0,47.3,,0.238,ci,ci3034119,2016-02-10T21:52:06.557Z,"35km NE of Lucerne Valley, California",earthquake,,,,0,reviewed,ci,ci
1992-07-03T16:55:12.910Z,34.624,-116.648,6.132,2.71,mc,0,58.1,,0.155,ci,ci3093772,2016-02-10T00:29:16.597Z,"36km NE of Lucerne Valley, California",earthquake,,2.873,,59,reviewed,ci,ci
1992-07-03T16:43:45.590Z,34.274,-116.735,-1.939,2.55,mc,0,63.5,,0.138,ci,ci3034115,2016-02-10T21:52:05.182Z,"10km E of Big Bear City, California",earthquake,,1.204,,20,reviewed,ci,ci
1992-07-03T16:36:15.780Z,34.212,-116.428,4.972,2.5,mh,0,96.2,,0.264,ci,ci3093769,2016-04-02T08:47:35.911Z,"11km N of Yucca Valley, CA",earthquake,,,,0,reviewed,ci,ci
1992-07-03T16:32:20.710Z,33.983,-116.281,2.207,3.06,ml,0,42.2,,0.189,ci,ci3034109,2016-02-10T21:52:02.445Z,"17km S of Joshua Tree, California",earthquake,,0.237,,20,reviewed,ci,ci
1992-07-03T16:29:07.800Z,34.281,-116.737,-1.132,2.99,ml,0,37.5,,0.195,ci,ci3034108,2016-02-10T14:38:34.449Z,"10km ENE of Big Bear City, California",earthquake,,0.304,,23,reviewed,ci,ci
1992-07-03T16:11:01.290Z,34.256,-116.431,2.322,2.63,mc,0,55.9,0.03707,0.148,ci,ci3034103,2016-02-10T04:05:51.414Z,"16km N of Yucca Valley, California",earthquake,,0.449,,40,reviewed,ci,ci
1992-07-03T16:04:34.100Z,34.958,-116.935,5.232,2.63,mc,0,79.2,0.2676,0.197,ci,ci3034099,2016-02-10T07:37:08.289Z,"10km NE of Barstow, California",earthquake,,,,52,reviewed,ci,ci
1992-07-03T15:59:11.790Z,34.348,-116.445,3.276,2.51,mc,0,152.2,,0.165,ci,ci3093108,2016-02-10T00:29:14.041Z,"26km N of Yucca Valley, California",earthquake,,0.282,,9,reviewed,ci,ci
1992-07-03T15:58:13.840Z,34.025,-116.349,1.413,2.9,mc,0,45.4,0.03846,0.134,ci,ci3093107,2016-02-09T20:46:16.811Z,"12km SE of Yucca Valley, California",earthquake,,0.341,,66,reviewed,ci,ci
1992-07-03T15:35:23.740Z,34.06,-116.419,8.248,2.5,mc,0,53,,0.224,ci,ci3034093,2016-02-10T14:38:31.725Z,"6km SSE of Yucca Valley, California",earthquake,,1.455,,32,reviewed,ci,ci
1992-07-03T15:31:11.610Z,34.065,-116.377,-0.038,2.86,ml,0,44.3,,0.184,ci,ci3034091,2016-02-10T14:38:29.781Z,"8km SE of Yucca Valley, California",earthquake,,0.395,,19,reviewed,ci,ci
1992-07-03T15:06:36.280Z,33.88,-116.281,2.004,2.68,mc,0,41.1,,0.158,ci,ci3034088,2016-02-09T20:46:14.134Z,"12km ENE of Thousand Palms, California",earthquake,,0.281,,44,reviewed,ci,ci
1992-07-03T15:03:56.610Z,34.622,-116.69,0.382,2.81,mc,0,55.7,,0.181,ci,ci3034085,2016-02-10T07:37:04.539Z,"32km NE of Lucerne Valley, California",earthquake,,0.471,,71,reviewed,ci,ci
1992-07-03T15:00:44.650Z,34.248,-116.378,-0.861,2.84,mc,0,65.9,,0.172,ci,ci3034084,2016-02-10T00:29:11.272Z,"14km NNW of Joshua Tree, California",earthquake,,0.973,,67,reviewed,ci,ci
1992-07-03T14:47:43.800Z,34.075,-116.369,2.287,2.78,mc,0,58.1,0.1378,0.162,ci,ci3093420,2016-02-10T14:38:28.371Z,"7km SE of Yucca Valley, California",earthquake,,0.268,,40,reviewed,ci,ci
1992-07-03T14:46:44.730Z,34.094,-116.395,-0.063,3.16,ml,0,33.1,,0.196,ci,ci3034082,2016-02-10T00:29:09.940Z,"4km ESE of Yucca Valley, California",earthquake,,0.423,,24,reviewed,ci,ci
1992-07-03T14:44:20.240Z,34.429,-116.456,9.58,2.56,mc,0,60.2,0.1575,0.26,ci,ci3034080,2016-02-10T14:38:27.150Z,"35km N of Yucca Valley, California",earthquake,,3.745,,21,reviewed,ci,ci
1992-07-03T14:34:44.040Z,34.102,-116.393,0.277,2.86,ml,0,52.8,,0.199,ci,ci3034078,2016-02-10T18:11:44.496Z,"4km ESE of Yucca Valley, California",earthquake,,0.463,,12,reviewed,ci,ci
1992-07-03T14:30:54.710Z,35.029,-116.969,2.281,3.2,ml,0,61,,0.211,ci,ci3034077,2016-02-10T14:38:25.936Z,"15km NNE of Barstow, California",earthquake,,0.373,,19,reviewed,ci,ci
1992-07-03T14:27:24.920Z,34.262,-116.899,4.874,3.27,ml,0,50.8,,0.172,ci,ci3034076,2016-02-09T20:46:12.822Z,"2km NNE of Big Bear Lake, California",earthquake,,1.479,,25,reviewed,ci,ci
1992-07-03T14:23:19.820Z,35.679,-117.59,2.434,3.22,ml,0,122.6,,0.19,ci,ci3034075,2016-02-10T00:29:07.324Z,"10km NE of Ridgecrest, California",earthquake,,0.217,,26,reviewed,ci,ci
1992-07-03T14:20:14.050Z,34.597,-116.629,3.184,2.8,mc,0,59.5,,0.167,ci,ci3034074,2016-02-09T20:46:11.347Z,"35km ENE of Lucerne Valley, California",earthquake,,0.283,,72,reviewed,ci,ci
1992-07-03T14:12:32.110Z,34.611,-116.638,4.142,2.8,ml,0,58.8,,0.17,ci,ci3034073,2016-02-10T21:51:57.072Z,"36km ENE of Lucerne Valley, California",earthquake,,0.18,,17,reviewed,ci,ci
1992-07-03T14:05:56.780Z,34.203,-116.429,-0.944,2.8,mc,0,80.3,,0.128,ci,ci3034072,2016-02-10T11:12:58.936Z,"10km N of Yucca Valley, California",earthquake,,0.935,,33,reviewed,ci,ci
1992-07-03T13:50:30.280Z,35.147,-116.859,-0.43,2.86,mc,0,144.2,0.23,0.234,ci,ci3034067,2016-02-10T07:37:03.244Z,"20km SW of Fort Irwin, California",earthquake,,1.371,,65,reviewed,ci,ci
1992-07-03T13:23:50.390Z,35.188,-117.258,2.913,3.02,ml,0,86.1,,0.247,ci,ci3092973,2016-02-10T18:11:40.519Z,"39km NNW of Barstow, California",earthquake,,1.707,,17,reviewed,ci,ci
1992-07-03T13:19:02.940Z,34.209,-116.81,-1.421,2.94,mc,0,52.5,,0.247,ci,ci3034055,2016-02-10T14:38:24.546Z,"7km SSE of Big Bear City, California",earthquake,,0.496,,88,reviewed,ci,ci
1992-07-03T13:12:37.600Z,34.214,-116.813,-1.155,2.67,mc,0,53,,0.209,ci,ci3034054,2016-02-10T21:51:55.445Z,"6km SSE of Big Bear City, California",earthquake,,0.334,,72,reviewed,ci,ci
1992-07-03T12:50:51.240Z,35.178,-117.255,3.633,2.5,mc,0,84.5,,0.261,ci,ci3034051,2016-02-10T00:29:01.898Z,"38km NW of Barstow, California",earthquake,,0.72,,63,reviewed,ci,ci
1992-07-03T12:48:56.120Z,34.165,-116.843,9.14,2.79,mc,0,47.1,,0.221,ci,ci3034049,2016-02-10T21:51:53.989Z,"11km S of Big Bear City, California",earthquake,,0.316,,75,reviewed,ci,ci
1992-07-03T12:32:24.360Z,34.538,-116.534,3.451,3.48,ml,0,66.3,,0.204,ci,ci3034047,2016-02-09T20:46:07.407Z,"40km WSW of Ludlow, California",earthquake,,0.612,,21,reviewed,ci,ci
1992-07-03T12:29:51.510Z,34.528,-116.539,-1.094,3.48,ml,0,66,,0.218,ci,ci3034045,2016-02-10T14:38:23.152Z,"40km ENE of Lucerne Valley, California",earthquake,,0.471,,32,reviewed,ci,ci
1992-07-03T12:29:32.520Z,34.536,-116.535,-1.356,2.5,mh,0,86.6,,0.222,ci,ci3092957,2016-02-10T21:51:52.487Z,"40km WSW of Ludlow, California",earthquake,,1.975,,0,reviewed,ci,ci
1992-07-03T12:15:42.500Z,34.179,-116.812,8,3.66,ml,0,33.8,,0.192,ci,ci3034044,2016-02-10T11:12:56.301Z,"10km SSE of Big Bear City, California",earthquake,,0.371,,28,reviewed,ci,ci
1992-07-03T11:56:17.150Z,34.092,-116.4,-0.874,3.28,ml,0,59.5,,0.211,ci,ci3034040,2016-02-10T11:12:54.744Z,"4km SE of Yucca Valley, California",earthquake,,0.406,,23,reviewed,ci,ci
1992-07-03T11:48:10.380Z,34.045,-116.355,0.891,2.78,mc,0,50.5,,0.225,ci,ci3092959,2016-02-10T07:37:01.982Z,"10km SE of Yucca Valley, California",earthquake,,0.488,,59,reviewed,ci,ci
1992-07-03T11:47:24.430Z,34.278,-116.794,0.195,2.88,mc,0,82.8,,0.198,ci,ci3034038,2016-02-10T18:11:39.174Z,"5km ENE of Big Bear City, California",earthquake,,0.51,,85,reviewed,ci,ci
1992-07-03T11:40:27.480Z,33.944,-116.304,3.143,3.38,ml,0,42.6,,0.189,ci,ci3034037,2016-02-10T00:29:00.219Z,"16km NNE of Thousand Palms, California",earthquake,,0.138,,23,reviewed,ci,ci
1992-07-03T11:35:07.770Z,34.615,-116.6,3.832,2.74,mc,0,61.2,,0.201,ci,ci3034036,2016-02-09T20:46:05.960Z,"39km ENE of Lucerne Valley, California",earthquake,,0.17,,76,reviewed,ci,ci
1992-07-03T11:23:58.730Z,34.203,-116.852,3.445,2.58,mc,0,54.1,,0.155,ci,ci3034033,2016-02-10T14:38:21.787Z,"6km S of Big Bear City, California",earthquake,,0.656,,49,reviewed,ci,ci
1992-07-03T11:23:56.610Z,34.204,-116.855,4.178,2.6,mc,0,79.8,,0.108,ci,ci3093356,2016-02-10T18:11:36.349Z,"6km S of Big Bear City, California",earthquake,,,,50,reviewed,ci,ci
1992-07-03T11:19:52.750Z,34.047,-116.357,0.373,2.87,mc,0,50.5,,0.203,ci,ci3034032,2016-02-09T20:46:03.307Z,"10km SE of Yucca Valley, California",earthquake,,0.388,,69,reviewed,ci,ci
1992-07-03T11:00:45.430Z,34.361,-116.521,4.349,2.82,mc,0,103.6,,0.138,ci,ci3093012,2016-02-10T04:05:41.922Z,"29km NNW of Yucca Valley, California",earthquake,,4.025,,66,reviewed,ci,ci
1992-07-03T11:00:25.630Z,34.061,-116.368,3.691,2.69,mc,0,54.2,,0.174,ci,ci3034024,2016-02-10T04:05:40.567Z,"8km SE of Yucca Valley, California",earthquake,,0.319,,76,reviewed,ci,ci
1992-07-03T10:53:50.320Z,33.941,-116.307,3.123,3.22,ml,0,43.8,,0.214,ci,ci3034022,2016-02-10T07:36:59.895Z,"16km NNE of Thousand Palms, California",earthquake,,0.15,,19,reviewed,ci,ci
1992-07-03T10:52:12.370Z,34.632,-116.637,5.005,2.63,mc,0,96.1,,0.196,ci,ci3034020,2016-02-10T04:05:39.181Z,"37km NE of Lucerne Valley, California",earthquake,,,,48,reviewed,ci,ci
1992-07-03T10:40:07.600Z,34.201,-116.868,1.628,3.77,ml,0,67.8,,0.16,ci,ci3034017,2016-02-10T14:38:20.265Z,"6km SE of Big Bear Lake, California",earthquake,,0.144,,28,reviewed,ci,ci
1992-07-03T10:35:35.410Z,34.632,-116.597,3.612,3.09,ml,0,112.3,,0.212,ci,ci3034014,2016-02-09T20:46:00.651Z,"40km ENE of Lucerne Valley, California",earthquake,,0.126,,17,reviewed,ci,ci
1992-07-03T10:30:01.140Z,34.058,-116.433,-0.009,3.87,ml,0,116.7,,0.204,ci,ci3034013,2016-02-10T04:05:37.886Z,"6km S of Yucca Valley, California",earthquake,,0.471,,30,reviewed,ci,ci
1992-07-03T10:24:34.200Z,34.085,-116.386,-0.955,3.2,ml,0,35,,0.173,ci,ci3034012,2016-02-10T21:51:49.866Z,"5km SE of Yucca Valley, California",earthquake,,0.507,,21,reviewed,ci,ci
1992-07-03T10:15:22.290Z,34.212,-116.836,6.654,2.88,mc,0,52.3,,0.174,ci,ci3034011,2016-02-10T14:38:18.727Z,"6km S of Big Bear City, California",earthquake,,0.941,,90,reviewed,ci,ci
1992-07-03T10:07:53.760Z,34.092,-116.854,0.83,2.95,mc,0,58.7,,0.161,ci,ci3034007,2016-02-09T20:45:59.195Z,"18km SSE of Big Bear Lake, California",earthquake,,0.196,,87,reviewed,ci,ci
1992-07-03T09:51:50.700Z,34.473,-116.509,0.176,2.81,mc,0,67.9,,0.189,ci,ci3034004,2016-02-10T04:05:36.436Z,"39km NE of Big Bear City, California",earthquake,,0.605,,55,reviewed,ci,ci
1992-07-03T09:49:32.550Z,34.967,-116.934,0.505,3.79,ml,0,62.6,,0.233,ci,ci3034002,2016-02-10T11:12:50.866Z,"11km NE of Barstow, California",earthquake,,0.55,,30,reviewed,ci,ci
1992-07-03T09:33:23.170Z,34.621,-116.654,5.742,3.01,ml,0,57.8,,0.157,ci,ci3034001,2016-02-10T18:11:34.998Z,"35km NE of Lucerne Valley, California",earthquake,,0.496,,21,reviewed,ci,ci
1992-07-03T09:24:13.190Z,34.63,-116.624,5.005,2.5,mc,0,49.4,0.04876,0.209,ci,ci3034000,2016-02-10T21:51:46.872Z,"38km ENE of Lucerne Valley, California",earthquake,,,,33,reviewed,ci,ci
1992-07-03T09:13:48.350Z,34.254,-116.432,1.982,2.92,mc,0,125.4,,0.198,ci,ci3033998,2016-02-10T07:36:58.451Z,"16km N of Yucca Valley, California",earthquake,,1.069,,54,reviewed,ci,ci
1992-07-03T09:13:43.870Z,34.315,-116.81,-1.415,2.79,mc,0,90,,0.122,ci,ci3092939,2016-02-09T20:45:57.491Z,"7km NNE of Big Bear City, California",earthquake,,0.522,,85,reviewed,ci,ci
1992-07-03T09:07:22.960Z,34.634,-116.51,3.18,2.8,mc,0,58.3,,0.209,ci,ci3033996,2016-02-10T11:12:49.357Z,"33km WSW of Ludlow, California",earthquake,,0.884,,57,reviewed,ci,ci
1992-07-03T09:04:23.140Z,34.263,-116.737,-1.556,2.92,mc,0,61.7,,0.13,ci,ci3033995,2016-02-10T14:38:17.276Z,"10km E of Big Bear City, California",earthquake,,0.312,,91,reviewed,ci,ci
1992-07-03T08:42:08.040Z,33.986,-116.4,-0.553,3.13,ml,0,39.5,,0.175,ci,ci3093142,2016-02-10T04:05:32.507Z,"10km ENE of Desert Hot Springs, California",earthquake,,0.595,,20,reviewed,ci,ci
1992-07-03T08:41:30.850Z,33.983,-116.403,0.027,2.92,mc,0,34.6,,0.194,ci,ci3033989,2016-02-10T00:28:54.792Z,"9km ENE of Desert Hot Springs, California",earthquake,,0.457,,84,reviewed,ci,ci
1992-07-03T08:39:52.530Z,34.269,-116.434,1.459,2.55,mc,0,55.2,,0.121,ci,ci3033986,2016-02-10T00:28:52.593Z,"17km N of Yucca Valley, California",earthquake,,1.012,,30,reviewed,ci,ci
1992-07-03T08:32:49.490Z,35.687,-117.62,3.844,2.57,mc,0,108.8,,0.176,ci,ci3033985,2016-02-10T21:51:45.500Z,"9km NE of Ridgecrest, California",earthquake,,0.213,,46,reviewed,ci,ci
1992-07-03T08:30:27.190Z,34.632,-116.522,1.952,3,ml,0,64.3,,0.224,ci,ci3033984,2016-02-10T11:12:46.756Z,"35km WSW of Ludlow, California",earthquake,,0.434,,21,reviewed,ci,ci
1992-07-03T08:05:06.930Z,34.151,-116.435,4.159,2.96,ml,0,42.9,,0.22,ci,ci3033975,2016-02-10T00:28:51.211Z,"4km N of Yucca Valley, California",earthquake,,1.613,,24,reviewed,ci,ci
1992-07-03T07:50:32.530Z,34.195,-116.799,1.134,3.4,ml,0,34.4,,0.144,ci,ci3033974,2016-02-10T14:38:15.855Z,"8km SSE of Big Bear City, California",earthquake,,0.277,,25,reviewed,ci,ci
1992-07-03T07:44:25.690Z,34.61,-116.641,9.222,2.62,mc,0,58.6,,0.144,ci,ci3033971,2016-02-10T18:11:31.870Z,"35km ENE of Lucerne Valley, California",earthquake,,0.482,,65,reviewed,ci,ci
1992-07-03T07:39:28.060Z,34.396,-116.465,5.102,2.57,mc,0,60.3,,0.249,ci,ci3033969,2016-02-10T11:12:40.802Z,"32km N of Yucca Valley, California",earthquake,,,,62,reviewed,ci,ci
1992-07-03T07:14:09.140Z,34.578,-116.727,5.734,3.17,mh,0,216.4,0.7926,0.264,ci,ci3217138,2016-02-10T11:12:38.212Z,"27km NE of Lucerne Valley, California",earthquake,,,,12,reviewed,ci,ci
1992-07-03T07:07:23.270Z,34.048,-116.36,0.343,2.84,mc,0,48.3,,0.187,ci,ci3033954,2016-02-10T00:28:48.572Z,"10km SE of Yucca Valley, California",earthquake,,0.395,,77,reviewed,ci,ci
1992-07-03T06:47:38.900Z,34.564,-116.451,5.07,2.53,mc,0,142.6,,0.129,ci,ci3033945,2016-02-10T11:12:37.044Z,"32km WSW of Ludlow, California",earthquake,,,,52,reviewed,ci,ci
1992-07-03T06:42:34.020Z,34.199,-116.822,9.583,2.5,mc,0,77.6,,0.152,ci,ci3095771,2016-02-10T04:05:29.492Z,"7km SSE of Big Bear City, California",earthquake,,1.175,,42,reviewed,ci,ci
1992-07-03T06:27:32.730Z,34.424,-116.511,2.182,2.61,mc,0,66.7,,0.082,ci,ci3033938,2016-02-10T11:12:33.297Z,"35km NNW of Yucca Valley, California",earthquake,,0.852,,57,reviewed,ci,ci
1992-07-03T06:23:03.680Z,34.124,-116.412,1.822,2.59,mc,0,69.4,,0.144,ci,ci3034341,2016-02-10T18:11:24.266Z,"2km ENE of Yucca Valley, California",earthquake,,0.551,,46,reviewed,ci,ci
1992-07-03T06:22:40.820Z,34.126,-116.405,2.077,2.55,mc,0,68.2,,0.11,ci,ci3033935,2016-02-10T00:28:45.469Z,"3km ENE of Yucca Valley, California",earthquake,,0.545,,72,reviewed,ci,ci
1992-07-03T05:55:42.230Z,34.018,-116.349,2.012,3.42,ml,0,43.8,,0.172,ci,ci3033926,2016-02-10T00:28:42.921Z,"13km SE of Yucca Valley, California",earthquake,,0.278,,19,reviewed,ci,ci
1992-07-03T05:54:04.610Z,34.413,-116.515,-0.798,2.53,mc,0,115.6,,0.087,ci,ci3033925,2016-02-10T11:12:30.724Z,"34km NNW of Yucca Valley, California",earthquake,,1.235,,25,reviewed,ci,ci
1992-07-03T05:28:06.350Z,34.249,-116.723,1.976,2.64,mc,0,117.5,,0.14,ci,ci3033919,2016-02-10T11:12:29.429Z,"11km E of Big Bear City, California",earthquake,,0.277,,73,reviewed,ci,ci
1992-07-03T05:22:44.770Z,34.11,-116.8766667,0.604,2.65,mc,15,64,,0.13,ci,ci3034243,2016-04-02T02:19:39.232Z,"15km SSE of Big Bear Lake, CA",earthquake,0.44,0.6,,41,reviewed,ci,ci
1992-07-03T05:21:11.790Z,34.5931667,-116.6031667,4.634,2.66,mc,29,61,,0.19,ci,ci3033910,2016-04-01T23:03:20.728Z,"37km ENE of Lucerne Valley, CA",earthquake,0.38,31.61,,68,reviewed,ci,ci
1992-07-03T05:14:38.810Z,34.292,-116.452,3.732,2.53,mc,0,109.9,,0.151,ci,ci3033908,2016-02-10T07:36:44.322Z,"20km N of Yucca Valley, California",earthquake,,0.253,,28,reviewed,ci,ci
1992-07-03T05:12:29.720Z,34.549,-116.784,-0.919,2.71,mc,0,50.5,,0.147,ci,ci3091897,2016-02-10T04:05:20.565Z,"20km NE of Lucerne Valley, California",earthquake,,0.514,,73,reviewed,ci,ci
1992-07-03T05:10:56.700Z,34.12,-116.992,2.339,3.04,ml,0,40.5,,0.174,ci,ci3033907,2016-02-10T04:05:19.234Z,"11km NNE of Yucaipa, California",earthquake,,0.164,,19,reviewed,ci,ci
1992-07-03T05:05:16.400Z,35.037,-117.021,-0.853,2.85,ml,0,158.6,,0.16,ci,ci3034217,2016-02-10T07:36:41.781Z,"15km N of Barstow, California",earthquake,,2.795,,18,reviewed,ci,ci
1992-07-03T05:05:05.900Z,35.05,-116.989,2.78,2.8,mh,0,79.6,,0.18,ci,ci3033905,2016-02-10T14:38:06.851Z,"17km N of Barstow, California",earthquake,,0.71,,0,reviewed,ci,ci
1992-07-03T05:00:50.580Z,34.397,-116.457,2.132,2.56,mc,0,212.6,,0.067,ci,ci3033904,2016-02-10T04:05:17.833Z,"32km N of Yucca Valley, California",earthquake,,0.764,,65,reviewed,ci,ci
1992-07-03T04:58:47.810Z,34.579,-116.546,3.093,2.53,mc,0,65.2,,0.173,ci,ci3033903,2016-02-10T00:28:37.573Z,"39km WSW of Ludlow, California",earthquake,,0.598,,70,reviewed,ci,ci
1992-07-03T04:30:46.400Z,34.094,-116.998,1.679,2.95,mc,0,97.3,,0.121,ci,ci3033888,2016-02-10T11:12:22.756Z,"8km NNE of Yucaipa, California",earthquake,,0.316,,58,reviewed,ci,ci
1992-07-03T04:19:41.730Z,34.22,-116.788,0.987,3.4,ml,0,35.1,,0.147,ci,ci3033887,2016-02-10T21:51:31.891Z,"7km SE of Big Bear City, California",earthquake,,0.221,,27,reviewed,ci,ci
1992-07-03T04:15:50.380Z,34.21,-116.771,8.677,4.08,ml,0,35.4,,0.17,ci,ci3033884,2016-02-10T18:11:19.171Z,"9km SE of Big Bear City, California",earthquake,,0.381,,20,reviewed,ci,ci
1992-07-03T04:10:48.540Z,34.119,-116.416,1.846,3.42,ml,0,34.9,,0.235,ci,ci3095614,2016-02-10T00:28:32.016Z,"2km ENE of Yucca Valley, California",earthquake,,0.243,,26,reviewed,ci,ci
1992-07-03T03:53:09.820Z,34.626,-116.51,8.034,2.77,mc,0,67.2,,0.16,ci,ci3033880,2016-02-10T11:12:21.411Z,"34km WSW of Ludlow, California",earthquake,,1.205,,74,reviewed,ci,ci
1992-07-03T03:52:02.520Z,34.013,-116.342,3.795,2.76,mc,0,53,0.08261,0.151,ci,ci3034087,2016-02-10T11:12:19.668Z,"14km S of Joshua Tree, California",earthquake,,0.685,,14,reviewed,ci,ci
1992-07-03T03:51:22.440Z,34.063,-116.366,1.132,2.94,ml,0,45.2,,0.171,ci,ci3033879,2016-02-10T14:38:01.130Z,"8km SE of Yucca Valley, California",earthquake,,0.273,,22,reviewed,ci,ci
1992-07-03T03:39:40.950Z,34.983,-116.947,4.431,2.84,mc,0,61.9,,0.162,ci,ci3033876,2016-02-10T00:28:30.466Z,"12km NE of Barstow, California",earthquake,,0.236,,79,reviewed,ci,ci
1992-07-03T03:14:23.690Z,35.569,-116.908,5.192,2.66,mc,0,192,,0.17,ci,ci3033863,2016-02-10T00:28:27.963Z,"40km NNW of Fort Irwin, California",earthquake,,,,40,reviewed,ci,ci
1992-07-03T02:58:40.810Z,34.461,-116.517,3.212,2.58,mc,0,118.4,,0.081,ci,ci3033860,2016-02-10T00:28:26.745Z,"37km NE of Big Bear City, California",earthquake,,0.902,,62,reviewed,ci,ci
1992-07-03T02:47:45.010Z,34.269,-116.746,-0.312,2.68,ml,0,102.7,,0.104,ci,ci3033851,2016-02-10T04:05:08.128Z,"9km E of Big Bear City, California",earthquake,,0.632,,9,reviewed,ci,ci
1992-07-03T02:40:50.960Z,33.169,-115.645,4.239,3.88,ml,0,104.9,0.09075,0.243,ci,ci3033898,2016-02-09T20:45:41.685Z,"13km WNW of Calipatria, California",earthquake,,0.232,,7,reviewed,ci,ci
1992-07-03T02:39:39.880Z,34.298,-116.829,1.095,2.72,mc,0,131.8,,0.175,ci,ci3033917,2016-02-10T14:37:54.765Z,"4km NNE of Big Bear City, California",earthquake,,0.289,,54,reviewed,ci,ci
1992-07-03T02:37:46.880Z,33.165,-115.642,4.787,3.03,ml,0,49.2,,0.273,ci,ci3033848,2016-02-10T21:51:18.584Z,"13km WNW of Calipatria, California",earthquake,,0.166,,7,reviewed,ci,ci
1992-07-03T02:12:16.330Z,34.348,-116.666,-1.444,2.61,mc,0,41.4,,0.126,ci,ci3033838,2016-02-10T14:37:52.183Z,"19km ENE of Big Bear City, California",earthquake,,0.441,,61,reviewed,ci,ci
1992-07-03T02:08:45.300Z,34.843,-116.63,4.964,2.89,mc,0,66.2,,0.187,ci,ci3033836,2016-02-10T11:12:12.314Z,"36km E of Barstow, California",earthquake,,29.062,,77,reviewed,ci,ci
1992-07-03T01:55:08.890Z,34.064,-116.37,2.337,2.52,mc,0,54.9,,0.183,ci,ci3095590,2016-02-10T18:11:08.914Z,"8km SE of Yucca Valley, California",earthquake,,0.339,,51,reviewed,ci,ci
1992-07-03T01:52:27.120Z,34.129,-116.999,2.209,2.66,mc,0,26.2,,0.162,ci,ci3095587,2016-02-10T18:11:07.586Z,"11km NNE of Yucaipa, California",earthquake,,0.167,,71,reviewed,ci,ci
1992-07-03T01:38:36.720Z,34.574,-116.497,5.093,3.34,ml,0,57.7,,0.165,ci,ci3033825,2016-02-10T21:51:13.319Z,"35km WSW of Ludlow, California",earthquake,,,,27,reviewed,ci,ci
1992-07-03T01:28:51.270Z,34.283,-116.696,-1.756,2.86,mc,0,66.6,,0.161,ci,ci3091857,2016-02-10T21:51:10.719Z,"14km E of Big Bear City, California",earthquake,,0.505,,77,reviewed,ci,ci
1992-07-03T01:28:14.920Z,34.635,-116.636,4.164,2.5,mc,0,74.9,,0.16,ci,ci3033820,2016-02-10T00:28:20.514Z,"37km NE of Lucerne Valley, California",earthquake,,0.459,,60,reviewed,ci,ci
1992-07-03T01:21:13.300Z,34.421,-116.508,2.482,2.5,mc,0,66.8,,0.118,ci,ci3033816,2016-02-10T04:04:59.350Z,"35km NNW of Yucca Valley, California",earthquake,,0.402,,39,reviewed,ci,ci
1992-07-03T01:18:35.070Z,34.244,-116.389,-0.871,2.93,mc,0,65.3,,0.154,ci,ci3033815,2016-02-10T11:12:08.644Z,"14km NNW of Joshua Tree, California",earthquake,,0.463,,82,reviewed,ci,ci
1992-07-03T01:05:50.360Z,34.009,-116.349,3.507,2.71,mc,0,145.7,0.0358,0.158,ci,ci3034048,2016-02-10T14:37:49.638Z,"14km SSE of Yucca Valley, California",earthquake,,0.284,,8,reviewed,ci,ci
1992-07-03T01:05:47.750Z,34.2421667,-116.8851667,8.264,2.94,mc,34,67,,0.13,ci,ci3033807,2016-04-01T23:02:58.891Z,"2km E of Big Bear Lake, CA",earthquake,0.34,1.1,,82,reviewed,ci,ci
1992-07-03T01:01:58.540Z,34.075,-116.393,2.083,3,ml,0,45.1,,0.208,ci,ci3033803,2016-02-10T04:04:56.701Z,"6km SE of Yucca Valley, California",earthquake,,0.266,,15,reviewed,ci,ci
1992-07-03T00:45:07.670Z,34.269,-116.738,3.489,2.95,ml,0,121.6,,0.17,ci,ci3033794,2016-02-10T14:37:44.734Z,"10km E of Big Bear City, California",earthquake,,5.339,,20,reviewed,ci,ci
1992-07-03T00:42:00.140Z,34.397,-116.514,0.162,2.5,mh,0,106.8,,0.145,ci,ci3095523,2016-04-01T19:52:52.365Z,"32km NNW of Yucca Valley, CA",earthquake,,0.707,,0,reviewed,ci,ci
1992-07-03T00:29:05.250Z,34.116,-116.377,0.566,2.89,ml,0,36.9,,0.174,ci,ci2103144,2016-02-09T20:45:28.502Z,"5km E of Yucca Valley, California",earthquake,,0.584,,19,reviewed,ci,ci
1992-07-03T00:28:38.280Z,34.161,-116.4,-1.093,2.66,mc,0,46.8,,0.135,ci,ci2103141,2016-02-09T20:45:27.088Z,"6km NNE of Yucca Valley, California",earthquake,,0.906,,61,reviewed,ci,ci
1992-07-03T00:28:20.920Z,34.212,-116.809,-1.037,2.53,mc,0,89.5,,0.188,ci,ci3033784,2016-02-10T21:51:05.387Z,"6km SSE of Big Bear City, California",earthquake,,0.617,,67,reviewed,ci,ci
1992-07-03T00:22:11.830Z,34.15,-116.4,4.572,2.52,mc,0,71.3,,0.16,ci,ci3034021,2016-02-10T18:11:03.575Z,"5km NE of Yucca Valley, California",earthquake,,0.122,,55,reviewed,ci,ci
1992-07-03T00:20:31.580Z,34.0991667,-116.9853333,2.547,2.64,mc,19,69,,0.13,ci,ci3033781,2016-04-02T12:00:32.135Z,"9km NE of Yucaipa, CA",earthquake,0.37,0.53,,11,reviewed,ci,ci
1992-07-02T23:59:13.400Z,34.617,-116.603,8.322,2.78,mc,0,60.9,,0.188,ci,ci3033772,2016-02-10T00:28:08.456Z,"39km ENE of Lucerne Valley, California",earthquake,,0.41,,76,reviewed,ci,ci
1992-07-02T23:57:05.080Z,34.069,-116.374,0.823,2.75,mc,0,100.9,,0.183,ci,ci3033770,2016-02-10T04:04:52.784Z,"7km SE of Yucca Valley, California",earthquake,,0.528,,45,reviewed,ci,ci
1992-07-02T23:22:33.350Z,34.974,-116.939,0.471,3.2,ml,0,62.3,0.08228,0.199,ci,ci3033758,2016-02-10T11:11:58.311Z,"11km NE of Barstow, California",earthquake,,0.963,,21,reviewed,ci,ci
1992-07-02T23:22:26.490Z,34.935,-116.917,-0.843,2.5,mh,0,169.8,0.1063,0.155,ci,ci3091848,2016-02-10T21:51:02.658Z,"10km ENE of Barstow, California",earthquake,,3.774,,0,reviewed,ci,ci
1992-07-02T23:13:38.540Z,34.147,-116.417,-0.948,2.94,ml,0,42.2,,0.171,ci,ci3091845,2016-02-10T07:36:15.892Z,"4km NNE of Yucca Valley, California",earthquake,,0.686,,20,reviewed,ci,ci
1992-07-02T23:08:50.130Z,34.105,-116.411,2.466,2.76,mc,0,60.8,,0.185,ci,ci3033754,2016-02-09T20:45:23.071Z,"2km ESE of Yucca Valley, California",earthquake,,0.26,,63,reviewed,ci,ci
1992-07-02T23:06:21.710Z,35.012,-116.962,-1.029,2.56,mc,0,61.4,,0.267,ci,ci3033753,2016-02-10T04:04:47.875Z,"14km NNE of Barstow, California",earthquake,,0.736,,56,reviewed,ci,ci
1992-07-02T22:48:24.710Z,34.107,-116.98,2.739,2.78,mc,0,41.2,,0.175,ci,ci3033749,2016-02-10T21:50:58.820Z,"10km NE of Yucaipa, California",earthquake,,0.129,,50,reviewed,ci,ci
1992-07-02T22:41:47.420Z,35.016,-116.962,-0.559,3.19,ml,0,61.6,0.07797,0.177,ci,ci3033748,2016-02-10T07:36:11.970Z,"14km NNE of Barstow, California",earthquake,,0.525,,9,reviewed,ci,ci
1992-07-02T22:37:04.150Z,34.977,-116.938,-0.355,3.82,ml,0,62.7,0.08328,0.194,ci,ci3033747,2016-02-10T21:50:56.176Z,"12km NE of Barstow, California",earthquake,,0.57,,30,reviewed,ci,ci
1992-07-02T22:25:28.970Z,35.673,-117.619,2.934,4.17,ml,0,112.1,,0.183,ci,ci3033740,2016-02-09T20:45:19.904Z,"8km NE of Ridgecrest, California",earthquake,,0.189,,33,reviewed,ci,ci
1992-07-02T22:03:52.030Z,34.924,-116.923,-0.854,2.88,mc,0,66.9,,0.198,ci,ci3033733,2016-02-09T20:45:14.284Z,"10km ENE of Barstow, California",earthquake,,1.109,,83,reviewed,ci,ci
1992-07-02T21:36:24.170Z,34.304,-116.431,4.602,2.8,ml,0,48.1,,0.163,ci,ci3033703,2016-02-10T07:36:07.722Z,"21km N of Yucca Valley, California",earthquake,,2.047,,28,reviewed,ci,ci
1992-07-02T21:14:42.050Z,34.977,-116.936,-0.785,2.73,mc,0,63.6,,0.148,ci,ci3033687,2016-02-10T21:50:49.558Z,"12km NE of Barstow, California",earthquake,,0.931,,72,reviewed,ci,ci
1992-07-02T21:12:10.020Z,34.196,-116.819,3.034,2.8,mc,0,43.6,,0.183,ci,ci3034110,2016-02-10T21:50:48.163Z,"8km SSE of Big Bear City, California",earthquake,,0.372,,54,reviewed,ci,ci
1992-07-02T21:11:50.460Z,34.622,-116.663,4.634,2.89,mc,0,47.1,,0.263,ci,ci3033685,2016-02-10T18:10:57.920Z,"34km NE of Lucerne Valley, California",earthquake,,,,77,reviewed,ci,ci
1992-07-02T21:09:28.630Z,34.519,-116.535,-0.246,2.62,mc,0,54.4,,0.229,ci,ci3095484,2016-02-09T20:45:10.189Z,"40km NE of Big Bear City, California",earthquake,,0.607,,70,reviewed,ci,ci
1992-07-02T21:03:22.550Z,34.202,-116.782,0.386,3.52,ml,0,35,,0.167,ci,ci3033682,2016-02-10T00:28:01.348Z,"9km SE of Big Bear City, California",earthquake,,0.264,,29,reviewed,ci,ci
1992-07-02T20:56:46.230Z,33.993,-116.325,-0.742,2.79,mc,0,96.5,,0.252,ci,ci3034102,2016-02-10T18:10:55.976Z,"16km S of Joshua Tree, California",earthquake,,1.986,,31,reviewed,ci,ci
1992-07-02T20:49:24.870Z,33.982,-116.347,2.223,3.2,ml,0,35.7,,0.201,ci,ci3033679,2016-02-10T21:50:46.739Z,"14km E of Desert Hot Springs, California",earthquake,,0.187,,27,reviewed,ci,ci
1992-07-02T20:44:29.610Z,34.835,-116.594,-0.726,2.77,mc,0,64.3,,0.275,ci,ci3033676,2016-02-10T00:27:59.905Z,"40km E of Barstow, California",earthquake,,1.648,,68,reviewed,ci,ci
1992-07-02T20:31:36.780Z,33.359,-117.59,5.464,3,ml,0,106.5,,0.185,ci,ci3033671,2016-02-10T21:50:45.195Z,"8km SSE of San Clemente, California",earthquake,,,,11,reviewed,ci,ci
1992-07-02T20:27:22.010Z,34.024,-117.545,2.914,2.63,mc,0,57.3,,0.144,ci,ci3033665,2016-02-10T18:10:53.329Z,"4km NW of Mira Loma, California",earthquake,,0.129,,57,reviewed,ci,ci
1992-07-02T20:21:08.640Z,34.613,-116.619,4.185,2.76,mc,0,68.6,,0.154,ci,ci3033662,2016-02-10T21:50:42.562Z,"37km ENE of Lucerne Valley, California",earthquake,,0.208,,72,reviewed,ci,ci
1992-07-02T20:11:53.960Z,34.615,-116.658,4.896,2.89,ml,0,57.7,,0.2,ci,ci3033657,2016-02-10T00:27:57.222Z,"34km NE of Lucerne Valley, California",earthquake,,,,18,reviewed,ci,ci
1992-07-02T19:59:43.550Z,34.126,-116.415,1.315,3.52,ml,0,36.6,,0.182,ci,ci3033655,2016-02-10T18:10:50.602Z,"2km NE of Yucca Valley, California",earthquake,,0.326,,26,reviewed,ci,ci
1992-07-02T19:50:04.950Z,34.118,-116.979,2.579,2.82,mc,0,42.2,,0.167,ci,ci3033651,2016-02-10T18:10:48.986Z,"11km NNE of Yucaipa, California",earthquake,,0.19,,85,reviewed,ci,ci
1992-07-02T19:47:34.860Z,34.509,-116.538,4.516,2.61,mc,0,128.5,0.2615,0.151,ci,ci3033928,2016-02-10T04:04:40.987Z,"39km NE of Big Bear City, California",earthquake,,,,35,reviewed,ci,ci
1992-07-02T19:46:29.160Z,33.98,-116.359,1.917,2.81,mc,0,38.2,,0.185,ci,ci3033650,2016-02-10T21:50:41.166Z,"13km E of Desert Hot Springs, California",earthquake,,0.207,,71,reviewed,ci,ci
1992-07-02T19:15:01.270Z,33.355,-117.592,5.464,2.84,mc,0,107.1,,0.186,ci,ci3033636,2016-02-10T00:27:51.535Z,"8km SSE of San Clemente, California",earthquake,,,,72,reviewed,ci,ci
1992-07-02T19:13:12.280Z,35.675,-117.617,3.134,3.35,ml,0,112.8,0.1101,0.178,ci,ci3033635,2016-02-10T00:27:49.520Z,"8km NE of Ridgecrest, California",earthquake,,0.163,,15,reviewed,ci,ci
1992-07-02T19:03:48.010Z,34.27,-116.453,6.715,2.69,mc,0,45.7,,0.251,ci,ci3033632,2016-02-10T00:27:48.132Z,"17km N of Yucca Valley, California",earthquake,,1.099,,70,reviewed,ci,ci
1992-07-02T18:53:49.020Z,34.241,-116.392,-0.944,3.49,ml,0,65.3,,0.159,ci,ci3115354,2016-02-10T07:36:00.954Z,"14km NNW of Joshua Tree, California",earthquake,,0.317,,5,reviewed,ci,ci
1992-07-02T18:52:19.590Z,34.197,-116.788,-0.584,2.55,mc,0,51.3,,0.147,ci,ci3033617,2016-02-10T00:27:46.796Z,"9km SE of Big Bear City, California",earthquake,,0.387,,45,reviewed,ci,ci
1992-07-02T18:37:26.250Z,34.033,-116.37,2.969,2.83,mc,0,49.1,,0.161,ci,ci3033614,2016-02-10T11:11:49.097Z,"11km SSE of Yucca Valley, California",earthquake,,0.321,,42,reviewed,ci,ci
1992-07-02T18:34:26.170Z,34.384,-116.458,1.722,3.91,ml,0,121.4,,0.13,ci,ci3033964,2016-02-10T11:11:47.757Z,"30km N of Yucca Valley, California",earthquake,,0.66,,31,reviewed,ci,ci
1992-07-02T18:33:42.150Z,34.037,-116.357,3.739,3.1,ml,0,48.3,,0.242,ci,ci3033612,2016-02-10T18:10:42.249Z,"11km SE of Yucca Valley, California",earthquake,,0.269,,13,reviewed,ci,ci
1992-07-02T18:32:53.250Z,34.048,-116.351,1.65,2.59,mc,0,51.3,,0.167,ci,ci3033611,2016-02-10T11:11:46.376Z,"10km SSW of Joshua Tree, California",earthquake,,0.45,,29,reviewed,ci,ci
1992-07-02T18:21:39.520Z,34.045,-116.35,0.491,3.61,ml,0,76,,0.167,ci,ci3033956,2016-02-10T07:35:58.315Z,"10km SSW of Joshua Tree, California",earthquake,,0.483,,29,reviewed,ci,ci
1992-07-02T18:20:10.500Z,34.043,-116.351,0.291,3.51,ml,0,46.7,,0.193,ci,ci3033609,2016-02-10T11:11:45.082Z,"11km SSW of Joshua Tree, California",earthquake,,0.415,,23,reviewed,ci,ci
1992-07-02T18:17:10.960Z,34.626,-116.623,4.921,2.7,mc,0,108.6,,0.142,ci,ci3033608,2016-02-10T11:11:42.958Z,"38km ENE of Lucerne Valley, California",earthquake,,,,66,reviewed,ci,ci
1992-07-02T18:05:14.290Z,34.604,-116.625,1.974,2.8,mc,0,59.7,0.03975,0.236,ci,ci3033602,2016-02-10T11:11:40.429Z,"36km ENE of Lucerne Valley, California",earthquake,,0.334,,42,reviewed,ci,ci
1992-07-02T17:59:20.590Z,34.347,-116.469,0.332,2.82,ml,0,109.2,,0.101,ci,ci3033600,2016-02-10T18:10:40.906Z,"26km N of Yucca Valley, California",earthquake,,0.518,,18,reviewed,ci,ci
1992-07-02T17:56:38.280Z,34.261,-116.761,-1.152,2.86,ml,0,48.1,,0.15,ci,ci3033599,2016-02-10T07:35:55.636Z,"8km E of Big Bear City, California",earthquake,,0.392,,20,reviewed,ci,ci
1992-07-02T17:46:52.230Z,34.576,-116.544,4.024,2.57,mc,0,54.3,,0.198,ci,ci3033595,2016-02-10T18:10:39.576Z,"39km WSW of Ludlow, California",earthquake,,0.747,,50,reviewed,ci,ci
1992-07-02T17:45:15.770Z,34.585,-116.835,1.126,2.59,mc,0,149.5,,0.112,ci,ci3033594,2016-02-10T14:37:24.865Z,"20km NE of Lucerne Valley, California",earthquake,,1.088,,61,reviewed,ci,ci
1992-07-02T17:26:39.510Z,34.127,-116.913,2.625,2.89,ml,0,52.1,,0.166,ci,ci3033585,2016-02-10T18:10:36.457Z,"13km S of Big Bear Lake, California",earthquake,,0.145,,23,reviewed,ci,ci
1992-07-02T17:23:46.420Z,34.382,-116.455,3.01,2.64,mc,0,209.3,,0.032,ci,ci3033584,2016-02-10T14:37:22.322Z,"30km N of Yucca Valley, California",earthquake,,1.56,,14,reviewed,ci,ci
1992-07-02T17:19:40.260Z,34.362,-116.46,2.102,2.89,mc,0,69,,0.14,ci,ci3034652,2016-02-09T20:45:03.453Z,"28km N of Yucca Valley, California",earthquake,,0.403,,77,reviewed,ci,ci
1992-07-02T17:06:40.330Z,34.164,-116.431,0.832,2.71,mc,0,93.2,,0.119,ci,ci3033578,2016-02-10T21:50:29.413Z,"6km N of Yucca Valley, California",earthquake,,0.661,,37,reviewed,ci,ci
1992-07-02T17:01:56.740Z,34.245,-116.364,8.499,2.67,mc,0,69.8,,0.113,ci,ci3033576,2016-02-10T00:27:41.750Z,"13km NNW of Joshua Tree, California",earthquake,,1.497,,48,reviewed,ci,ci
1992-07-02T16:56:13.820Z,34.117,-116.997,3.422,2.65,mc,0,66.7,,0.159,ci,ci3033574,2016-02-10T11:11:31.754Z,"10km NNE of Yucaipa, California",earthquake,,0.158,,71,reviewed,ci,ci
1992-07-02T16:41:49.880Z,34.626,-116.656,4.911,2.87,mc,0,109.5,,0.187,ci,ci3033568,2016-02-10T00:27:38.983Z,"35km NE of Lucerne Valley, California",earthquake,,,,73,reviewed,ci,ci
1992-07-02T16:40:31.110Z,33.617,-116.8218333,4.702,2.53,mc,29,57,,0.22,ci,ci3033565,2016-04-01T23:03:44.239Z,"15km WNW of Anza, CA",earthquake,0.47,17.63,,28,reviewed,ci,ci
1992-07-02T16:32:46.560Z,34.341,-116.67,-1.374,3.19,ml,0,41.3,,0.145,ci,ci3033562,2016-02-10T21:50:23.979Z,"18km ENE of Big Bear City, California",earthquake,,0.434,,33,reviewed,ci,ci
1992-07-02T16:27:56.580Z,34.341,-116.67,-1.444,3.84,ml,0,41.3,,0.168,ci,ci3033561,2016-02-10T00:27:36.199Z,"18km ENE of Big Bear City, California",earthquake,,0.284,,25,reviewed,ci,ci
1992-07-02T16:23:54.930Z,34.265,-116.802,-1.349,2.73,mc,0,39,,0.156,ci,ci3091830,2016-02-09T20:44:57.908Z,"4km E of Big Bear City, California",earthquake,,0.543,,77,reviewed,ci,ci
1992-07-02T16:20:11.170Z,34.594,-116.614,3.812,2.55,mc,0,68.9,0.05045,0.137,ci,ci3033552,2016-02-10T00:27:31.946Z,"36km ENE of Lucerne Valley, California",earthquake,,0.441,,14,reviewed,ci,ci
1992-07-02T16:15:08.350Z,34.606,-116.59,2.682,2.88,mc,0,61.9,,0.213,ci,ci3033550,2016-02-10T21:50:21.073Z,"39km ENE of Lucerne Valley, California",earthquake,,0.376,,67,reviewed,ci,ci
1992-07-02T16:08:24.640Z,34.119,-116.994,2.929,3,ml,0,40.3,,0.148,ci,ci3033549,2016-02-10T18:10:30.720Z,"10km NNE of Yucaipa, California",earthquake,,0.148,,24,reviewed,ci,ci
1992-07-02T16:05:37.590Z,34.325,-116.462,5.104,2.68,mc,0,86.9,,0.141,ci,ci3033548,2016-02-10T07:35:48.111Z,"24km N of Yucca Valley, California",earthquake,,,,62,reviewed,ci,ci
1992-07-02T16:01:49.550Z,34.617,-116.605,3.575,2.56,mc,0,66.8,,0.179,ci,ci3033544,2016-02-10T00:27:30.576Z,"38km ENE of Lucerne Valley, California",earthquake,,0.261,,22,reviewed,ci,ci
1992-07-02T15:55:57.890Z,35.1391667,-116.8635,2.745,2.6,mc,10,87,0.169,0.14,ci,ci3095391,2016-04-02T18:21:47.665Z,"21km SW of Fort Irwin, CA",earthquake,0.52,0.83,,16,reviewed,ci,ci
1992-07-02T15:55:26.580Z,34.107,-116.88,-0.486,2.54,mc,0,101.7,,0.173,ci,ci3095390,2016-02-10T11:11:26.166Z,"16km S of Big Bear Lake, California",earthquake,,0.388,,56,reviewed,ci,ci
1992-07-02T15:45:29.690Z,34.384,-116.448,-0.418,2.5,mc,0,122.2,0.03355,0.108,ci,ci3033538,2016-02-10T21:50:17.068Z,"30km N of Yucca Valley, California",earthquake,,0.757,,42,reviewed,ci,ci
1992-07-02T15:32:31.390Z,34.119,-116.991,4.464,2.56,mc,0,40.7,,0.172,ci,ci3033527,2016-02-10T04:04:22.811Z,"11km NNE of Yucaipa, California",earthquake,,0.98,,68,reviewed,ci,ci
1992-07-02T15:22:29.670Z,34.419,-116.54,1.794,2.8,mc,0,64.1,,0.155,ci,ci3091775,2016-02-10T00:27:24.727Z,"33km ENE of Big Bear City, California",earthquake,,0.391,,72,reviewed,ci,ci
1992-07-02T15:19:28.640Z,34.146,-116.426,4.972,2.79,mc,0,65.9,,0.157,ci,ci3033522,2016-02-10T00:27:23.395Z,"4km N of Yucca Valley, California",earthquake,,,,27,reviewed,ci,ci
1992-07-02T15:13:29.990Z,34.618,-116.65,4.674,2.82,mc,0,120.2,,0.179,ci,ci3038185,2016-02-10T04:04:19.100Z,"35km ENE of Lucerne Valley, California",earthquake,,,,53,reviewed,ci,ci
1992-07-02T15:11:56.810Z,34.036,-116.352,0.271,3.37,ml,0,54.9,,0.233,ci,ci3033518,2016-02-10T00:27:22.110Z,"11km SE of Yucca Valley, California",earthquake,,0.375,,18,reviewed,ci,ci
1992-07-02T15:06:07.190Z,35.16,-116.868,2.355,2.57,mc,0,83.8,,0.17,ci,ci3091772,2016-02-10T07:35:42.506Z,"20km SW of Fort Irwin, California",earthquake,,1.058,,38,reviewed,ci,ci
1992-07-02T15:05:51.590Z,35.144,-116.863,0.615,2.52,mc,0,85,,0.164,ci,ci3091771,2016-02-10T14:37:16.159Z,"21km SW of Fort Irwin, California",earthquake,,0.876,,45,reviewed,ci,ci
1992-07-02T15:04:50.620Z,34.5503333,-116.5543333,3.663,2.5,mh,22,134,,0.16,ci,ci12328963,2016-02-10T21:50:12.706Z,"40km ENE of Lucerne Valley, California",earthquake,0.53,0.82,,0,reviewed,ci,ci
1992-07-02T14:55:24.010Z,34.416,-116.512,4.155,2.67,mc,0,139,,0.169,ci,ci3033511,2016-02-10T07:35:40.700Z,"34km NNW of Yucca Valley, California",earthquake,,,,56,reviewed,ci,ci
1992-07-02T14:44:31.220Z,34.602,-116.637,2.102,2.82,mc,0,122.5,,0.181,ci,ci3033509,2016-02-10T21:50:11.436Z,"35km ENE of Lucerne Valley, California",earthquake,,0.462,,69,reviewed,ci,ci
1992-07-02T14:20:24.540Z,34.198,-116.801,2.494,2.66,mc,0,34.2,,0.174,ci,ci3091746,2016-02-10T18:10:26.239Z,"8km SSE of Big Bear City, California",earthquake,,0.206,,61,reviewed,ci,ci
1992-07-02T14:19:55.750Z,34.393,-116.464,-1.028,2.54,mc,0,147.8,,0.106,ci,ci3091745,2016-02-10T18:10:24.756Z,"31km N of Yucca Valley, California",earthquake,,1.953,,44,reviewed,ci,ci
1992-07-02T14:19:27.890Z,35.134,-116.668,3.791,2.55,mc,0,140.6,,0.185,ci,ci3033497,2016-02-10T04:04:14.100Z,"14km S of Fort Irwin, California",earthquake,,13.499,,58,reviewed,ci,ci
1992-07-02T14:16:16.080Z,34.439,-116.503,0.102,2.58,mc,0,57.7,,0.153,ci,ci3033496,2016-02-09T20:44:42.927Z,"37km N of Yucca Valley, California",earthquake,,0.668,,36,reviewed,ci,ci
1992-07-02T14:03:28.710Z,34.164,-116.431,4.845,2.52,mc,0,46.2,,0.169,ci,ci3095318,2016-02-10T21:50:06.320Z,"6km N of Yucca Valley, California",earthquake,,15.426,,46,reviewed,ci,ci
1992-07-02T14:02:51.150Z,34.506,-116.503,3.484,2.61,mc,0,56.2,,0.211,ci,ci3033488,2016-02-10T11:11:19.584Z,"40km SW of Ludlow, California",earthquake,,11.801,,53,reviewed,ci,ci
1992-07-02T14:01:25.560Z,34.108,-116.873,-0.206,2.63,mc,0,57.3,,0.148,ci,ci3044849,2016-02-10T00:27:15.113Z,"16km SSE of Big Bear Lake, California",earthquake,,0.922,,21,reviewed,ci,ci
1992-07-02T14:00:49.080Z,34.545,-116.55,-1.02,2.86,ml,0,65,,0.296,ci,ci3044845,2016-02-10T11:11:18.223Z,"40km ENE of Lucerne Valley, California",earthquake,,0.781,,18,reviewed,ci,ci
1992-07-02T13:46:14.690Z,34.463,-116.503,-0.166,2.56,mc,0,68.2,,0.204,ci,ci3091739,2016-02-10T21:50:02.288Z,"39km NE of Big Bear City, California",earthquake,,0.768,,40,reviewed,ci,ci
1992-07-02T13:45:36.200Z,34.617,-116.659,3.343,2.59,mc,0,47.3,,0.27,ci,ci3033481,2016-02-10T11:11:16.935Z,"34km NE of Lucerne Valley, California",earthquake,,0.316,,66,reviewed,ci,ci
1992-07-02T13:38:24.610Z,34.566,-116.55,6.365,2.94,mc,0,53.2,,0.172,ci,ci3033479,2016-02-10T18:10:21.982Z,"40km WSW of Ludlow, California",earthquake,,1.876,,81,reviewed,ci,ci
1992-07-02T13:29:15.210Z,34.161,-116.42,1.477,2.84,mc,0,41.2,,0.163,ci,ci3034585,2016-02-10T14:37:11.166Z,"5km NNE of Yucca Valley, California",earthquake,,0.314,,50,reviewed,ci,ci
1992-07-02T13:26:03.310Z,34.148,-116.825,6.57,2.73,mc,0,32.9,,0.144,ci,ci3033472,2016-02-10T21:50:01.034Z,"13km S of Big Bear City, California",earthquake,,0.897,,80,reviewed,ci,ci
1992-07-02T13:00:04.960Z,35.028,-116.971,2.777,3.48,ml,0,60.9,,0.164,ci,ci3033462,2016-02-10T07:35:28.946Z,"15km NNE of Barstow, California",earthquake,,0.428,,30,reviewed,ci,ci
1992-07-02T12:58:08.400Z,34.115,-116.97,2.364,2.64,mc,0,69.5,,0.11,ci,ci3033981,2016-02-10T07:35:27.519Z,"11km NE of Yucaipa, California",earthquake,,0.23,,72,reviewed,ci,ci
1992-07-02T12:56:32.940Z,34.548,-116.544,5.093,3.07,ml,0,65.6,,0.155,ci,ci3033461,2016-02-09T20:44:39.054Z,"40km WSW of Ludlow, California",earthquake,,,,24,reviewed,ci,ci
1992-07-02T12:49:45.790Z,34.568,-116.555,4.744,2.5,mc,0,117.5,,0.088,ci,ci3033979,2016-02-10T18:10:19.283Z,"40km WSW of Ludlow, California",earthquake,,,,11,reviewed,ci,ci
1992-07-02T12:48:21.800Z,34.067,-116.376,2.072,2.95,ml,0,55.4,,0.195,ci,ci3033457,2016-02-10T04:04:10.416Z,"7km SE of Yucca Valley, California",earthquake,,0.303,,27,reviewed,ci,ci
1992-07-02T12:45:54.720Z,34.6155,-116.6656667,4.655,2.77,mc,17,89,,0.23,ci,ci3033455,2016-04-02T12:00:02.401Z,"34km NE of Lucerne Valley, CA",earthquake,0.57,31.61,,70,reviewed,ci,ci
1992-07-02T12:37:57.410Z,34.5145,-116.5235,4.634,2.86,mc,18,120,,0.13,ci,ci3033452,2016-04-01T23:03:24.095Z,"40km SW of Ludlow, CA",earthquake,0.57,31.61,,77,reviewed,ci,ci
1992-07-02T12:33:18.440Z,34.035,-116.361,0.94,2.55,mc,0,50.9,,0.16,ci,ci3033451,2016-02-09T20:44:36.393Z,"11km SE of Yucca Valley, California",earthquake,,0.782,,29,reviewed,ci,ci
1992-07-02T12:17:41.600Z,34.573,-116.576,4.9,3.52,ml,0,57.7,,0.182,ci,ci3033805,2016-02-10T04:04:08.935Z,"39km ENE of Lucerne Valley, California",earthquake,,,,32,reviewed,ci,ci
1992-07-02T12:16:46.980Z,34.589,-116.614,4.484,3.51,ml,0,68.1,,0.208,ci,ci3033804,2016-02-09T20:44:33.277Z,"36km ENE of Lucerne Valley, California",earthquake,,,,19,reviewed,ci,ci
1992-07-02T12:05:03.190Z,34.001,-116.403,0.089,2.65,mc,0,82.3,,0.115,ci,ci3033798,2016-02-09T20:44:27.397Z,"10km ENE of Desert Hot Springs, California",earthquake,,1.523,,39,reviewed,ci,ci
1992-07-02T12:04:41.880Z,34.136,-116.391,1.862,2.62,mc,0,73.1,,0.153,ci,ci3033437,2016-02-09T20:44:25.988Z,"4km ENE of Yucca Valley, California",earthquake,,0.512,,65,reviewed,ci,ci
1992-07-02T11:58:21.160Z,34.075,-116.361,2.619,2.56,mc,0,121.1,,0.091,ci,ci3033788,2016-02-10T14:37:01.527Z,"8km ESE of Yucca Valley, California",earthquake,,4.548,,6,reviewed,ci,ci
1992-07-02T11:58:08.000Z,34.075,-116.388,2.692,2.62,mc,0,56.4,,0.201,ci,ci3033434,2016-02-10T11:11:11.765Z,"6km SE of Yucca Valley, California",earthquake,,0.523,,44,reviewed,ci,ci
1992-07-02T11:54:49.400Z,34.614,-116.622,4.896,3,ml,0,49.4,,0.179,ci,ci3033433,2016-02-10T04:04:07.526Z,"37km ENE of Lucerne Valley, California",earthquake,,,,21,reviewed,ci,ci
1992-07-02T11:51:06.730Z,35.293,-116.881,4.015,2.64,mc,0,130.3,,0.128,ci,ci3033432,2016-02-10T07:35:24.992Z,"18km W of Fort Irwin, California",earthquake,,1.49,,55,reviewed,ci,ci
1992-07-02T11:48:40.920Z,34.4306667,-116.4811667,-0.1,2.84,mc,22,122,,0.11,ci,ci3033429,2016-04-01T19:49:02.861Z,"36km N of Yucca Valley, CA",earthquake,0.45,0.95,,76,reviewed,ci,ci
1992-07-02T11:42:01.130Z,34.103,-116.384,0.352,2.54,mc,0,62.5,,0.243,ci,ci3033424,2016-02-10T11:11:10.108Z,"5km ESE of Yucca Valley, California",earthquake,,0.344,,36,reviewed,ci,ci
1992-07-02T11:31:24.040Z,34.073,-116.422,-0.954,3.7,ml,0,28.6,,0.187,ci,ci3033421,2016-02-10T11:11:08.502Z,"5km SSE of Yucca Valley, California",earthquake,,0.339,,36,reviewed,ci,ci
1992-07-02T11:13:42.400Z,34.207,-116.867,0.628,2.98,ml,0,32.8,,0.193,ci,ci3033408,2016-02-10T14:36:56.672Z,"6km SE of Big Bear Lake, California",earthquake,,0.225,,26,reviewed,ci,ci
1992-07-02T11:11:47.260Z,35.936,-117.37,0.048,2.5,mc,0,263.2,0.2203,0.172,ci,ci3095311,2016-02-10T11:11:02.258Z,"19km N of Searles Valley, California",earthquake,,0.599,,41,reviewed,ci,ci
1992-07-02T11:05:27.400Z,35.029,-116.969,3.577,2.7,mc,0,87.2,,0.156,ci,ci3033405,2016-02-10T14:36:55.146Z,"15km NNE of Barstow, California",earthquake,,0.365,,55,reviewed,ci,ci
1992-07-02T10:57:39.420Z,34.354,-116.466,6.142,2.57,mc,0,114.4,,0.157,ci,ci3033557,2016-02-10T14:36:53.346Z,"27km N of Yucca Valley, California",earthquake,,3.471,,43,reviewed,ci,ci
1992-07-02T10:56:55.010Z,34.197,-116.832,1.204,2.66,mc,0,74.2,,0.162,ci,ci3033400,2016-02-10T21:49:51.228Z,"7km S of Big Bear City, California",earthquake,,0.187,,72,reviewed,ci,ci
1992-07-02T10:51:31.660Z,34.584,-116.553,4.921,3.17,ml,0,53.8,,0.185,ci,ci3033397,2016-02-10T11:10:58.537Z,"39km WSW of Ludlow, California",earthquake,,,,28,reviewed,ci,ci
1992-07-02T10:45:24.530Z,34.487,-116.455,1.82,2.8,ml,0,55.9,,0.167,ci,ci3033464,2016-02-10T07:35:20.768Z,"38km SW of Ludlow, California",earthquake,,1.142,,17,reviewed,ci,ci
1992-07-02T10:43:55.310Z,33.922,-116.295,-0.863,3.38,ml,0,28.2,,0.194,ci,ci3033396,2016-02-10T07:35:18.626Z,"14km NE of Thousand Palms, California",earthquake,,0.336,,30,reviewed,ci,ci
1992-07-02T10:40:48.730Z,34.954,-116.776,0.441,2.64,mc,0,78.5,,0.188,ci,ci3095312,2016-02-10T00:27:07.596Z,"23km ENE of Barstow, California",earthquake,,1.58,,50,reviewed,ci,ci
1992-07-02T10:39:54.720Z,34.62,-116.669,3.351,2.61,mc,0,76.6,,0.253,ci,ci3033394,2016-02-10T00:27:06.381Z,"34km NE of Lucerne Valley, California",earthquake,,0.669,,64,reviewed,ci,ci
1992-07-02T10:37:00.570Z,34.292,-116.451,2.912,2.64,mc,0,81.5,,0.13,ci,ci3033389,2016-02-09T20:44:16.411Z,"20km N of Yucca Valley, California",earthquake,,0.344,,41,reviewed,ci,ci
1992-07-02T10:31:36.700Z,34.633,-116.66,4.792,2.76,mc,0,64.7,,0.194,ci,ci3033587,2016-02-10T07:35:17.179Z,"35km NE of Lucerne Valley, California",earthquake,,,,52,reviewed,ci,ci
1992-07-02T10:31:25.080Z,34.266,-116.745,-1.052,2.57,mc,0,103.9,,0.129,ci,ci3033388,2016-02-10T11:10:55.158Z,"9km E of Big Bear City, California",earthquake,,0.47,,62,reviewed,ci,ci
1992-07-02T10:04:09.530Z,34.444,-116.434,-0.848,2.89,ml,0,104.1,,0.303,ci,ci3033377,2016-02-09T20:44:12.241Z,"36km NNW of Joshua Tree, California",earthquake,,0.656,,23,reviewed,ci,ci
1992-07-02T09:54:03.550Z,34.9378333,-116.9345,-1.019,2.77,mc,21,62,,0.19,ci,ci3033484,2016-04-02T12:00:04.964Z,"9km ENE of Barstow, CA",earthquake,0.46,1.46,,35,reviewed,ci,ci
1992-07-02T09:51:59.610Z,34.514,-116.524,5.093,3.89,ml,0,53.4,,0.215,ci,ci3033371,2016-02-10T00:27:01.204Z,"40km SW of Ludlow, California",earthquake,,,,29,reviewed,ci,ci
1992-07-02T09:49:28.070Z,34.608,-116.638,4.484,3.01,ml,0,70.8,,0.209,ci,ci3033566,2016-02-10T00:26:59.724Z,"35km ENE of Lucerne Valley, California",earthquake,,,,26,reviewed,ci,ci
1992-07-02T09:48:53.120Z,34.195,-116.419,1.426,2.81,mc,0,50.9,,0.171,ci,ci3033370,2016-02-10T18:10:03.409Z,"9km N of Yucca Valley, California",earthquake,,0.354,,87,reviewed,ci,ci
1992-07-02T09:42:09.190Z,34.098,-116.992,1.319,3.47,ml,0,40.3,,0.183,ci,ci3033503,2016-02-10T11:10:53.829Z,"9km NNE of Yucaipa, California",earthquake,,0.174,,30,reviewed,ci,ci
1992-07-02T09:41:59.730Z,33.987,-116.342,1.475,2.85,ml,0,38.5,,0.179,ci,ci3033369,2016-02-09T20:44:07.372Z,"15km E of Desert Hot Springs, California",earthquake,,0.23,,3,reviewed,ci,ci
1992-07-02T09:31:19.710Z,34.12,-116.995,3.159,2.61,mc,0,40.1,,0.21,ci,ci3033361,2016-02-10T14:36:45.991Z,"11km NNE of Yucaipa, California",earthquake,,0.235,,76,reviewed,ci,ci
1992-07-02T09:15:15.390Z,34.372,-116.468,0.102,2.8,mc,0,49.7,,0.152,ci,ci3033359,2016-02-10T07:35:13.384Z,"29km N of Yucca Valley, California",earthquake,,0.502,,68,reviewed,ci,ci
1992-07-02T08:59:24.810Z,34.955,-116.776,1.561,2.62,mc,0,78.6,,0.146,ci,ci3033348,2016-02-10T04:04:01.073Z,"23km ENE of Barstow, California",earthquake,,1.844,,41,reviewed,ci,ci
1992-07-02T08:53:30.500Z,33.99,-116.345,-0.848,2.93,ml,0,39.1,,0.151,ci,ci3091652,2016-02-09T20:44:02.331Z,"15km ENE of Desert Hot Springs, California",earthquake,,0.874,,17,reviewed,ci,ci
1992-07-02T08:48:09.420Z,34.421,-116.537,1.184,2.65,mc,0,145.7,,0.145,ci,ci3091583,2016-02-10T00:26:55.813Z,"33km ENE of Big Bear City, California",earthquake,,0.558,,21,reviewed,ci,ci
1992-07-02T08:47:51.650Z,34.156,-116.426,6.277,2.61,mc,0,78.9,,0.144,ci,ci3033345,2016-02-10T00:26:54.515Z,"5km N of Yucca Valley, California",earthquake,,7.56,,52,reviewed,ci,ci
1992-07-02T08:45:27.740Z,34.423,-116.534,1.202,3.5,ml,0,49.4,,0.148,ci,ci3033344,2016-02-10T18:09:59.447Z,"34km ENE of Big Bear City, California",earthquake,,0.43,,33,reviewed,ci,ci
1992-07-02T08:45:17.590Z,34.129,-116.426,-0.291,2.5,mh,0,49.2,,0.182,ci,ci3033529,2016-02-10T14:36:40.812Z,"2km NNE of Yucca Valley, California",earthquake,,0.49,,0,reviewed,ci,ci
1992-07-02T08:41:27.880Z,34.413,-116.48,6.482,2.98,ml,0,51.4,,0.125,ci,ci3033340,2016-02-10T21:49:47.371Z,"34km N of Yucca Valley, California",earthquake,,5.04,,27,reviewed,ci,ci
1992-07-02T08:35:11.610Z,34.142,-116.853,1.226,2.51,mc,0,63.5,,0.176,ci,ci3033334,2016-02-10T21:49:45.979Z,"12km SSE of Big Bear Lake, California",earthquake,,0.234,,67,reviewed,ci,ci
1992-07-02T08:31:44.260Z,34.958,-116.788,1.255,3.35,ml,0,78.1,,0.24,ci,ci3033332,2016-02-10T14:36:38.318Z,"22km ENE of Barstow, California",earthquake,,1.527,,29,reviewed,ci,ci
1992-07-02T08:26:30.300Z,33.952,-116.414,9.864,2.76,mc,0,136,,0.178,ci,ci3033673,2016-02-10T04:03:55.626Z,"8km E of Desert Hot Springs, California",earthquake,,0.654,,5,reviewed,ci,ci
1992-07-02T08:26:18.290Z,34.09,-116.359,2.155,2.79,mc,0,234.6,,0.144,ci,ci3033666,2016-02-10T14:36:36.792Z,"6km SW of Joshua Tree, California",earthquake,,0.692,,52,reviewed,ci,ci
1992-07-02T08:25:04.530Z,34.003,-116.387,0.051,3.01,ml,0,98.1,,0.128,ci,ci3033330,2016-02-10T21:49:44.656Z,"12km ENE of Desert Hot Springs, California",earthquake,,0.579,,24,reviewed,ci,ci
1992-07-02T08:22:14.800Z,34.473,-116.509,2.144,2.59,mc,0,140.9,0.1952,0.205,ci,ci3033329,2016-02-10T21:49:43.251Z,"39km NE of Big Bear City, California",earthquake,,1.501,,10,reviewed,ci,ci
1992-07-02T08:15:02.620Z,34.602,-116.633,4.674,2.79,mc,0,123.4,0.3,0.239,ci,ci3033401,2016-02-10T07:35:08.526Z,"35km ENE of Lucerne Valley, California",earthquake,,,,19,reviewed,ci,ci
1992-07-02T08:13:51.490Z,34.118,-116.992,2.809,3.32,ml,0,74.4,,0.175,ci,ci3033328,2016-02-10T07:35:06.925Z,"10km NNE of Yucaipa, California",earthquake,,0.139,,28,reviewed,ci,ci
1992-07-02T08:07:53.120Z,34.599,-116.637,4.896,2.87,ml,0,96.7,,0.252,ci,ci3033326,2016-02-10T04:03:53.610Z,"35km ENE of Lucerne Valley, California",earthquake,,,,19,reviewed,ci,ci
1992-07-02T08:00:02.810Z,34.927,-116.927,2.685,2.54,mc,0,176.3,0.1017,0.14,ci,ci3033320,2016-02-10T07:35:05.288Z,"9km ENE of Barstow, California",earthquake,,0.681,,9,reviewed,ci,ci
1992-07-02T07:56:26.340Z,34.138,-116.857,1.1,3.63,ml,0,78,,0.192,ci,ci3033319,2016-02-10T00:26:51.930Z,"13km SSE of Big Bear Lake, California",earthquake,,0.175,,33,reviewed,ci,ci
1992-07-02T07:49:00.650Z,35.717,-116.608,5.257,2.74,mc,0,229.7,,0.155,ci,ci3033315,2016-02-10T00:26:50.471Z,"37km WSW of Tecopa, California",earthquake,,,,26,reviewed,ci,ci
1992-07-02T07:43:37.850Z,34.425,-116.482,4.155,2.61,mc,0,111,,0.177,ci,ci3033312,2016-02-10T00:26:49.190Z,"35km N of Yucca Valley, California",earthquake,,,,24,reviewed,ci,ci
1992-07-02T07:38:37.010Z,35.673,-117.62,5.144,2.84,mc,0,103.3,,0.206,ci,ci3033311,2016-02-10T00:26:47.935Z,"8km NE of Ridgecrest, California",earthquake,,10.177,,58,reviewed,ci,ci
1992-07-02T07:30:22.600Z,34.178,-116.828,2.91,2.83,mc,0,114.1,,0.149,ci,ci3033309,2016-02-10T00:26:46.623Z,"9km S of Big Bear City, California",earthquake,,0.226,,80,reviewed,ci,ci
1992-07-02T07:16:07.780Z,34.309,-116.417,5.104,2.65,mc,0,139.3,,0.17,ci,ci3033298,2016-02-10T04:03:49.751Z,"22km NNW of Joshua Tree, California",earthquake,,,,37,reviewed,ci,ci
1992-07-02T07:12:48.650Z,34.572,-116.51,1.419,2.69,mc,0,132,0.1185,0.154,ci,ci3033297,2016-02-10T14:36:34.337Z,"36km WSW of Ludlow, California",earthquake,,1.059,,33,reviewed,ci,ci
1992-07-02T07:01:04.780Z,35.682,-117.614,3.974,4.11,ml,0,114,,0.162,ci,ci3033295,2016-02-10T07:34:59.705Z,"9km NE of Ridgecrest, California",earthquake,,0.158,,28,reviewed,ci,ci
1992-07-02T06:49:21.180Z,34.551,-116.787,-1.365,2.69,mc,0,104.9,,0.162,ci,ci3033709,2016-02-10T04:03:47.223Z,"20km NE of Lucerne Valley, California",earthquake,,1.234,,71,reviewed,ci,ci
1992-07-02T06:48:24.350Z,34.056,-116.397,3.77,2.61,mc,0,100.4,,0.214,ci,ci3033290,2016-02-10T21:49:38.344Z,"7km SSE of Yucca Valley, California",earthquake,,0.665,,66,reviewed,ci,ci
1992-07-02T06:24:57.150Z,34.258,-116.739,1.688,3.63,ml,0,87,,0.174,ci,ci3033282,2016-02-10T14:36:31.366Z,"10km E of Big Bear City, California",earthquake,,0.302,,30,reviewed,ci,ci
1992-07-02T06:24:29.350Z,35.675,-117.609,6.544,2.77,mc,0,109.6,,0.176,ci,ci3033431,2016-02-10T11:10:38.845Z,"8km NE of Ridgecrest, California",earthquake,,3.749,,22,reviewed,ci,ci
1992-07-02T06:23:26.350Z,34.075,-116.375,0.389,2.88,mc,0,135.9,,0.172,ci,ci3033426,2016-02-10T14:36:29.835Z,"7km SE of Yucca Valley, California",earthquake,,0.775,,14,reviewed,ci,ci
1992-07-02T06:13:43.540Z,34.132,-116.857,6.049,3.54,ml,0,77.8,,0.186,ci,ci3033486,2016-02-10T11:10:37.248Z,"13km SSE of Big Bear Lake, California",earthquake,,0.616,,30,reviewed,ci,ci
1992-07-02T06:07:40.360Z,34.967,-116.936,3.745,2.9,ml,0,91.7,,0.193,ci,ci3033275,2016-02-10T14:36:27.058Z,"11km NE of Barstow, California",earthquake,,0.311,,13,reviewed,ci,ci
1992-07-02T06:03:14.690Z,34.2235,-116.8021667,-1.016,2.65,mc,25,128,,0.16,ci,ci3033273,2016-04-02T11:59:41.302Z,"6km SE of Big Bear City, CA",earthquake,0.52,0.83,,73,reviewed,ci,ci
1992-07-02T05:50:55.360Z,34.598,-116.637,2.171,2.65,mc,0,128.1,,0.149,ci,ci3033268,2016-02-10T18:09:43.761Z,"35km ENE of Lucerne Valley, California",earthquake,,0.695,,69,reviewed,ci,ci
1992-07-02T05:47:54.900Z,34.158,-116.397,-0.421,2.6,mc,0,88.3,,0.149,ci,ci3033267,2016-02-10T11:10:34.006Z,"6km NNE of Yucca Valley, California",earthquake,,0.613,,37,reviewed,ci,ci
1992-07-02T05:39:14.950Z,34.348,-116.465,4.601,2.69,mc,0,142,,0.147,ci,ci3033265,2016-02-10T00:26:39.915Z,"26km N of Yucca Valley, California",earthquake,,,,44,reviewed,ci,ci
1992-07-02T05:33:42.340Z,34.109,-116.392,-0.818,2.75,mc,0,65.2,,0.181,ci,ci3033261,2016-02-10T21:49:32.499Z,"4km E of Yucca Valley, California",earthquake,,0.458,,47,reviewed,ci,ci
1992-07-02T05:31:28.510Z,34.232,-116.873,3.714,2.57,mc,0,73.7,,0.149,ci,ci3033260,2016-02-10T00:26:36.883Z,"4km ESE of Big Bear Lake, California",earthquake,,19.289,,44,reviewed,ci,ci
1992-07-02T05:24:02.150Z,35.684,-117.615,6.144,3.06,ml,0,110.7,0.1106,0.159,ci,ci3033259,2016-02-10T11:10:31.417Z,"9km NE of Ridgecrest, California",earthquake,,2.779,,5,reviewed,ci,ci
1992-07-02T05:20:31.630Z,35.684,-117.612,4.624,3.77,ml,0,114.6,,0.173,ci,ci3033258,2016-02-10T21:49:30.736Z,"9km NE of Ridgecrest, California",earthquake,,29.147,,32,reviewed,ci,ci
1992-07-02T05:16:32.640Z,34.383,-116.451,5.05,3.94,ml,0,51.2,,0.185,ci,ci3033256,2016-02-09T20:43:47.056Z,"30km N of Yucca Valley, California",earthquake,,,,32,reviewed,ci,ci
1992-07-02T05:06:28.910Z,34.176,-116.838,2.679,2.54,mc,0,93.4,,0.14,ci,ci3033252,2016-02-10T04:03:41.002Z,"10km S of Big Bear City, California",earthquake,,0.189,,44,reviewed,ci,ci
1992-07-02T05:01:57.380Z,34.307,-116.437,5.05,2.76,mc,0,146.6,,0.147,ci,ci3033250,2016-02-09T20:43:43.980Z,"21km N of Yucca Valley, California",earthquake,,,,60,reviewed,ci,ci
1992-07-02T04:56:04.920Z,34.271,-116.712,3.068,2.95,ml,0,64.2,,0.161,ci,ci3033249,2016-02-10T00:26:33.262Z,"12km E of Big Bear City, California",earthquake,,0.802,,25,reviewed,ci,ci
1992-07-02T04:54:05.920Z,34.344,-116.468,-0.878,2.67,mc,0,109.2,,0.16,ci,ci3093717,2016-02-10T14:36:23.705Z,"26km N of Yucca Valley, California",earthquake,,1.523,,55,reviewed,ci,ci
1992-07-02T04:43:32.410Z,34.602,-116.58,4.706,2.55,mc,0,124.1,0.3256,0.209,ci,ci3091262,2016-02-10T11:10:27.701Z,"40km ENE of Lucerne Valley, California",earthquake,,,,30,reviewed,ci,ci
1992-07-02T04:37:43.940Z,34.64,-116.667,6.154,2.59,mc,0,121.2,0.03535,0.125,ci,ci3033239,2016-02-10T18:09:38.776Z,"35km NE of Lucerne Valley, California",earthquake,,2.571,,11,reviewed,ci,ci
1992-07-02T04:36:10.570Z,35.021,-116.962,0.421,2.66,mc,0,61.7,,0.135,ci,ci3033238,2016-02-10T21:49:29.495Z,"15km NNE of Barstow, California",earthquake,,0.937,,43,reviewed,ci,ci
1992-07-02T04:26:53.580Z,34.956,-116.788,1.725,3.58,ml,0,77.9,,0.176,ci,ci3033232,2016-02-10T18:09:37.557Z,"22km ENE of Barstow, California",earthquake,,1.089,,28,reviewed,ci,ci
1992-07-02T04:21:43.070Z,34.604,-116.652,-0.629,2.84,ml,0,113.6,,0.197,ci,ci3091124,2016-02-10T18:09:36.123Z,"34km ENE of Lucerne Valley, California",earthquake,,0.785,,19,reviewed,ci,ci
1992-07-02T04:21:04.970Z,34.22,-116.773,-0.084,2.92,ml,0,83.8,,0.162,ci,ci3033229,2016-02-10T11:10:25.092Z,"8km SE of Big Bear City, California",earthquake,,0.395,,22,reviewed,ci,ci
1992-07-02T04:14:33.540Z,34.451,-116.514,-1.325,2.71,ml,0,108,,0.222,ci,ci3033228,2016-02-10T14:36:21.195Z,"37km NE of Big Bear City, California",earthquake,,1.42,,16,reviewed,ci,ci
1992-07-02T04:12:12.490Z,34.395,-116.454,5.05,3.2,ml,0,99.4,,0.224,ci,ci3033227,2016-02-10T07:34:49.672Z,"31km N of Yucca Valley, California",earthquake,,,,28,reviewed,ci,ci
1992-07-02T04:07:40.440Z,34.399,-116.537,5.091,2.69,mc,0,159.1,,0.152,ci,ci3033226,2016-02-09T20:43:36.135Z,"32km ENE of Big Bear City, California",earthquake,,,,39,reviewed,ci,ci
1992-07-02T04:03:40.590Z,34.62,-116.54,2.463,2.94,mc,0,106.6,,0.246,ci,ci3033224,2016-02-10T21:49:28.069Z,"36km WSW of Ludlow, California",earthquake,,0.513,,67,reviewed,ci,ci
1992-07-02T03:56:48.630Z,34.995,-116.946,-0.439,2.92,mc,0,62.6,0.08029,0.228,ci,ci3033219,2016-02-10T14:36:19.818Z,"13km NNE of Barstow, California",earthquake,,0.618,,73,reviewed,ci,ci
1992-07-02T03:56:28.270Z,34.022,-116.344,2.734,2.9,mc,0,217.6,0.06363,0.192,ci,ci3091088,2016-02-10T11:10:23.622Z,"13km SSW of Joshua Tree, California",earthquake,,0.316,,66,reviewed,ci,ci
1992-07-02T03:54:08.770Z,34.9668333,-116.9368333,3.051,2.75,mc,26,67,,0.15,ci,ci3033218,2016-04-02T12:00:28.105Z,"11km NE of Barstow, CA",earthquake,0.42,0.95,,72,reviewed,ci,ci
1992-07-02T03:51:00.120Z,34.626,-116.686,-1.117,3.06,ml,0,73.6,,0.174,ci,ci3033217,2016-02-10T04:03:38.387Z,"33km NE of Lucerne Valley, California",earthquake,,0.598,,25,reviewed,ci,ci
1992-07-02T03:41:14.390Z,35.684,-117.612,5.184,2.5,mc,0,112,0.1131,0.152,ci,ci3033211,2016-02-10T11:10:22.332Z,"9km NE of Ridgecrest, California",earthquake,,8.267,,23,reviewed,ci,ci
1992-07-02T03:35:28.480Z,34.003,-116.355,2.715,2.57,mc,0,141.4,,0.177,ci,ci3033210,2016-02-10T21:49:24.715Z,"14km SSE of Yucca Valley, California",earthquake,,0.329,,35,reviewed,ci,ci
1992-07-02T03:33:45.830Z,34.281,-116.707,-0.352,3.11,ml,0,66.2,,0.19,ci,ci3033209,2016-02-10T21:49:23.177Z,"13km E of Big Bear City, California",earthquake,,0.28,,31,reviewed,ci,ci
1992-07-02T03:31:18.180Z,34.032,-117.12,4.038,3.07,ml,0,29.4,,0.168,ci,ci3033742,2016-02-10T00:26:27.422Z,"4km SSE of Mentone, California",earthquake,,0.124,,28,reviewed,ci,ci
1992-07-02T03:28:32.870Z,34.413,-116.51,-0.198,2.73,mc,0,107.6,,0.123,ci,ci3033206,2016-02-10T00:26:26.057Z,"34km NNW of Yucca Valley, California",earthquake,,0.564,,36,reviewed,ci,ci
1992-07-02T03:24:34.270Z,34.9635,-116.9456667,4.961,2.5,mh,8,122,0.07703,0.15,ci,ci3033203,2016-04-02T15:09:24.781Z,"10km NE of Barstow, CA",earthquake,0.64,31.61,,0,reviewed,ci,ci
1992-07-02T03:21:04.580Z,35.687,-117.612,3.954,3.72,ml,0,115,,0.196,ci,ci3033202,2016-02-10T21:49:21.760Z,"9km NE of Ridgecrest, California",earthquake,,0.176,,30,reviewed,ci,ci
1992-07-02T03:18:08.750Z,34.286,-116.443,1.975,2.65,mc,0,76.8,,0.152,ci,ci3033324,2016-02-09T20:43:31.707Z,"19km N of Yucca Valley, California",earthquake,,1.317,,68,reviewed,ci,ci
1992-07-02T03:14:14.720Z,34.8768333,-116.669,-1.026,2.72,mc,33,90,,0.41,ci,ci3033196,2016-04-02T05:33:54.482Z,"32km E of Barstow, CA",earthquake,0.82,1.96,,67,reviewed,ci,ci
1992-07-02T02:56:29.400Z,34.795,-116.309,-0.979,3.23,ml,0,154.5,,0.18,ci,ci3033191,2016-02-10T21:49:17.883Z,"16km WNW of Ludlow, California",earthquake,,1.792,,31,reviewed,ci,ci
1992-07-02T02:54:04.860Z,34.991,-116.949,3.701,2.84,mc,0,62,,0.235,ci,ci3033189,2016-02-10T14:36:13.572Z,"12km NNE of Barstow, California",earthquake,,0.396,,72,reviewed,ci,ci
1992-07-02T02:52:21.190Z,34.38,-116.428,4.779,2.79,mc,0,114.5,,0.217,ci,ci3033187,2016-02-09T20:43:27.728Z,"29km NNW of Joshua Tree, California",earthquake,,,,60,reviewed,ci,ci
1992-07-02T02:46:14.750Z,34.616,-116.637,2.462,2.72,mc,0,121.5,,0.23,ci,ci3033185,2016-02-10T14:36:10.540Z,"36km ENE of Lucerne Valley, California",earthquake,,0.277,,36,reviewed,ci,ci
1992-07-02T02:39:36.520Z,34.612,-116.654,-1.278,3.13,ml,0,87.4,,0.19,ci,ci3033184,2016-02-10T14:36:09.232Z,"34km ENE of Lucerne Valley, California",earthquake,,0.571,,25,reviewed,ci,ci
1992-07-02T02:38:54.440Z,34.588,-116.621,3.054,2.57,mc,0,118.4,0.05578,0.143,ci,ci3033182,2016-02-10T07:34:46.859Z,"36km ENE of Lucerne Valley, California",earthquake,,0.646,,15,reviewed,ci,ci
1992-07-02T02:37:59.130Z,34.476,-116.417,2.558,2.69,mc,0,118.6,,0.14,ci,ci3033181,2016-02-10T14:36:07.687Z,"36km SW of Ludlow, California",earthquake,,6.953,,22,reviewed,ci,ci
1992-07-02T02:36:11.500Z,34.335,-116.435,5.104,2.59,mc,0,112.1,0.02843,0.215,ci,ci3033180,2016-02-10T04:03:34.196Z,"25km N of Yucca Valley, California",earthquake,,,,15,reviewed,ci,ci
1992-07-02T02:29:15.910Z,34.157,-116.828,4,3.09,ml,0,32.9,,0.169,ci,ci3033177,2016-02-10T07:34:45.636Z,"12km S of Big Bear City, California",earthquake,,2.743,,26,reviewed,ci,ci
1992-07-02T02:19:47.950Z,34.315,-116.466,5.091,2.69,mc,0,92.8,,0.166,ci,ci3033172,2016-02-10T18:09:28.526Z,"22km N of Yucca Valley, California",earthquake,,,,18,reviewed,ci,ci
1992-07-02T02:15:43.050Z,34.175,-116.413,4.532,3.01,ml,0,42.2,,0.15,ci,ci3033171,2016-02-10T14:36:03.923Z,"7km NNE of Yucca Valley, California",earthquake,,14.595,,24,reviewed,ci,ci
1992-07-02T02:13:26.850Z,34.559,-116.5181667,4.794,2.55,mc,21,55,0.1218,0.23,ci,ci3033170,2016-04-02T18:17:45.509Z,"37km WSW of Ludlow, CA",earthquake,0.69,31.61,,17,reviewed,ci,ci
1992-07-02T02:08:41.420Z,34.974,-116.94,0.021,2.68,mc,0,65.1,,0.159,ci,ci3033168,2016-02-10T14:36:02.518Z,"11km NE of Barstow, California",earthquake,,0.97,,56,reviewed,ci,ci
1992-07-02T02:00:00.540Z,34.282,-116.447,3.552,2.89,mc,0,73.7,,0.155,ci,ci3033162,2016-02-10T04:03:31.672Z,"19km N of Yucca Valley, California",earthquake,,0.734,,53,reviewed,ci,ci
1992-07-02T01:51:11.890Z,33.979,-116.338,-0.22,3.41,ml,0,36.3,,0.211,ci,ci3033161,2016-02-10T04:03:29.993Z,"15km E of Desert Hot Springs, California",earthquake,,0.429,,26,reviewed,ci,ci
1992-07-02T01:50:33.640Z,34.6335,-116.5585,6.23,2.5,mh,13,119,,0.22,ci,ci3042345,2016-04-02T18:22:03.979Z,"38km WSW of Ludlow, CA",earthquake,0.65,1.58,,0,reviewed,ci,ci
1992-07-02T01:46:44.620Z,34.985,-116.931,5.001,2.69,mc,0,63.9,,0.282,ci,ci3033158,2016-02-10T18:09:27.272Z,"13km NE of Barstow, California",earthquake,,,,33,reviewed,ci,ci
1992-07-02T01:46:05.770Z,34.176,-116.395,3.787,2.57,mc,0,91.5,,0.144,ci,ci3033156,2016-02-10T11:10:14.380Z,"8km NNE of Yucca Valley, California",earthquake,,1.751,,39,reviewed,ci,ci
1992-07-02T01:44:31.840Z,34.368,-116.459,1.492,2.8,mc,0,49.9,,0.164,ci,ci3090416,2016-02-10T21:49:08.763Z,"28km N of Yucca Valley, California",earthquake,,0.586,,72,reviewed,ci,ci
1992-07-02T01:44:06.010Z,34.104,-116.392,2.507,2.57,mc,0,57.2,,0.263,ci,ci3033155,2016-02-10T00:26:22.213Z,"4km ESE of Yucca Valley, California",earthquake,,0.392,,53,reviewed,ci,ci
1992-07-02T01:40:26.030Z,35.677,-117.611,4.644,3.09,ml,0,109.4,,0.183,ci,ci3033153,2016-02-10T04:03:28.531Z,"9km NE of Ridgecrest, California",earthquake,,0.816,,17,reviewed,ci,ci
1992-07-02T01:26:42.990Z,34.256,-116.448,9.922,2.51,mc,0,45.2,,0.171,ci,ci3033151,2016-02-10T18:09:24.823Z,"16km N of Yucca Valley, California",earthquake,,0.474,,37,reviewed,ci,ci
1992-07-02T01:25:01.510Z,34.925,-116.935,0.02,2.51,mc,0,122.1,0.09674,0.162,ci,ci3033147,2016-02-10T04:03:25.900Z,"8km ENE of Barstow, California",earthquake,,1.19,,31,reviewed,ci,ci
1992-07-02T01:22:09.290Z,35.026,-116.972,3.137,2.52,mc,0,99.4,0.0782,0.157,ci,ci3033145,2016-02-10T11:10:13.093Z,"15km NNE of Barstow, California",earthquake,,0.419,,28,reviewed,ci,ci
1992-07-02T01:12:47.150Z,34.628,-116.663,3.827,3.07,ml,0,74.2,,0.181,ci,ci3093713,2016-02-10T00:26:19.678Z,"35km NE of Lucerne Valley, California",earthquake,,0.255,,20,reviewed,ci,ci
1992-07-02T01:09:42.890Z,34.513,-116.51,3.53,2.82,mc,0,104.3,,0.187,ci,ci3033141,2016-02-10T21:49:07.336Z,"40km SW of Ludlow, California",earthquake,,0.854,,82,reviewed,ci,ci
1992-07-02T00:57:59.310Z,34.349,-116.467,0.192,2.54,mc,0,178.1,,0.132,ci,ci3033137,2016-02-10T07:34:40.469Z,"26km N of Yucca Valley, California",earthquake,,0.621,,35,reviewed,ci,ci
1992-07-02T00:44:45.930Z,34.131,-116.418,-0.321,2.89,mc,0,47.5,,0.203,ci,ci3090181,2016-02-10T21:49:04.797Z,"2km NE of Yucca Valley, California",earthquake,,0.587,,63,reviewed,ci,ci
1992-07-02T00:38:00.980Z,35.4,-117.815,5.39,2.79,mc,0,43.4,0.128,0.196,ci,ci3090179,2016-02-10T00:26:15.346Z,"17km W of Johannesburg, California",earthquake,,13.029,,74,reviewed,ci,ci
1992-07-02T00:36:48.160Z,34.15,-116.849,1.88,2.56,mc,0,48.2,,0.155,ci,ci3033125,2016-02-10T18:09:19.671Z,"12km SSE of Big Bear Lake, California",earthquake,,0.175,,66,reviewed,ci,ci
1992-07-02T00:28:30.560Z,34.354,-116.463,6.619,2.58,mc,0,115.6,,0.166,ci,ci3033122,2016-02-10T11:10:11.871Z,"27km N of Yucca Valley, California",earthquake,,2.504,,30,reviewed,ci,ci
1992-07-02T00:18:21.280Z,34.339,-116.466,-0.072,2.96,mc,0,59.2,,0.168,ci,ci3034030,2016-02-10T18:09:18.379Z,"25km N of Yucca Valley, California",earthquake,,0.458,,39,reviewed,ci,ci
1992-07-02T00:16:22.390Z,34.313,-116.445,5.101,3.97,ml,0,49.3,,0.288,ci,ci3033120,2016-02-09T20:43:21.968Z,"22km N of Yucca Valley, California",earthquake,,1.769,,27,reviewed,ci,ci
1992-07-02T00:14:51.240Z,34.224,-116.724,1.654,2.53,mc,0,56,,0.274,ci,ci3033118,2016-02-10T11:10:10.535Z,"12km ESE of Big Bear City, California",earthquake,,0.37,,47,reviewed,ci,ci
1992-07-02T00:12:45.890Z,34.155,-116.43,5.401,2.9,mc,0,43.8,,0.192,ci,ci3033117,2016-02-10T14:35:58.276Z,"4km N of Yucca Valley, California",earthquake,,4.814,,69,reviewed,ci,ci
1992-07-02T00:08:48.400Z,34.208,-116.441,3.141,2.67,mc,0,65.4,0.07318,0.234,ci,ci3033115,2016-02-10T21:49:03.461Z,"10km N of Yucca Valley, California",earthquake,,0.543,,44,reviewed,ci,ci
1992-07-02T00:02:38.980Z,34.007,-116.375,-0.361,2.84,ml,0,42.2,,0.23,ci,ci3033110,2016-02-10T07:34:35.034Z,"13km ENE of Desert Hot Springs, California",earthquake,,0.63,,17,reviewed,ci,ci
1992-07-01T23:50:50.320Z,34.008,-116.374,0.131,3.55,ml,0,35.4,,0.212,ci,ci3033106,2016-02-10T11:10:06.622Z,"13km ENE of Desert Hot Springs, California",earthquake,,0.316,,29,reviewed,ci,ci
1992-07-01T23:46:47.170Z,34.343,-116.468,0.352,3.58,ml,0,60.4,,0.184,ci,ci3033105,2016-02-10T07:34:33.644Z,"26km N of Yucca Valley, California",earthquake,,0.408,,31,reviewed,ci,ci
1992-07-01T23:42:14.540Z,34.099,-116.985,1.554,2.75,mc,0,41.5,,0.195,ci,ci3033104,2016-02-10T07:34:30.917Z,"9km NE of Yucaipa, California",earthquake,,0.152,,80,reviewed,ci,ci
1992-07-01T23:38:08.530Z,34.174,-116.803,2.18,2.95,ml,0,34,,0.177,ci,ci3033103,2016-02-10T18:09:17.083Z,"10km SSE of Big Bear City, California",earthquake,,0.176,,22,reviewed,ci,ci
1992-07-01T23:26:56.460Z,34.607,-116.61,4.896,2.66,mc,0,70.3,0.1016,0.198,ci,ci3090983,2016-02-10T00:26:06.944Z,"38km ENE of Lucerne Valley, California",earthquake,,,,29,reviewed,ci,ci
1992-07-01T23:21:32.590Z,34.329,-116.472,0.492,2.77,mc,0,129,,0.099,ci,ci3033096,2016-02-10T00:26:05.647Z,"24km N of Yucca Valley, California",earthquake,,0.755,,43,reviewed,ci,ci
1992-07-01T23:21:30.390Z,35.009,-116.848,2.245,2.65,mc,0,105.7,0.1616,0.147,ci,ci3090093,2016-02-10T21:49:01.071Z,"20km NE of Barstow, California",earthquake,,1.253,,36,reviewed,ci,ci
1992-07-01T23:17:49.320Z,34.379,-116.457,-0.49,2.81,mc,0,60.9,,0.142,ci,ci3033095,2016-02-10T04:03:17.322Z,"30km N of Yucca Valley, California",earthquake,,0.68,,60,reviewed,ci,ci
1992-07-01T23:10:21.290Z,34.389,-116.462,0.053,2.59,mc,0,70,,0.112,ci,ci3033090,2016-02-09T20:43:17.343Z,"31km N of Yucca Valley, California",earthquake,,1.275,,16,reviewed,ci,ci
1992-07-01T23:09:01.780Z,34.264,-116.427,-1.048,2.72,mc,0,51.9,,0.16,ci,ci3033089,2016-02-10T18:09:15.697Z,"17km N of Yucca Valley, California",earthquake,,0.678,,61,reviewed,ci,ci
1992-07-01T23:06:17.150Z,34.947,-116.927,-0.785,2.95,ml,0,61.7,,0.23,ci,ci3033088,2016-02-10T18:09:14.387Z,"10km ENE of Barstow, California",earthquake,,1.151,,16,reviewed,ci,ci
1992-07-01T22:58:42.020Z,34.161,-116.402,-1.018,3.66,ml,0,46.8,,0.176,ci,ci3033087,2016-02-10T21:48:59.855Z,"6km NNE of Yucca Valley, California",earthquake,,0.427,,26,reviewed,ci,ci
1992-07-01T22:53:39.600Z,34.03,-116.354,-0.619,2.85,ml,0,37.9,,0.221,ci,ci3099875,2016-02-10T07:34:27.039Z,"12km SE of Yucca Valley, California",earthquake,,0.434,,10,reviewed,ci,ci
1992-07-01T22:29:12.920Z,34.03,-117.549,2.254,2.7,mc,0,57.4,,0.156,ci,ci3033075,2016-02-09T20:43:10.517Z,"5km NW of Mira Loma, California",earthquake,,0.178,,59,reviewed,ci,ci
1992-07-01T22:23:20.820Z,35.013,-116.969,3.447,2.56,mc,0,143.4,,0.138,ci,ci3033813,2016-02-09T20:43:08.217Z,"14km NNE of Barstow, California",earthquake,,0.615,,34,reviewed,ci,ci
1992-07-01T22:22:20.910Z,34.1546667,-116.3965,-0.333,2.9,mc,15,81,,0.14,ci,ci3033806,2016-04-02T05:33:20.074Z,"6km NE of Yucca Valley, CA",earthquake,0.47,0.84,,38,reviewed,ci,ci
1992-07-01T22:21:03.440Z,34.157,-116.398,-1.125,2.78,ml,0,45.8,,0.192,ci,ci3033067,2016-02-10T07:34:22.480Z,"6km NNE of Yucca Valley, California",earthquake,,0.409,,11,reviewed,ci,ci
1992-07-01T22:19:17.980Z,34.002,-116.351,3.015,2.76,mc,0,81.5,0.06959,0.154,ci,ci3090027,2016-02-09T20:43:05.690Z,"14km SSE of Yucca Valley, California",earthquake,,0.598,,52,reviewed,ci,ci
1992-07-01T22:18:25.470Z,34.256,-116.436,2.402,2.73,mc,0,71.1,,0.118,ci,ci3033065,2016-02-10T00:26:01.757Z,"16km N of Yucca Valley, California",earthquake,,0.362,,74,reviewed,ci,ci
1992-07-01T22:15:36.810Z,34.317,-116.46,3.302,2.58,mc,0,175.5,,0.114,ci,ci3033064,2016-02-10T00:26:00.322Z,"23km N of Yucca Valley, California",earthquake,,0.344,,35,reviewed,ci,ci
1992-07-01T22:01:01.170Z,34.038,-116.36,0.8,2.7,mc,0,48.6,0.04288,0.151,ci,ci3033055,2016-02-10T21:48:54.169Z,"11km SE of Yucca Valley, California",earthquake,,0.576,,18,reviewed,ci,ci
1992-07-01T21:59:08.130Z,34.082,-116.375,-0.063,2.53,mc,0,56.1,,0.135,ci,ci3033054,2016-02-10T00:25:54.985Z,"6km SE of Yucca Valley, California",earthquake,,0.638,,11,reviewed,ci,ci
1992-07-01T21:55:50.940Z,34.036,-116.361,0.331,2.78,ml,0,38,,0.21,ci,ci3033050,2016-02-10T21:48:52.408Z,"11km SE of Yucca Valley, California",earthquake,,0.268,,14,reviewed,ci,ci
1992-07-01T21:54:06.650Z,33.98,-116.348,2.07,3.15,ml,0,74.6,,0.196,ci,ci3033048,2016-02-10T14:35:50.554Z,"14km E of Desert Hot Springs, California",earthquake,,0.208,,17,reviewed,ci,ci
1992-07-01T21:51:51.630Z,34.581,-116.59,5.038,2.56,mc,0,69.8,0.3341,0.164,ci,ci3033047,2016-02-10T11:09:59.293Z,"38km ENE of Lucerne Valley, California",earthquake,,,,9,reviewed,ci,ci
1992-07-01T21:47:53.290Z,34.018,-116.366,1.69,3,ml,0,62.7,,0.223,ci,ci3033046,2016-02-10T18:09:09.407Z,"12km SSE of Yucca Valley, California",earthquake,,0.325,,18,reviewed,ci,ci
1992-07-01T21:44:48.080Z,35.024,-117.04,7.677,2.67,mc,0,82.1,,0.248,ci,ci3033045,2016-02-10T07:34:19.494Z,"14km N of Barstow, California",earthquake,,0.438,,63,reviewed,ci,ci
1992-07-01T21:43:12.710Z,34.132,-116.993,3.316,2.83,ml,0,88.8,,0.185,ci,ci3090023,2016-02-10T07:34:18.176Z,"12km NNE of Yucaipa, California",earthquake,,0.589,,16,reviewed,ci,ci
1992-07-01T21:42:55.110Z,34.589,-116.613,4.921,2.5,mh,0,99.4,,0.205,ci,ci3033044,2016-02-10T11:09:58.075Z,"36km ENE of Lucerne Valley, California",earthquake,,,,0,reviewed,ci,ci
1992-07-01T21:31:16.650Z,34.612,-116.625,4.896,2.69,ml,0,59.7,,0.155,ci,ci3033035,2016-02-10T00:25:53.695Z,"36km ENE of Lucerne Valley, California",earthquake,,,,12,reviewed,ci,ci
1992-07-01T21:28:26.480Z,34.161,-116.396,0.165,2.61,mc,0,78,,0.167,ci,ci3033034,2016-02-10T21:48:49.857Z,"6km NNE of Yucca Valley, California",earthquake,,0.704,,40,reviewed,ci,ci
1992-07-01T21:27:45.990Z,35.201,-116.861,1.675,2.54,mc,0,101.7,0.1102,0.188,ci,ci3033033,2016-02-10T21:48:48.492Z,"17km WSW of Fort Irwin, California",earthquake,,0.846,,24,reviewed,ci,ci
1992-07-01T21:22:16.300Z,34.67,-116.67,5.234,2.64,mc,0,193.6,0.3245,0.247,ci,ci3033029,2016-02-10T00:25:50.949Z,"37km NE of Lucerne Valley, California",earthquake,,,,36,reviewed,ci,ci
1992-07-01T21:19:18.170Z,34.274,-116.726,-1.699,2.87,mc,0,63.9,,0.134,ci,ci3033027,2016-02-10T18:09:06.778Z,"11km E of Big Bear City, California",earthquake,,0.424,,81,reviewed,ci,ci
1992-07-01T21:01:59.080Z,33.999,-116.369,2.599,2.73,mc,0,81.5,,0.227,ci,ci3033019,2016-02-10T14:35:45.097Z,"13km ENE of Desert Hot Springs, California",earthquake,,0.384,,18,reviewed,ci,ci
1992-07-01T20:53:56.750Z,34.281,-116.731,-0.472,4.03,ml,0,87.9,,0.162,ci,ci3033016,2016-02-10T11:09:55.508Z,"11km ENE of Big Bear City, California",earthquake,,0.363,,23,reviewed,ci,ci
1992-07-01T20:46:17.800Z,34.276,-116.729,-0.892,4.24,ml,0,113.6,,0.227,ci,ci3033670,2016-02-10T11:09:53.978Z,"11km E of Big Bear City, California",earthquake,,0.396,,27,reviewed,ci,ci
1992-07-01T20:45:45.870Z,34.282,-116.725,-1.006,3.5,ml,0,88.3,,0.163,ci,ci3033015,2016-02-10T04:03:10.213Z,"11km ENE of Big Bear City, California",earthquake,,0.389,,24,reviewed,ci,ci
1992-07-01T20:43:24.940Z,34.6,-116.635,4.674,2.76,mc,0,123.2,,0.174,ci,ci3033014,2016-02-10T18:09:04.199Z,"35km ENE of Lucerne Valley, California",earthquake,,,,65,reviewed,ci,ci
1992-07-01T20:41:18.440Z,34.258,-116.45,5.104,3.35,ml,0,107.7,,0.15,ci,ci3033012,2016-02-10T00:25:49.664Z,"16km N of Yucca Valley, California",earthquake,,,,21,reviewed,ci,ci
1992-07-01T20:30:49.060Z,34.148,-116.866,3.049,2.72,mc,0,148.5,,0.091,ci,ci3033009,2016-02-10T18:09:01.692Z,"12km SSE of Big Bear Lake, California",earthquake,,0.369,,29,reviewed,ci,ci
1992-07-01T20:30:32.990Z,34.016,-116.368,2.151,2.79,mc,0,167.9,,0.191,ci,ci3033245,2016-02-09T20:43:02.133Z,"12km SSE of Yucca Valley, California",earthquake,,0.636,,39,reviewed,ci,ci
1992-07-01T20:22:51.970Z,34.341,-116.458,5.104,3.5,ml,0,110.4,,0.258,ci,ci3033008,2016-02-10T04:03:08.781Z,"25km N of Yucca Valley, California",earthquake,,,,27,reviewed,ci,ci
1992-07-01T20:12:15.940Z,34.276,-116.694,4.158,2.86,mc,0,89.9,,0.13,ci,ci3033006,2016-02-09T20:42:59.980Z,"14km E of Big Bear City, California",earthquake,,46.698,,74,reviewed,ci,ci
1992-07-01T20:08:29.440Z,34.077,-116.395,1.923,2.62,mc,0,101.7,,0.146,ci,ci3033004,2016-02-10T04:03:06.013Z,"5km SE of Yucca Valley, California",earthquake,,0.94,,21,reviewed,ci,ci
1992-07-01T20:03:57.370Z,34.642,-116.67,4.674,2.83,mc,0,92.3,,0.412,ci,ci3033001,2016-02-10T11:09:51.210Z,"35km NE of Lucerne Valley, California",earthquake,,,,71,reviewed,ci,ci
1992-07-01T19:56:15.280Z,34.042,-116.363,6.551,2.74,ml,0,153,,0.136,ci,ci3033000,2016-02-10T04:03:03.457Z,"10km SE of Yucca Valley, California",earthquake,,7.127,,11,reviewed,ci,ci
1992-07-01T19:52:31.870Z,34.406,-116.471,5.108,2.94,mc,0,126,,0.115,ci,ci3032999,2016-02-10T14:35:42.508Z,"33km N of Yucca Valley, California",earthquake,,,,46,reviewed,ci,ci
1992-07-01T19:46:34.720Z,34.61,-116.665,4.588,2.91,ml,0,266.1,,0.082,ci,ci3033216,2016-02-10T11:09:49.726Z,"33km ENE of Lucerne Valley, California",earthquake,,,,23,reviewed,ci,ci
1992-07-01T19:45:07.230Z,34.294,-116.457,5.104,2.99,ml,0,123.6,,0.178,ci,ci3032997,2016-02-09T20:42:56.907Z,"20km N of Yucca Valley, California",earthquake,,,,7,reviewed,ci,ci
1992-07-01T19:36:28.170Z,34.172,-116.411,-0.825,3.23,ml,0,106.3,,0.197,ci,ci3033212,2016-02-10T18:09:00.087Z,"7km NNE of Yucca Valley, California",earthquake,,0.859,,21,reviewed,ci,ci
1992-07-01T19:25:22.860Z,34.121,-116.403,-1.007,2.95,ml,0,104.1,,0.285,ci,ci3032988,2016-02-10T18:08:58.347Z,"3km ENE of Yucca Valley, California",earthquake,,0.558,,25,reviewed,ci,ci
1992-07-01T19:13:48.740Z,34.432,-116.528,4.934,2.73,mc,0,129.8,,0.114,ci,ci3032983,2016-02-09T20:42:53.840Z,"35km ENE of Big Bear City, California",earthquake,,,,45,reviewed,ci,ci
1992-07-01T19:10:08.720Z,34.628,-116.627,4.896,2.66,mc,0,123.7,,0.154,ci,ci3032981,2016-02-10T04:02:59.605Z,"37km ENE of Lucerne Valley, California",earthquake,,,,58,reviewed,ci,ci
1992-07-01T19:00:58.980Z,34.194,-116.807,4.744,2.91,mc,0,122.8,,0.149,ci,ci3032975,2016-02-10T18:08:53.780Z,"8km SSE of Big Bear City, California",earthquake,,7.075,,74,reviewed,ci,ci
1992-07-01T18:55:44.800Z,34.571,-116.567,4.932,3.05,ml,0,131.8,,0.152,ci,ci3032972,2016-02-10T18:08:52.282Z,"39km ENE of Lucerne Valley, California",earthquake,,,,22,reviewed,ci,ci
1992-07-01T18:47:15.260Z,33.99,-116.346,2.17,2.68,mc,0,70.5,,0.16,ci,ci3032970,2016-02-10T00:25:44.427Z,"15km ENE of Desert Hot Springs, California",earthquake,,0.299,,33,reviewed,ci,ci
1992-07-01T18:40:55.770Z,34.229,-116.741,1.595,2.54,mc,0,202.2,,0.091,ci,ci3093966,2016-02-10T11:09:43.570Z,"10km ESE of Big Bear City, California",earthquake,,0.561,,19,reviewed,ci,ci
1992-07-01T18:25:22.430Z,34.441,-116.51,-0.279,3.86,ml,0,67.4,,0.14,ci,ci3032962,2016-02-10T14:35:34.370Z,"37km ENE of Big Bear City, California",earthquake,,0.933,,29,reviewed,ci,ci
1992-07-01T18:20:06.320Z,34.059,-116.375,2.64,2.55,mc,0,84.2,0.0189,0.146,ci,ci3032959,2016-02-10T04:02:54.566Z,"8km SE of Yucca Valley, California",earthquake,,0.589,,10,reviewed,ci,ci
1992-07-01T18:15:11.610Z,34.213,-116.865,1.678,3.3,ml,0,51.9,,0.153,ci,ci3032958,2016-02-10T00:25:41.751Z,"6km SE of Big Bear Lake, California",earthquake,,0.229,,32,reviewed,ci,ci
1992-07-01T18:09:18.350Z,34.327,-116.458,1.31,2.87,ml,0,48,0.09041,0.146,ci,ci3093712,2016-02-10T21:48:36.159Z,"24km N of Yucca Valley, California",earthquake,,0.497,,21,reviewed,ci,ci
1992-07-01T18:07:33.950Z,34.582,-116.585,4.921,3.33,ml,0,51.5,,0.202,ci,ci3032952,2016-02-09T20:42:50.946Z,"38km ENE of Lucerne Valley, California",earthquake,,,,31,reviewed,ci,ci
1992-07-01T17:53:58.610Z,34.029,-116.397,-0.26,2.72,mc,0,263.4,0.09235,0.075,ci,ci3032949,2016-02-10T14:35:32.913Z,"10km SSE of Yucca Valley, California",earthquake,,1.256,,13,reviewed,ci,ci
1992-07-01T17:45:46.850Z,34.28,-116.689,4.844,4.42,ml,0,39.2,,0.286,ci,ci3032948,2016-02-10T07:34:14.444Z,"14km E of Big Bear City, California",earthquake,,2.534,,22,reviewed,ci,ci
1992-07-01T17:38:55.070Z,33.954,-116.338,-0.91,2.54,mc,0,137.6,,0.182,ci,ci3032943,2016-02-10T18:08:48.038Z,"15km E of Desert Hot Springs, California",earthquake,,0.945,,23,reviewed,ci,ci
1992-07-01T17:21:15.780Z,34.383,-116.462,-0.57,2.85,mc,0,208.9,0.1244,0.115,ci,ci3032937,2016-02-10T00:25:32.896Z,"30km N of Yucca Valley, California",earthquake,,1.211,,22,reviewed,ci,ci
1992-07-01T17:19:53.170Z,34.345,-116.472,0.148,2.55,mc,0,94,,0.116,ci,ci3032933,2016-02-10T14:35:30.432Z,"26km N of Yucca Valley, California",earthquake,,0.546,,14,reviewed,ci,ci
1992-07-01T17:13:46.680Z,34.301,-116.833,0.705,3.23,ml,0,85.5,,0.218,ci,ci3032930,2016-02-09T20:42:47.830Z,"5km NNE of Big Bear City, California",earthquake,,0.273,,18,reviewed,ci,ci
1992-07-01T17:07:15.080Z,34.274,-116.692,2.944,4.18,ml,0,39,,0.171,ci,ci3032928,2016-02-10T18:08:46.759Z,"14km E of Big Bear City, California",earthquake,,0.209,,23,reviewed,ci,ci
1992-07-01T16:55:21.890Z,34.012,-116.374,-0.795,2.55,mc,0,212.1,,0.181,ci,ci3032919,2016-02-10T14:35:25.434Z,"13km SSE of Yucca Valley, California",earthquake,,3.616,,10,reviewed,ci,ci
1992-07-01T16:39:15.340Z,34.356,-116.457,4.608,2.72,mc,0,121.9,,0.211,ci,ci3089685,2016-02-10T04:02:50.570Z,"27km N of Yucca Valley, California",earthquake,,,,14,reviewed,ci,ci
1992-07-01T16:38:36.900Z,34.332,-116.477,4.577,2.68,mc,0,108.4,0.05553,0.188,ci,ci3032912,2016-02-10T18:08:44.012Z,"25km N of Yucca Valley, California",earthquake,,,,16,reviewed,ci,ci
1992-07-01T16:31:28.500Z,34.619,-116.678,4.658,2.74,ml,0,116.8,,0.148,ci,ci3032909,2016-02-09T20:42:43.203Z,"33km NE of Lucerne Valley, California",earthquake,,,,15,reviewed,ci,ci
1992-07-01T16:29:03.700Z,33.886,-116.276,2.471,2.74,ml,0,56.6,,0.208,ci,ci3089682,2016-02-10T04:02:49.336Z,"13km NE of Thousand Palms, California",earthquake,,0.204,,13,reviewed,ci,ci
1992-07-01T16:28:16.290Z,33.934,-116.309,2.3,2.6,mc,0,90,,0.196,ci,ci3032908,2016-02-10T00:25:26.499Z,"15km NNE of Thousand Palms, California",earthquake,,0.211,,51,reviewed,ci,ci
1992-07-01T16:26:12.430Z,34.35,-116.46,6.758,2.69,mc,0,114.5,,0.136,ci,ci3032906,2016-02-10T21:48:25.924Z,"26km N of Yucca Valley, California",earthquake,,6.617,,54,reviewed,ci,ci
1992-07-01T16:15:08.400Z,33.884,-116.279,3.19,2.73,mc,0,98.5,,0.157,ci,ci3032899,2016-02-09T20:42:40.818Z,"12km NE of Thousand Palms, California",earthquake,,0.29,,37,reviewed,ci,ci
1992-07-01T16:10:38.700Z,34.064,-116.374,0.423,2.74,mc,0,154.6,,0.19,ci,ci3089678,2016-02-10T00:25:23.711Z,"8km SE of Yucca Valley, California",earthquake,,1.066,,25,reviewed,ci,ci
1992-07-01T16:06:09.180Z,34.187,-116.437,4.701,2.81,mc,0,105.3,,0.218,ci,ci3032896,2016-02-09T20:42:39.231Z,"8km N of Yucca Valley, California",earthquake,,,,57,reviewed,ci,ci
1992-07-01T16:04:32.860Z,34.342,-116.469,4.72,2.68,mc,0,109.4,,0.186,ci,ci3032894,2016-02-10T00:25:22.239Z,"26km N of Yucca Valley, California",earthquake,,,,38,reviewed,ci,ci
1992-07-01T15:48:04.520Z,34.626,-116.551,4.896,3.06,ml,0,127.3,,0.151,ci,ci3032887,2016-02-10T07:34:06.487Z,"37km WSW of Ludlow, California",earthquake,,,,21,reviewed,ci,ci
1992-07-01T15:43:00.070Z,35.05,-116.97,0.507,2.5,mc,0,80.8,,0.167,ci,ci3032886,2016-02-10T11:09:33.143Z,"18km NNE of Barstow, California",earthquake,,1.046,,31,reviewed,ci,ci
1992-07-01T15:38:03.390Z,34.639,-116.503,4.982,2.75,ml,0,134.8,,0.178,ci,ci3032884,2016-02-10T18:08:41.511Z,"33km WSW of Ludlow, California",earthquake,,,,16,reviewed,ci,ci
1992-07-01T15:28:31.320Z,34.443,-116.491,-0.29,2.74,ml,0,120.8,,0.133,ci,ci3032877,2016-02-10T14:35:19.772Z,"37km N of Yucca Valley, California",earthquake,,1.262,,17,reviewed,ci,ci
1992-07-01T15:21:39.910Z,34.156,-116.595,-0.634,3,ml,0,108.5,,0.122,ci,ci3032873,2016-02-10T00:25:18.151Z,"12km N of Morongo Valley, California",earthquake,,0.662,,23,reviewed,ci,ci
1992-07-01T15:15:30.940Z,34.211,-116.773,1.036,2.8,ml,0,96.6,,0.093,ci,ci3032871,2016-02-10T18:08:40.181Z,"9km SE of Big Bear City, California",earthquake,,0.443,,24,reviewed,ci,ci
1992-07-01T15:08:38.770Z,34.182,-116.409,4.904,3.21,ml,0,107.1,,0.209,ci,ci3089438,2016-02-10T04:02:41.778Z,"8km NNE of Yucca Valley, California",earthquake,,,,21,reviewed,ci,ci
1992-07-01T15:08:04.770Z,34.966,-116.93,-1.016,3.08,ml,0,62.7,,0.208,ci,ci3089437,2016-02-10T00:25:15.450Z,"11km NE of Barstow, California",earthquake,,1.259,,19,reviewed,ci,ci
1992-07-01T15:07:07.570Z,34.136,-116.436,0.909,3.41,ml,0,102.7,,0.152,ci,ci3032869,2016-02-10T00:25:13.164Z,"2km N of Yucca Valley, California",earthquake,,0.844,,22,reviewed,ci,ci
1992-07-01T14:52:36.280Z,34.625,-116.656,4.153,2.85,mc,0,93.9,,0.16,ci,ci3032842,2016-02-10T00:25:10.468Z,"35km NE of Lucerne Valley, California",earthquake,,0.448,,70,reviewed,ci,ci
1992-07-01T14:42:05.240Z,34.137,-116.958,2.308,3,ml,0,78.7,,0.176,ci,ci3032837,2016-02-10T14:35:17.152Z,"13km SSW of Big Bear Lake, California",earthquake,,0.156,,26,reviewed,ci,ci
1992-07-01T14:40:35.090Z,34.976,-116.937,-0.785,2.68,mc,0,101.3,,0.192,ci,ci3089430,2016-02-10T04:02:39.144Z,"12km NE of Barstow, California",earthquake,,1.167,,69,reviewed,ci,ci
1992-07-01T14:24:45.850Z,33.963,-116.287,2.282,2.67,mc,0,100.3,,0.154,ci,ci3032829,2016-02-10T21:48:16.886Z,"18km NNE of Thousand Palms, California",earthquake,,0.218,,25,reviewed,ci,ci
1992-07-01T14:18:25.460Z,34.167,-116.416,0.879,2.94,ml,0,105.4,,0.149,ci,ci3032828,2016-02-10T18:08:33.959Z,"6km NNE of Yucca Valley, California",earthquake,,0.612,,20,reviewed,ci,ci
1992-07-01T14:07:30.630Z,34.2,-116.436,4.701,2.92,mc,0,120.9,,0.174,ci,ci3115242,2016-02-10T11:09:26.447Z,"10km N of Yucca Valley, California",earthquake,,,,62,reviewed,ci,ci
1992-07-01T13:56:03.600Z,34.444,-116.503,2.497,2.63,mc,0,108.9,,0.206,ci,ci3032813,2016-02-10T18:08:30.036Z,"37km N of Yucca Valley, California",earthquake,,2.409,,40,reviewed,ci,ci
1992-07-01T13:28:59.410Z,35.852,-116.77,5.173,2.76,mc,0,229,,0.259,ci,ci3089412,2016-02-09T20:42:30.954Z,"47km WSW of Shoshone, California",earthquake,,,,33,reviewed,ci,ci
1992-07-01T13:21:12.800Z,34.607,-116.643,3.933,2.91,mc,0,107.5,,0.219,ci,ci3089406,2016-02-10T07:33:54.078Z,"35km ENE of Lucerne Valley, California",earthquake,,0.444,,54,reviewed,ci,ci
1992-07-01T13:20:45.920Z,35.093,-116.52,-0.129,2.82,mc,0,151.9,,0.204,ci,ci3032798,2016-02-10T14:35:11.427Z,"24km SE of Fort Irwin, California",earthquake,,4.929,,77,reviewed,ci,ci
1992-07-01T13:17:44.140Z,34.654,-116.517,3.143,2.93,mc,0,143.9,,0.163,ci,ci3032797,2016-02-10T00:24:59.300Z,"34km WSW of Ludlow, California",earthquake,,0.63,,51,reviewed,ci,ci
1992-07-01T13:12:39.810Z,34.131,-116.604,-1.595,2.89,ml,0,91.5,,0.167,ci,ci3032795,2016-02-10T11:09:21.306Z,"10km NNW of Morongo Valley, California",earthquake,,0.515,,24,reviewed,ci,ci
1992-07-01T13:04:13.810Z,34.638,-116.667,3.181,2.78,mc,0,69.3,,0.165,ci,ci2081201,2016-02-10T18:08:27.559Z,"35km NE of Lucerne Valley, California",earthquake,,0.722,,67,reviewed,ci,ci
1992-07-01T13:03:16.260Z,34.095,-116.418,1.883,2.78,mc,0,101.3,,0.155,ci,ci3032791,2016-02-10T00:24:58.000Z,"2km SSE of Yucca Valley, California",earthquake,,0.641,,72,reviewed,ci,ci
1992-07-01T12:58:30.960Z,34.317,-116.653,2.268,2.85,mc,0,115.5,,0.155,ci,ci3032790,2016-02-10T14:35:07.609Z,"19km ENE of Big Bear City, California",earthquake,,0.713,,75,reviewed,ci,ci
1992-07-01T12:56:37.560Z,34.143,-116.872,1.279,2.67,mc,0,87.7,,0.165,ci,ci3032789,2016-02-10T18:08:26.285Z,"12km SSE of Big Bear Lake, California",earthquake,,0.222,,69,reviewed,ci,ci
1992-07-01T12:38:16.420Z,34.421,-116.514,4.599,2.72,mc,0,121.7,,0.216,ci,ci3032780,2016-02-10T04:02:26.625Z,"35km NNW of Yucca Valley, California",earthquake,,,,50,reviewed,ci,ci
1992-07-01T12:25:54.860Z,34.022,-116.357,0.78,2.5,mc,0,165.7,,0.212,ci,ci3032770,2016-02-09T20:42:29.588Z,"12km SE of Yucca Valley, California",earthquake,,0.618,,31,reviewed,ci,ci
1992-07-01T12:19:54.980Z,34.074,-116.377,2.282,2.51,mc,0,133.2,,0.144,ci,ci3032766,2016-02-09T20:42:26.549Z,"7km SE of Yucca Valley, California",earthquake,,0.827,,47,reviewed,ci,ci
1992-07-01T12:17:12.610Z,34.32,-116.654,3.996,2.86,ml,0,115.9,,0.148,ci,ci3032764,2016-02-10T21:48:01.752Z,"19km ENE of Big Bear City, California",earthquake,,0.02,,21,reviewed,ci,ci
1992-07-01T12:15:36.090Z,34.0411667,-116.3828333,10.76,2.54,mc,17,173,,0.27,ci,ci3091566,2016-04-01T23:07:52.806Z,"9km SSE of Yucca Valley, CA",earthquake,1.11,1.44,,37,reviewed,ci,ci
1992-07-01T12:14:57.740Z,34.98,-116.94,-1.039,2.73,mc,0,62.5,,0.21,ci,ci3032763,2016-02-10T04:02:21.736Z,"12km NE of Barstow, California",earthquake,,1.153,,50,reviewed,ci,ci
1992-07-01T12:12:45.760Z,34.023,-116.356,0.332,2.7,mc,0,100.7,,0.262,ci,ci3032761,2016-02-10T21:48:00.332Z,"12km SE of Yucca Valley, California",earthquake,,0.392,,33,reviewed,ci,ci
1992-07-01T12:02:27.430Z,34.117,-116.386,-0.987,3.21,ml,0,105,,0.441,ci,ci3032759,2016-02-10T07:33:51.524Z,"4km E of Yucca Valley, California",earthquake,,0.656,,14,reviewed,ci,ci
1992-07-01T11:58:42.910Z,34.188,-116.901,1.198,3.42,ml,0,77.7,0.09704,0.173,ci,ci3032758,2016-02-10T00:24:51.214Z,"6km S of Big Bear Lake, California",earthquake,,0.381,,30,reviewed,ci,ci
1992-07-01T11:58:01.920Z,34.203,-116.797,1.444,3.23,ml,0,94.3,,0.139,ci,ci3089617,2016-02-10T00:24:49.811Z,"8km SE of Big Bear City, California",earthquake,,0.513,,24,reviewed,ci,ci
1992-07-01T11:57:52.540Z,34.02,-116.372,2.193,2.5,mh,0,99.6,,0.19,ci,ci3089620,2016-04-01T19:52:42.414Z,"12km SSE of Yucca Valley, CA",earthquake,,0.745,,0,reviewed,ci,ci
1992-07-01T11:54:48.760Z,34.188,-116.801,-0.7,3.31,ml,0,124.2,,0.136,ci,ci3032757,2016-02-10T18:08:25.002Z,"9km SSE of Big Bear City, California",earthquake,,0.458,,32,reviewed,ci,ci
1992-07-01T11:44:49.480Z,34.005,-116.352,2.321,2.74,ml,0,166.7,0.03868,0.154,ci,ci3032754,2016-02-10T07:33:50.200Z,"14km SSE of Yucca Valley, California",earthquake,,0.604,,16,reviewed,ci,ci
1992-07-01T11:40:45.140Z,35.684,-117.601,5.574,2.68,mc,0,118.8,0.122,0.147,ci,ci2081397,2016-02-09T20:42:22.140Z,"10km NE of Ridgecrest, California",earthquake,,5.449,,25,reviewed,ci,ci
1992-07-01T11:38:42.840Z,34.2146667,-116.8528333,0.734,2.74,mc,28,117,,0.15,ci,ci3032751,2016-04-02T15:09:04.135Z,"5km S of Big Bear City, CA",earthquake,0.41,0.75,,64,reviewed,ci,ci
1992-07-01T11:37:53.620Z,34.545,-116.55,4.597,2.68,mc,0,140.9,,0.149,ci,ci3089608,2016-02-10T11:09:16.546Z,"40km ENE of Lucerne Valley, California",earthquake,,24.551,,32,reviewed,ci,ci
1992-07-01T11:36:48.910Z,34.629,-116.611,2.752,2.88,ml,0,125.6,,0.179,ci,ci3032749,2016-02-09T20:42:20.476Z,"39km ENE of Lucerne Valley, California",earthquake,,0.164,,23,reviewed,ci,ci
1992-07-01T11:33:32.630Z,33.997,-116.349,1.542,2.79,ml,0,141,,0.175,ci,ci3032748,2016-02-10T00:24:46.915Z,"15km ENE of Desert Hot Springs, California",earthquake,,0.299,,21,reviewed,ci,ci
1992-07-01T11:23:03.040Z,34.667,-116.717,4.214,2.87,mc,0,180.5,,0.193,ci,ci3033051,2016-02-09T20:42:17.168Z,"34km NE of Lucerne Valley, California",earthquake,,,,76,reviewed,ci,ci
1992-07-01T11:21:57.530Z,34.52,-116.524,4.896,2.87,mc,0,131.6,,0.25,ci,ci3032739,2016-02-10T00:24:44.308Z,"40km SW of Ludlow, California",earthquake,,,,71,reviewed,ci,ci
1992-07-01T11:14:18.670Z,34.544,-116.5501667,1.913,2.93,mc,31,128,,0.15,ci,ci3032737,2016-04-02T15:09:02.264Z,"40km ENE of Lucerne Valley, CA",earthquake,0.49,4.19,,79,reviewed,ci,ci
1992-07-01T11:11:47.830Z,34.286,-116.727,-0.282,2.85,ml,0,87.9,,0.149,ci,ci3032736,2016-02-09T20:42:15.435Z,"11km ENE of Big Bear City, California",earthquake,,0.427,,27,reviewed,ci,ci
1992-07-01T11:05:01.040Z,34.066,-116.882,9.694,2.5,mc,0,93.3,,0.151,ci,ci3032732,2016-02-10T07:33:47.615Z,"15km ENE of Yucaipa, California",earthquake,,0.39,,44,reviewed,ci,ci
1992-07-01T11:02:24.820Z,34.593,-116.633,-0.068,3.4,ml,0,117.4,,0.174,ci,ci3032730,2016-02-10T18:08:18.719Z,"35km ENE of Lucerne Valley, California",earthquake,,0.427,,31,reviewed,ci,ci
1992-07-01T10:55:21.580Z,35.628,-117.48,4.231,2.61,mc,0,147.2,,0.177,ci,ci3089550,2016-02-10T00:24:42.888Z,"17km SSW of Searles Valley, California",earthquake,,0.123,,33,reviewed,ci,ci
1992-07-01T10:49:48.420Z,34.533,-116.537,3.347,2.99,mc,0,128.9,,0.158,ci,ci3032719,2016-02-10T04:02:13.421Z,"40km WSW of Ludlow, California",earthquake,,1.146,,65,reviewed,ci,ci
1992-07-01T10:41:32.080Z,34.125,-116.419,0.344,3.34,ml,0,103.3,,0.165,ci,ci3032718,2016-02-10T00:24:39.263Z,"2km NE of Yucca Valley, California",earthquake,,0.766,,31,reviewed,ci,ci
1992-07-01T10:35:53.950Z,35.69,-117.605,5.094,2.67,mc,0,118.7,,0.175,ci,ci3032717,2016-02-10T18:08:16.064Z,"10km NE of Ridgecrest, California",earthquake,,21.57,,33,reviewed,ci,ci
1992-07-01T10:32:52.260Z,34.973,-116.936,-0.745,4.33,ml,0,62.6,,0.291,ci,ci3032953,2016-02-10T04:02:12.072Z,"11km NE of Barstow, California",earthquake,,0.786,,21,reviewed,ci,ci
1992-07-01T10:32:10.560Z,34.565,-116.562,4.674,2.89,ml,0,114.1,,0.154,ci,ci3032951,2016-02-10T11:09:09.703Z,"40km ENE of Lucerne Valley, California",earthquake,,,,28,reviewed,ci,ci
1992-07-01T10:29:47.670Z,34.969,-116.939,-0.565,4.19,ml,0,64.6,,0.267,ci,ci3032715,2016-02-10T11:09:08.366Z,"11km NE of Barstow, California",earthquake,,0.423,,17,reviewed,ci,ci
1992-07-01T10:27:10.950Z,34.633,-116.502,2.804,2.79,mc,0,133.3,,0.162,ci,ci3032714,2016-02-10T11:09:06.898Z,"33km WSW of Ludlow, California",earthquake,,0.924,,66,reviewed,ci,ci
1992-07-01T10:22:23.600Z,34.405,-116.479,4.292,2.87,mc,0,110.7,,0.17,ci,ci3089548,2016-02-10T21:47:54.039Z,"33km N of Yucca Valley, California",earthquake,,,,28,reviewed,ci,ci
1992-07-01T10:21:09.010Z,34.121,-116.418,-0.714,3.38,ml,0,103.1,,0.198,ci,ci3032712,2016-02-10T18:08:14.834Z,"2km ENE of Yucca Valley, California",earthquake,,0.838,,33,reviewed,ci,ci
1992-07-01T10:20:58.840Z,34.167,-116.797,11.819,2.5,mh,0,149,,0.165,ci,ci3089547,2016-02-10T11:09:05.550Z,"11km SSE of Big Bear City, California",earthquake,,0.76,,0,reviewed,ci,ci
1992-07-01T10:14:54.710Z,34.341,-116.463,5.091,3.01,ml,0,143.4,0.02158,0.112,ci,ci3032711,2016-02-10T07:33:44.794Z,"25km N of Yucca Valley, California",earthquake,,,,5,reviewed,ci,ci
1992-07-01T10:08:12.660Z,35.685,-117.607,4.614,2.81,mc,0,115.5,,0.201,ci,ci3032704,2016-02-10T14:35:03.192Z,"10km NE of Ridgecrest, California",earthquake,,0.628,,57,reviewed,ci,ci
1992-07-01T10:00:10.040Z,33.971,-116.373,1.867,3.14,ml,0,120.3,,0.17,ci,ci3032703,2016-02-10T18:08:13.389Z,"12km E of Desert Hot Springs, California",earthquake,,0.372,,22,reviewed,ci,ci
1992-07-01T09:57:56.750Z,34.608,-116.637,5.101,2.83,ml,0,121.7,,0.161,ci,ci3089544,2016-02-10T18:08:12.070Z,"35km ENE of Lucerne Valley, California",earthquake,,0.771,,21,reviewed,ci,ci
1992-07-01T09:44:43.310Z,34.086,-116.412,7.146,3.62,ml,0,101.6,,0.193,ci,ci3032700,2016-02-09T20:42:08.499Z,"4km SSE of Yucca Valley, California",earthquake,,1.66,,35,reviewed,ci,ci
1992-07-01T09:43:42.110Z,34.09,-116.867,2.13,2.55,mc,0,108.7,,0.223,ci,ci3032698,2016-02-10T07:33:41.918Z,"17km ENE of Yucaipa, California",earthquake,,0.293,,28,reviewed,ci,ci
1992-07-01T09:37:42.740Z,33.998,-116.356,1.772,3.15,ml,0,99.5,,0.165,ci,ci3089537,2016-02-10T04:02:09.353Z,"14km ENE of Desert Hot Springs, California",earthquake,,0.319,,23,reviewed,ci,ci
1992-07-01T09:37:06.290Z,34.159,-116.433,0.649,2.53,mc,0,103.7,,0.166,ci,ci3032697,2016-02-09T20:42:06.562Z,"5km N of Yucca Valley, California",earthquake,,1.146,,48,reviewed,ci,ci
1992-07-01T09:34:42.610Z,34.18,-116.807,-0.421,3.04,ml,0,81.4,,0.212,ci,ci3032696,2016-02-10T07:33:40.620Z,"10km SSE of Big Bear City, California",earthquake,,0.43,,32,reviewed,ci,ci
1992-07-01T09:33:24.850Z,34.103,-116.387,0.323,3.18,ml,0,154.6,,0.176,ci,ci3032695,2016-02-10T18:08:09.614Z,"4km ESE of Yucca Valley, California",earthquake,,1.093,,20,reviewed,ci,ci
1992-07-01T09:28:53.260Z,34.929,-116.93,-0.844,3.45,ml,0,60.4,,0.212,ci,ci3032694,2016-02-10T04:02:07.940Z,"9km ENE of Barstow, California",earthquake,,0.702,,31,reviewed,ci,ci
1992-07-01T09:24:10.240Z,34.971,-116.937,-1.029,2.6,mc,0,65.7,,0.28,ci,ci3032693,2016-02-10T14:35:01.833Z,"11km NE of Barstow, California",earthquake,,1.306,,51,reviewed,ci,ci
1992-07-01T09:22:16.560Z,34.015,-116.35,1.231,3.11,ml,0,62,,0.146,ci,ci3032692,2016-02-10T14:35:00.543Z,"13km SE of Yucca Valley, California",earthquake,,0.578,,23,reviewed,ci,ci
1992-07-01T08:59:44.030Z,34.4648333,-116.7608333,4.309,3.35,ml,4,226,1.112,0.49,ci,ci3224796,2016-02-10T21:47:51.486Z,"19km E of Lucerne Valley, California",earthquake,3.58,31.61,0.14,6,reviewed,ci,ci
1992-07-01T08:41:29.060Z,34.206,-116.854,0.264,2.61,mc,0,96.3,,0.159,ci,ci3032895,2016-02-10T07:33:36.711Z,"6km S of Big Bear City, California",earthquake,,0.293,,59,reviewed,ci,ci
1992-07-01T08:39:50.040Z,34.205,-116.861,0.408,3.31,ml,0,78.9,,0.221,ci,ci3032673,2016-02-10T14:34:57.961Z,"6km SE of Big Bear Lake, California",earthquake,,0.185,,24,reviewed,ci,ci
1992-07-01T08:35:19.100Z,34.154,-116.429,0.1,2.5,mc,0,172,,0.191,ci,ci3032671,2016-02-09T20:41:59.123Z,"4km N of Yucca Valley, California",earthquake,,1.03,,9,reviewed,ci,ci
1992-07-01T08:33:13.600Z,34.056,-116.373,1.722,2.63,mc,0,164.9,,0.22,ci,ci3089479,2016-02-09T20:41:57.569Z,"8km SE of Yucca Valley, California",earthquake,,0.83,,18,reviewed,ci,ci
1992-07-01T08:32:54.280Z,34.587,-116.512,4.047,2.52,mc,0,153.6,,0.166,ci,ci3089483,2016-02-10T07:33:35.319Z,"36km WSW of Ludlow, California",earthquake,,0.01,,32,reviewed,ci,ci
1992-07-01T08:30:06.310Z,34.932,-116.928,-0.854,2.95,ml,0,72.5,,0.2,ci,ci3032667,2016-02-09T20:41:55.928Z,"9km ENE of Barstow, California",earthquake,,0.841,,20,reviewed,ci,ci
1992-07-01T08:23:33.330Z,34.63,-116.673,-1.559,2.82,mc,0,65.2,,0.235,ci,ci3032662,2016-02-10T21:47:48.333Z,"34km NE of Lucerne Valley, California",earthquake,,0.938,,72,reviewed,ci,ci
1992-07-01T08:14:12.730Z,34.06,-116.382,1.011,2.57,mc,0,126.3,,0.174,ci,ci3032776,2016-02-10T11:09:01.039Z,"8km SE of Yucca Valley, California",earthquake,,0.646,,42,reviewed,ci,ci
1992-07-01T08:13:29.770Z,34.007,-116.435,8.498,2.7,mc,0,153.3,,0.166,ci,ci3032778,2016-02-10T18:08:05.940Z,"8km NE of Desert Hot Springs, California",earthquake,,0.985,,17,reviewed,ci,ci
1992-07-01T08:12:43.540Z,34.086,-116.983,1.759,2.71,ml,0,55.6,,0.137,ci,ci3032775,2016-02-10T00:24:36.579Z,"8km NE of Yucaipa, California",earthquake,,0.226,,12,reviewed,ci,ci
1992-07-01T08:11:48.240Z,35.679,-117.615,4.624,2.98,ml,0,108.7,,0.168,ci,ci3032654,2016-02-10T00:24:34.864Z,"8km NE of Ridgecrest, California",earthquake,,0.398,,8,reviewed,ci,ci
1992-07-01T08:08:16.740Z,34.2426667,-116.4351667,4.741,2.64,mc,24,135,,0.17,ci,ci3032652,2016-04-02T12:00:41.502Z,"14km N of Yucca Valley, CA",earthquake,0.63,31.61,,31,reviewed,ci,ci
1992-07-01T07:56:23.750Z,34.227,-116.757,0.846,2.78,mc,0,106.9,,0.142,ci,ci3032649,2016-02-10T21:47:45.339Z,"9km ESE of Big Bear City, California",earthquake,,0.576,,72,reviewed,ci,ci
1992-07-01T07:47:08.410Z,34.277,-116.643,5.524,3.36,ml,0,204.4,0.5209,0.342,ci,ci3224788,2016-02-10T04:02:01.483Z,"19km E of Big Bear City, California",earthquake,,,,9,reviewed,ci,ci
1992-07-01T07:40:29.900Z,34.33,-116.464,5.091,5.34,ml,0,109.4,,0.22,ci,ci3032643,2020-07-09T21:17:59.393Z,"24km N of Yucca Valley, California",earthquake,,,,20,reviewed,ci,ci
1992-07-01T07:38:12.060Z,34.992,-116.948,-0.135,2.82,ml,0,74,,0.17,ci,ci3033150,2016-02-10T11:08:58.136Z,"12km NNE of Barstow, California",earthquake,,0.736,,16,reviewed,ci,ci
1992-07-01T07:36:48.620Z,34.926,-116.891,2.645,3.41,ml,0,100.4,,0.181,ci,ci3032642,2016-02-10T07:33:29.146Z,"12km ENE of Barstow, California",earthquake,,0.988,,23,reviewed,ci,ci
1992-07-01T07:36:35.680Z,34.948,-116.95,3.99,2.5,mh,0,227.4,,0.189,ci,ci3033160,2016-02-10T21:47:44.006Z,"9km NE of Barstow, California",earthquake,,0.333,,0,reviewed,ci,ci
1992-07-01T07:35:18.880Z,34.081,-116.372,-0.648,3.01,ml,0,59.5,,0.15,ci,ci3033132,2016-02-10T00:24:32.312Z,"7km ESE of Yucca Valley, California",earthquake,,1.439,,15,reviewed,ci,ci
1992-07-01T07:34:44.490Z,34.6186667,-116.6496667,-0.906,3.08,ml,24,63,,0.23,ci,ci3032640,2016-04-02T15:09:21.783Z,"35km NE of Lucerne Valley, CA",earthquake,0.65,2.31,,13,reviewed,ci,ci
1992-07-01T07:30:56.210Z,34.092,-116.387,-1.007,3.44,ml,0,34.7,,0.304,ci,ci3032638,2016-02-10T11:08:56.796Z,"5km ESE of Yucca Valley, California",earthquake,,0.343,,32,reviewed,ci,ci
1992-07-01T07:30:01.680Z,34.201,-116.795,1.973,2.68,mc,0,40.5,,0.172,ci,ci3139472,2016-02-10T04:02:00.273Z,"8km SE of Big Bear City, California",earthquake,,0.26,,29,reviewed,ci,ci
1992-07-01T07:26:49.870Z,34.254,-116.394,-0.447,2.51,mc,0,105,0.01365,0.134,ci,ci3032631,2016-02-10T18:08:02.160Z,"15km NNW of Joshua Tree, California",earthquake,,2.069,,37,reviewed,ci,ci
1992-07-01T07:24:32.070Z,34.069,-116.375,-0.755,3.6,ml,0,47,,0.184,ci,ci3089461,2016-02-10T00:24:31.030Z,"7km SE of Yucca Valley, California",earthquake,,0.668,,30,reviewed,ci,ci
1992-07-01T07:24:11.650Z,34.633,-116.634,7.284,3.15,ml,0,58.9,,0.127,ci,ci3032630,2016-02-09T20:41:54.139Z,"37km NE of Lucerne Valley, California",earthquake,,0.418,,7,reviewed,ci,ci
1992-07-01T07:22:21.160Z,35.1393333,-116.862,0.675,2.87,mc,15,86,0.1685,0.22,ci,ci3032628,2016-04-02T08:44:14.315Z,"21km SW of Fort Irwin, CA",earthquake,0.59,1.34,,34,reviewed,ci,ci
1992-07-01T07:20:00.070Z,34.062,-116.369,-1.093,3.39,ml,0,37.6,,0.261,ci,ci3033126,2016-02-10T07:33:27.816Z,"8km SE of Yucca Valley, California",earthquake,,0.399,,24,reviewed,ci,ci
1992-07-01T07:18:09.290Z,34.092,-116.38,-0.557,3.37,ml,0,58.8,,0.173,ci,ci3032625,2016-02-09T20:41:52.546Z,"5km ESE of Yucca Valley, California",earthquake,,0.458,,27,reviewed,ci,ci
1992-07-01T07:14:40.150Z,34.111,-116.39,0.307,2.84,mc,0,66.1,,0.162,ci,ci3033099,2016-02-09T20:41:50.774Z,"4km E of Yucca Valley, California",earthquake,,1.279,,22,reviewed,ci,ci
1992-07-01T07:13:17.430Z,34.102,-116.388,-1.084,3.82,ml,0,36.8,,0.169,ci,ci3032623,2016-02-10T00:24:29.619Z,"4km ESE of Yucca Valley, California",earthquake,,0.557,,33,reviewed,ci,ci
1992-07-01T07:11:08.000Z,34.093,-116.383,-0.898,2.79,ml,0,38.1,,0.255,ci,ci3032621,2016-02-10T21:47:41.261Z,"5km ESE of Yucca Valley, California",earthquake,,0.319,,18,reviewed,ci,ci
1992-07-01T07:04:24.590Z,34.049,-116.378,0.348,3.63,ml,0,61.9,,0.199,ci,ci3032816,2016-02-10T21:47:39.798Z,"9km SE of Yucca Valley, California",earthquake,,0.566,,29,reviewed,ci,ci
1992-07-01T07:03:47.430Z,34.148,-116.828,5.903,2.71,mc,0,72.3,,0.151,ci,ci3032826,2016-02-10T21:47:38.423Z,"13km S of Big Bear City, California",earthquake,,2.122,,8,reviewed,ci,ci
1992-07-01T07:01:49.190Z,34.097,-116.383,-0.997,4.41,ml,0,35.6,,0.251,ci,ci3032618,2016-02-10T14:34:52.679Z,"5km ESE of Yucca Valley, California",earthquake,,0.402,,25,reviewed,ci,ci
1992-07-01T06:48:22.660Z,34.071,-116.415,0.362,3.49,ml,0,61.9,,0.18,ci,ci3032611,2016-02-10T21:47:37.210Z,"5km SSE of Yucca Valley, California",earthquake,,0.471,,32,reviewed,ci,ci
1992-07-01T06:42:38.330Z,34.323,-116.635,-1.393,2.69,mc,0,95.3,,0.088,ci,ci3032607,2016-02-09T20:41:45.730Z,"20km ENE of Big Bear City, California",earthquake,,1.301,,28,reviewed,ci,ci
1992-07-01T06:38:03.170Z,34.535,-116.536,3.294,2.56,ml,0,66.1,,0.148,ci,ci3032606,2016-02-10T18:07:59.625Z,"40km WSW of Ludlow, California",earthquake,,0.829,,14,reviewed,ci,ci
1992-07-01T06:30:40.980Z,34.024,-116.362,2.821,3,ml,0,100.8,,0.165,ci,ci3032604,2016-02-10T14:34:48.762Z,"12km SSE of Yucca Valley, California",earthquake,,0.275,,22,reviewed,ci,ci
1992-07-01T06:23:27.620Z,34.247,-116.727,1.763,2.65,mc,0,59.5,,0.166,ci,ci3032601,2016-02-10T18:07:58.341Z,"11km E of Big Bear City, California",earthquake,,0.294,,36,reviewed,ci,ci
1992-07-01T06:20:20.390Z,34.483,-116.517,4.32,2.85,ml,0,67.4,,0.102,ci,ci3032596,2016-02-10T00:24:28.191Z,"39km NE of Big Bear City, California",earthquake,,40.728,,17,reviewed,ci,ci
1992-07-01T06:16:56.640Z,35.677,-117.608,2.424,4.51,ml,0,115.8,,0.212,ci,ci3032594,2016-02-10T07:33:22.814Z,"9km NE of Ridgecrest, California",earthquake,,0.139,,35,reviewed,ci,ci
1992-07-01T06:14:37.960Z,34.19,-116.806,3.51,2.9,mc,0,64.7,,0.157,ci,ci3032592,2016-02-10T18:07:57.055Z,"9km SSE of Big Bear City, California",earthquake,,0.059,,79,reviewed,ci,ci
1992-07-01T06:12:10.090Z,34.441,-116.496,0.05,2.52,mc,0,120,,0.09,ci,ci3032591,2016-02-10T11:08:48.533Z,"37km N of Yucca Valley, California",earthquake,,0.777,,24,reviewed,ci,ci
1992-07-01T05:59:05.810Z,34.057,-116.369,0.282,2.82,mc,0,53.2,,0.157,ci,ci3032582,2016-02-10T04:01:53.881Z,"9km SE of Yucca Valley, California",earthquake,,0.859,,59,reviewed,ci,ci
1992-07-01T05:58:44.750Z,34.268,-116.452,5.702,2.6,mc,0,72.8,,0.164,ci,ci3088725,2016-02-10T21:47:33.192Z,"17km N of Yucca Valley, California",earthquake,,4.238,,69,reviewed,ci,ci
1992-07-01T05:56:46.100Z,34.057,-116.37,0.192,2.7,mc,0,53.2,,0.141,ci,ci3032580,2016-02-10T04:01:52.475Z,"9km SE of Yucca Valley, California",earthquake,,0.674,,40,reviewed,ci,ci
1992-07-01T05:51:32.200Z,35.679,-117.612,4.894,2.67,mc,0,110.2,,0.174,ci,ci3088822,2016-02-10T18:07:52.110Z,"9km NE of Ridgecrest, California",earthquake,,26.578,,61,reviewed,ci,ci
1992-07-01T05:43:56.670Z,34.019,-116.351,0.703,3.29,ml,0,44.2,,0.242,ci,ci3032868,2016-02-10T07:33:20.118Z,"13km SE of Yucca Valley, California",earthquake,,0.321,,21,reviewed,ci,ci
1992-07-01T05:43:26.750Z,34.017,-116.352,0.965,2.93,mc,0,37.4,,0.233,ci,ci3032576,2016-02-10T14:34:40.604Z,"13km SE of Yucca Valley, California",earthquake,,0.257,,91,reviewed,ci,ci
1992-07-01T05:24:14.380Z,34.021,-116.349,0.721,2.91,ml,0,40.9,,0.186,ci,ci3032568,2016-02-10T14:34:34.242Z,"13km SE of Yucca Valley, California",earthquake,,0.332,,21,reviewed,ci,ci
1992-07-01T05:18:29.800Z,34.052,-116.39,-0.997,3.15,ml,0,38.4,,0.245,ci,ci3032567,2016-02-10T07:33:18.708Z,"8km SSE of Yucca Valley, California",earthquake,,0.749,,23,reviewed,ci,ci
1992-07-01T05:12:03.780Z,34.1548333,-116.4525,5.787,2.75,mc,8,150,0.1178,0.12,ci,ci3088636,2016-04-02T15:13:10.171Z,"5km NNW of Yucca Valley, CA",earthquake,0.78,31.61,,32,reviewed,ci,ci
1992-07-01T05:08:31.770Z,34.158,-116.423,-1.125,2.96,mc,0,41,,0.19,ci,ci3032560,2016-02-10T14:34:32.839Z,"5km N of Yucca Valley, California",earthquake,,0.369,,79,reviewed,ci,ci
1992-07-01T05:04:57.940Z,34.006,-116.374,-0.361,2.61,mc,0,42.1,,0.172,ci,ci3032558,2016-02-10T07:33:17.292Z,"13km ENE of Desert Hot Springs, California",earthquake,,0.914,,46,reviewed,ci,ci
1992-07-01T05:01:45.190Z,35.132,-116.835,-0.415,2.93,ml,0,92.7,,0.207,ci,ci3032556,2016-02-10T00:24:19.862Z,"20km SW of Fort Irwin, California",earthquake,,0.776,,18,reviewed,ci,ci
1992-07-01T04:49:07.670Z,34.602,-116.625,2.104,2.66,mc,0,89.4,,0.215,ci,ci3115182,2016-02-10T11:08:44.704Z,"36km ENE of Lucerne Valley, California",earthquake,,0.512,,63,reviewed,ci,ci
1992-07-01T04:43:53.960Z,34.18,-116.804,1.89,3.61,ml,0,34,,0.179,ci,ci3032551,2016-02-10T00:24:18.492Z,"10km SSE of Big Bear City, California",earthquake,,0.146,,27,reviewed,ci,ci
1992-07-01T04:31:43.960Z,35.011,-116.958,2.521,2.73,mc,0,61.8,,0.173,ci,ci3032547,2016-02-10T11:08:42.190Z,"14km NNE of Barstow, California",earthquake,,0.325,,56,reviewed,ci,ci
1992-07-01T04:24:14.240Z,34.001,-116.365,-0.147,2.7,mh,0,46.1,,0.29,ci,ci3088564,2016-04-02T18:21:28.386Z,"13km ENE of Desert Hot Springs, CA",earthquake,,0.562,,0,reviewed,ci,ci
1992-07-01T04:17:01.810Z,34.568,-116.441,3.786,2.77,mc,0,73.8,,0.138,ci,ci3032541,2016-02-10T14:34:28.549Z,"31km WSW of Ludlow, California",earthquake,,6.501,,50,reviewed,ci,ci
1992-07-01T04:11:42.570Z,34.566,-116.548,3.724,2.61,mc,0,53.7,,0.185,ci,ci3032540,2016-02-09T20:41:33.929Z,"40km WSW of Ludlow, California",earthquake,,0.457,,28,reviewed,ci,ci
1992-07-01T04:09:18.420Z,34.32,-116.413,-0.328,2.96,mc,0,64.1,,0.16,ci,ci3032539,2016-02-10T00:24:16.975Z,"23km NNW of Joshua Tree, California",earthquake,,0.485,,53,reviewed,ci,ci
1992-07-01T04:08:07.200Z,34.97,-116.945,3.211,2.67,mc,0,61.6,,0.147,ci,ci3191250,2016-02-10T18:07:42.159Z,"11km NE of Barstow, California",earthquake,,0.464,,31,reviewed,ci,ci
1992-07-01T04:07:50.510Z,34.04,-116.92,3.817,2.55,mc,0,63.8,,0.134,ci,ci3032537,2016-02-09T20:41:31.541Z,"11km E of Yucaipa, California",earthquake,,0.2,,40,reviewed,ci,ci
1992-07-01T04:01:28.290Z,34.206,-116.817,1.983,2.59,mc,0,67.9,,0.133,ci,ci3032533,2016-02-10T21:47:26.728Z,"7km SSE of Big Bear City, California",earthquake,,0.242,,56,reviewed,ci,ci
1992-07-01T03:48:40.110Z,34.397,-116.496,11.292,2.58,mc,0,209.3,0.0733,0.215,ci,ci3032527,2016-02-09T20:41:28.450Z,"32km N of Yucca Valley, California",earthquake,,3.414,,33,reviewed,ci,ci
1992-07-01T03:42:08.070Z,34.081,-116.369,2.382,2.75,ml,0,59.9,,0.233,ci,ci3032525,2016-02-10T07:33:11.228Z,"7km ESE of Yucca Valley, California",earthquake,,0.24,,16,reviewed,ci,ci
1992-07-01T03:39:25.100Z,34.13,-116.772,9.55,2.86,mc,0,43.3,,0.177,ci,ci3032524,2016-02-10T04:01:44.914Z,"16km SSE of Big Bear City, California",earthquake,,0.462,,79,reviewed,ci,ci
1992-07-01T03:25:29.710Z,34.114,-116.976,2.514,2.86,mc,0,68.8,,0.104,ci,ci3088544,2016-02-10T14:34:24.296Z,"11km NE of Yucaipa, California",earthquake,,0.22,,54,reviewed,ci,ci
1992-07-01T03:24:58.270Z,34.113,-116.97,2.714,2.68,mc,0,48.7,,0.084,ci,ci3032520,2016-02-10T18:07:37.286Z,"11km NE of Yucaipa, California",earthquake,,0.22,,73,reviewed,ci,ci
1992-07-01T03:18:00.920Z,33.999,-116.35,0.425,2.62,mc,0,49.1,,0.189,ci,ci3088521,2016-02-10T00:24:09.363Z,"15km ENE of Desert Hot Springs, California",earthquake,,0.52,,41,reviewed,ci,ci
1992-07-01T03:17:01.040Z,34.078,-116.366,-0.001,2.82,mc,0,81.4,,0.186,ci,ci3088511,2016-02-10T18:07:35.870Z,"7km ESE of Yucca Valley, California",earthquake,,0.902,,62,reviewed,ci,ci
1992-07-01T03:06:07.590Z,34.034,-116.318,3.61,2.54,mc,0,66.1,,0.138,ci,ci3032511,2016-02-09T20:41:21.351Z,"11km S of Joshua Tree, California",earthquake,,0.429,,24,reviewed,ci,ci
1992-07-01T03:02:42.300Z,33.862,-116.326,3.541,2.73,mc,0,69.5,,0.189,ci,ci3032509,2016-02-10T00:24:08.055Z,"8km NE of Thousand Palms, California",earthquake,,0.398,,41,reviewed,ci,ci
1992-07-01T02:59:31.900Z,34.543,-116.541,3.282,2.61,mc,0,60.3,,0.163,ci,ci3032508,2016-02-10T04:01:43.547Z,"40km WSW of Ludlow, California",earthquake,,0.99,,18,reviewed,ci,ci
1992-07-01T02:56:55.490Z,34.018,-116.339,3.715,2.64,mc,0,43.7,,0.195,ci,ci3032505,2016-02-10T21:47:22.948Z,"13km S of Joshua Tree, California",earthquake,,0.231,,33,reviewed,ci,ci
1992-07-01T02:48:12.700Z,34.243,-116.435,-1.092,2.87,mc,0,61.2,,0.21,ci,ci3032903,2016-02-10T04:01:41.128Z,"14km N of Yucca Valley, California",earthquake,,0.803,,48,reviewed,ci,ci
1992-07-01T02:48:02.650Z,34.241,-116.434,2.33,2.84,mc,0,80.5,0.08385,0.12,ci,ci3032902,2016-02-10T18:07:32.044Z,"14km N of Yucca Valley, California",earthquake,,0.675,,40,reviewed,ci,ci
1992-07-01T02:47:31.910Z,34.081,-116.708,1.285,2.67,mc,0,37.6,,0.204,ci,ci3032901,2016-02-09T20:41:17.933Z,"12km WNW of Morongo Valley, California",earthquake,,0.258,,47,reviewed,ci,ci
1992-07-01T02:46:27.090Z,34.644,-116.515,5.093,2.9,ml,0,58.2,,0.22,ci,ci3032499,2016-02-10T14:34:18.540Z,"34km WSW of Ludlow, California",earthquake,,,,12,reviewed,ci,ci
1992-07-01T02:42:36.410Z,34.0188333,-116.8808333,17.747,2.53,mc,49,34,,0.32,ci,ci3032497,2016-04-02T02:19:52.988Z,"10km N of Banning, CA",earthquake,0.63,1.08,,52,reviewed,ci,ci
1992-07-01T02:40:10.920Z,34.317,-116.454,7.582,2.8,mc,0,98.3,,0.13,ci,ci3032496,2016-02-10T21:47:21.275Z,"23km N of Yucca Valley, California",earthquake,,1.864,,62,reviewed,ci,ci
1992-07-01T02:31:34.380Z,34.02,-116.351,-0.135,2.77,mc,0,75.9,,0.22,ci,ci3032492,2016-02-10T14:34:17.191Z,"13km SE of Yucca Valley, California",earthquake,,0.614,,43,reviewed,ci,ci
1992-07-01T02:29:45.220Z,34.031,-116.881,19.301,3.26,ml,0,30.1,,0.195,ci,ci3032490,2016-02-10T11:08:33.755Z,"12km N of Banning, California",earthquake,,0.246,,23,reviewed,ci,ci
1992-07-01T02:26:20.950Z,34.613,-116.619,5.029,2.65,mc,0,68.6,,0.208,ci,ci3032489,2016-02-10T00:24:04.613Z,"37km ENE of Lucerne Valley, California",earthquake,,,,43,reviewed,ci,ci
1992-07-01T02:24:01.380Z,34.397,-116.457,0.502,3.45,ml,0,60.8,,0.194,ci,ci3032488,2016-02-10T00:24:03.321Z,"32km N of Yucca Valley, California",earthquake,,0.375,,24,reviewed,ci,ci
1992-07-01T02:16:45.550Z,34.92,-116.883,-1.009,2.76,mc,0,63.9,,0.184,ci,ci3032486,2016-02-10T07:33:06.078Z,"13km E of Barstow, California",earthquake,,0.87,,43,reviewed,ci,ci
1992-07-01T02:14:47.230Z,34.99,-116.949,3.751,2.53,mc,0,62,,0.261,ci,ci3032484,2016-02-10T00:24:01.833Z,"12km NNE of Barstow, California",earthquake,,0.526,,39,reviewed,ci,ci
1992-07-01T02:12:44.810Z,34.085,-116.425,4.709,2.63,mc,0,59.6,,0.167,ci,ci3032483,2016-02-10T11:08:30.299Z,"3km SSE of Yucca Valley, California",earthquake,,21.54,,39,reviewed,ci,ci
1992-07-01T02:10:47.830Z,34.311,-116.444,4.866,2.58,mc,0,47.9,,0.221,ci,ci3088400,2016-02-10T00:24:00.549Z,"22km N of Yucca Valley, California",earthquake,,2.651,,44,reviewed,ci,ci
1992-07-01T01:54:28.910Z,34.6238333,-116.6663333,-1.11,2.9,mc,71,57,,0.34,ci,ci3032473,2016-02-10T21:47:17.043Z,"34km NE of Lucerne Valley, California",earthquake,0.45,1.01,,77,reviewed,ci,ci
1992-07-01T01:43:34.310Z,34.433,-116.4808333,-0.873,3.12,ml,94,70,,0.49,ci,ci3032466,2016-04-01T23:03:13.775Z,"36km N of Yucca Valley, CA",earthquake,0.64,1.18,,19,reviewed,ci,ci
1992-07-01T01:25:03.050Z,34.5925,-116.626,-0.828,2.77,ml,54,49,,0.19,ci,ci3033149,2016-04-02T15:09:23.578Z,"35km ENE of Lucerne Valley, CA",earthquake,0.36,0.73,,15,reviewed,ci,ci
1992-07-01T01:14:38.660Z,35.116,-117.05,4.627,2.95,ml,0,77.4,,0.25,ci,ci3032456,2016-02-09T20:41:05.351Z,"24km N of Barstow, California",earthquake,,5.295,,8,reviewed,ci,ci
1992-07-01T01:09:47.130Z,34.5968333,-116.6223333,3.474,2.8,mh,32,109,,0.19,ci,ci12180911,2016-02-10T18:07:24.264Z,"36km ENE of Lucerne Valley, California",earthquake,0.42,0.73,,0,reviewed,ci,ci
1992-07-01T01:08:56.920Z,34.7731667,-116.0993333,4.481,3.16,ml,20,109,,0.15,ci,ci3032455,2016-04-01T19:48:49.520Z,"8km NE of Ludlow, CA",earthquake,0.46,17.53,,20,reviewed,ci,ci
1992-07-01T01:05:33.560Z,34.4686667,-116.4971667,-1.414,2.66,ml,41,57,,0.3,ci,ci3034747,2016-04-02T08:43:30.399Z,"39km NE of Big Bear City, CA",earthquake,0.58,1.21,,15,reviewed,ci,ci
1992-07-01T00:56:51.100Z,34.607,-116.604,2.184,2.71,mc,0,99.6,,0.233,ci,ci3032451,2016-02-10T04:01:29.164Z,"38km ENE of Lucerne Valley, California",earthquake,,0.391,,50,reviewed,ci,ci
1992-07-01T00:51:11.850Z,34.637,-116.5,3.484,2.86,mc,0,59.3,,0.272,ci,ci3032447,2016-02-10T04:01:27.219Z,"32km WSW of Ludlow, California",earthquake,,0.597,,51,reviewed,ci,ci
1992-07-01T00:39:21.640Z,34.1898333,-116.7938333,-1.797,3.31,ml,46,56,,0.14,ci,ci3032445,2016-04-01T23:03:53.934Z,"9km SSE of Big Bear City, CA",earthquake,0.23,0.63,,24,reviewed,ci,ci
1992-07-01T00:38:09.790Z,34.9705,-116.9466667,2.891,2.68,mc,24,120,,0.26,ci,ci3032443,2016-04-02T12:00:36.851Z,"11km NE of Barstow, CA",earthquake,0.56,1.87,,34,reviewed,ci,ci
1992-07-01T00:32:57.960Z,34.5863333,-116.543,5.484,2.86,mc,19,118,,0.18,ci,ci3034411,2016-02-10T18:07:23.046Z,"38km WSW of Ludlow, California",earthquake,0.69,2.86,,11,reviewed,ci,ci
1992-07-01T00:32:25.600Z,34.2553333,-116.7326667,-1.539,3.16,ml,80,29,,0.29,ci,ci3034394,2016-04-02T11:59:44.540Z,"10km E of Big Bear City, CA",earthquake,0.3,0.97,,13,reviewed,ci,ci
1992-07-01T00:22:09.340Z,34.9433333,-116.7766667,1.224,2.71,mc,16,73,,0.22,ci,ci3032436,2016-04-02T18:17:51.829Z,"23km ENE of Barstow, CA",earthquake,0.58,2.02,,17,reviewed,ci,ci
1992-07-01T00:14:26.820Z,34.0766667,-116.9868333,1.784,3.65,ml,101,22,,0.27,ci,ci3032435,2016-04-01T23:03:52.291Z,"7km NE of Yucaipa, CA",earthquake,0.29,0.65,,25,reviewed,ci,ci
1992-07-01T00:12:05.390Z,34.2021667,-116.8305,-1.877,3.48,ml,79,24,,0.2,ci,ci3032434,2016-04-01T19:49:19.434Z,"7km SSE of Big Bear City, CA",earthquake,0.23,0.64,,21,reviewed,ci,ci
1992-07-01T00:08:49.710Z,33.9536667,-116.3518333,0.954,2.93,ml,49,39,,0.22,ci,ci3032433,2016-04-02T12:00:35.084Z,"14km E of Desert Hot Springs, CA",earthquake,0.32,0.56,,15,reviewed,ci,ci
1992-07-01T00:04:43.490Z,34.4451667,-116.4948333,4.25,3.06,ml,68,58,,0.23,ci,ci3032907,2016-04-02T05:33:40.923Z,"37km N of Yucca Valley, CA",earthquake,0.37,0.7,,27,reviewed,ci,ci
1992-07-01T00:03:17.850Z,34.6253333,-116.5425,3.032,3.13,ml,62,56,,0.26,ci,ci3032432,2016-04-02T12:00:33.645Z,"37km WSW of Ludlow, CA",earthquake,0.43,0.78,,22,reviewed,ci,ci
1992-07-01T00:00:16.200Z,34.2283333,-116.849,-1.887,2.79,mc,47,51,,0.32,ci,ci3032431,2016-04-01T23:03:50.585Z,"4km S of Big Bear City, CA",earthquake,0.37,1.01,,60,reviewed,ci,ci
1992-06-30T23:52:52.850Z,34.0656667,-116.3643333,3.672,3.25,ml,64,27,,0.25,ci,ci3032426,2016-04-01T23:10:37.876Z,"8km SE of Yucca Valley, CA",earthquake,0.31,0.61,,17,reviewed,ci,ci
1992-06-30T23:51:55.230Z,34.624,-116.541,8.082,2.51,mc,0,70.9,,0.167,ci,ci3100561,2016-02-10T14:33:58.724Z,"36km WSW of Ludlow, California",earthquake,,0.883,,16,reviewed,ci,ci
1992-06-30T23:27:51.990Z,34.4788333,-116.5158333,4.4,2.59,mc,23,161,0.1298,0.15,ci,ci3032409,2016-04-02T05:39:54.437Z,"39km NE of Big Bear City, CA",earthquake,0.45,1.54,,32,reviewed,ci,ci
1992-06-30T23:25:25.250Z,34.4576667,-116.514,-1.366,2.65,mc,48,57,,0.31,ci,ci3032408,2016-04-01T23:10:36.330Z,"37km NE of Big Bear City, CA",earthquake,0.59,1.21,,42,reviewed,ci,ci
1992-06-30T23:21:54.480Z,34.9543333,-116.7933333,2.571,3.1,ml,34,76,,0.18,ci,ci3032407,2016-04-01T19:55:20.342Z,"22km ENE of Barstow, CA",earthquake,0.36,0.93,,21,reviewed,ci,ci
1992-06-30T23:07:04.290Z,34.615,-116.667,-1.336,2.91,mc,0,82.5,,0.195,ci,ci3140418,2016-02-10T04:01:20.703Z,"34km NE of Lucerne Valley, California",earthquake,,0.989,,65,reviewed,ci,ci
1992-06-30T23:06:46.640Z,34.132,-116.396,6.557,2.77,mc,0,78.3,0.1655,0.292,ci,ci3140276,2016-02-10T00:23:29.124Z,"4km ENE of Yucca Valley, California",earthquake,,15.044,,26,reviewed,ci,ci
1992-06-30T23:06:34.080Z,33.978,-116.286,2.375,2.77,mc,0,139.9,0.08651,0.142,ci,ci3140281,2016-02-10T04:01:19.411Z,"18km S of Joshua Tree, California",earthquake,,0.477,,41,reviewed,ci,ci
1992-06-30T22:57:12.440Z,34.101,-116.994,0.234,2.5,mh,0,40.3,,0.193,ci,ci3032400,2016-04-01T23:10:28.673Z,"9km NNE of Yucaipa, CA",earthquake,,0.275,,0,reviewed,ci,ci
1992-06-30T22:54:32.970Z,34.1355,-116.848,9.972,3.26,ml,53,30,,0.25,ci,ci3033063,2016-04-02T18:24:33.116Z,"13km SSE of Big Bear Lake, CA",earthquake,0.37,0.92,,20,reviewed,ci,ci
1992-06-30T22:51:11.850Z,35.012,-116.9718333,3.181,2.62,mc,15,60,0.0691,0.16,ci,ci3032396,2016-04-02T18:24:18.365Z,"13km NNE of Barstow, CA",earthquake,0.5,0.69,,50,reviewed,ci,ci
1992-06-30T22:46:00.590Z,33.992,-116.364,0.249,2.5,mc,0,81.8,0.05667,0.182,ci,ci3032393,2016-02-09T20:40:43.774Z,"13km ENE of Desert Hot Springs, California",earthquake,,1.055,,21,reviewed,ci,ci
1992-06-30T22:41:02.700Z,34.0885,-116.9955,-1.506,2.78,mc,55,28,,0.27,ci,ci3032392,2016-04-02T05:39:52.912Z,"8km NE of Yucaipa, CA",earthquake,0.37,0.93,,67,reviewed,ci,ci
1992-06-30T22:31:14.380Z,34.0881667,-116.9881667,1.354,2.64,mc,32,42,,0.21,ci,ci3100500,2016-04-02T05:39:02.316Z,"8km NE of Yucaipa, CA",earthquake,0.4,0.69,,42,reviewed,ci,ci
1992-06-30T22:29:49.000Z,33.9798333,-116.2865,2.255,2.56,mc,30,42,,0.21,ci,ci3032389,2016-04-02T15:15:24.297Z,"17km S of Joshua Tree, CA",earthquake,0.42,0.68,,23,reviewed,ci,ci
1992-06-30T22:25:47.310Z,34.9508333,-116.7818333,0.931,2.5,mh,20,83,,0.18,ci,ci3032635,2016-04-01T23:10:43.328Z,"23km ENE of Barstow, CA",earthquake,0.49,1.27,,0,reviewed,ci,ci
1992-06-30T22:24:31.380Z,34.5918333,-116.6301667,0.745,2.82,ml,56,60,,0.25,ci,ci3032386,2016-04-02T18:24:17.154Z,"35km ENE of Lucerne Valley, CA",earthquake,0.36,0.61,,20,reviewed,ci,ci
1992-06-30T22:20:27.570Z,34.634,-116.508,2.714,2.81,mc,0,82.7,,0.158,ci,ci3087946,2016-02-10T11:08:04.785Z,"33km WSW of Ludlow, California",earthquake,,0.614,,66,reviewed,ci,ci
1992-06-30T22:19:27.090Z,34.638,-116.503,2.264,2.72,mc,0,67.5,,0.188,ci,ci3087940,2016-02-10T21:46:59.660Z,"33km WSW of Ludlow, California",earthquake,,0.702,,68,reviewed,ci,ci
1992-06-30T22:09:49.820Z,34.0945,-116.9881667,0.814,3.19,ml,39,37,,0.16,ci,ci3074995,2016-04-02T18:23:53.509Z,"8km NE of Yucaipa, CA",earthquake,0.31,0.58,,23,reviewed,ci,ci
1992-06-30T22:05:39.240Z,34.457,-116.5,1.68,2.87,mc,63,58,,0.27,ci,ci3032378,2016-04-02T08:50:21.897Z,"38km NE of Big Bear City, CA",earthquake,0.36,0.56,,54,reviewed,ci,ci
1992-06-30T22:03:28.040Z,34.6076667,-116.6551667,7.734,2.72,mc,21,58,,0.16,ci,ci3032375,2016-04-02T08:50:20.482Z,"34km ENE of Lucerne Valley, CA",earthquake,0.45,0.93,,16,reviewed,ci,ci
1992-06-30T21:59:44.550Z,33.9806667,-116.3718333,0.763,2.5,mh,15,51,0.04416,0.26,ci,ci3032372,2016-04-02T15:15:22.414Z,"12km E of Desert Hot Springs, CA",earthquake,0.53,1.14,,0,reviewed,ci,ci
1992-06-30T21:49:00.390Z,34.0778333,-116.9866667,3.064,4.48,ml,142,18,,0.31,ci,ci3032368,2016-04-02T08:50:19.154Z,"7km NE of Yucaipa, CA",earthquake,0.32,0.7,,15,reviewed,ci,ci
1992-06-30T21:44:11.030Z,34.2031667,-116.7968333,1.814,2.77,ml,57,49,,0.23,ci,ci3033066,2016-04-01T23:10:49.505Z,"8km SE of Big Bear City, CA",earthquake,0.27,0.41,,13,reviewed,ci,ci
1992-06-30T21:43:33.050Z,34.9718333,-116.9416667,3.741,2.66,mc,20,91,,0.17,ci,ci3032366,2016-04-02T15:15:21.106Z,"11km NE of Barstow, CA",earthquake,0.54,0.8,,56,reviewed,ci,ci
1992-06-30T21:29:14.620Z,34.4131667,-116.513,1.432,3.58,ml,69,57,,0.21,ci,ci3032365,2016-04-02T02:26:37.584Z,"34km NNW of Yucca Valley, CA",earthquake,0.28,0.52,,19,reviewed,ci,ci
1992-06-30T21:24:59.440Z,34.131,-116.732,9.373,3.71,ml,0,38.6,,0.168,ci,ci3039676,2016-02-10T04:01:10.122Z,"17km NW of Morongo Valley, California",earthquake,,0.616,,21,reviewed,ci,ci
1992-06-30T21:24:42.280Z,34.1263333,-116.7221667,12.469,2.5,mh,9,114,,0.3,ci,ci12180763,2016-02-10T07:32:37.441Z,"16km NW of Morongo Valley, California",earthquake,1.19,3.42,,0,reviewed,ci,ci
1992-06-30T21:23:49.330Z,34.131,-116.7368333,10.809,3,mh,9,118,0.1127,0.11,ci,ci12180759,2016-02-10T11:07:57.578Z,"17km WNW of Morongo Valley, California",earthquake,0.58,3.09,,0,reviewed,ci,ci
1992-06-30T21:22:54.430Z,34.1301667,-116.7238333,11.616,4.85,ml,170,20,,0.36,ci,ci3038550,2016-04-02T05:40:02.040Z,"16km NW of Morongo Valley, CA",earthquake,0.27,0.41,,9,reviewed,ci,ci
1992-06-30T21:22:37.020Z,34.004,-116.354,0.451,2.5,mh,0,109.5,,0.2,ci,ci3032362,2016-04-01T23:10:25.840Z,"14km SSE of Yucca Valley, CA",earthquake,,0.435,,0,reviewed,ci,ci
1992-06-30T21:17:49.030Z,33.9905,-116.365,-0.628,2.5,mh,19,65,,0.26,ci,ci3032992,2016-04-02T15:15:34.076Z,"13km ENE of Desert Hot Springs, CA",earthquake,0.57,1.1,,0,reviewed,ci,ci
1992-06-30T21:16:58.070Z,34.5991667,-116.6283333,2.214,2.7,mc,14,108,,0.15,ci,ci3032361,2016-04-02T18:24:14.604Z,"36km ENE of Lucerne Valley, CA",earthquake,0.54,0.9,,66,reviewed,ci,ci
1992-06-30T21:11:00.260Z,34.1398333,-116.8673333,2.629,2.95,ml,69,38,,0.21,ci,ci3032910,2016-04-01T19:55:26.775Z,"12km SSE of Big Bear Lake, CA",earthquake,0.28,0.77,,11,reviewed,ci,ci
1992-06-30T21:04:34.310Z,34.1981667,-116.4321667,2.995,2.89,mc,20,69,0.01459,0.13,ci,ci3032358,2016-04-02T02:26:34.662Z,"9km N of Yucca Valley, CA",earthquake,0.32,0.34,,54,reviewed,ci,ci
1992-06-30T20:49:59.150Z,34.191,-116.817,-0.177,2.55,mc,0,50.2,,0.143,ci,ci3032352,2016-02-10T07:32:31.083Z,"8km SSE of Big Bear City, California",earthquake,,0.404,,32,reviewed,ci,ci
1992-06-30T20:48:46.540Z,34.3785,-116.4668333,-1.194,2.83,mc,36,70,,0.15,ci,ci3074865,2016-04-02T18:23:52.121Z,"30km N of Yucca Valley, CA",earthquake,0.39,0.8,,59,reviewed,ci,ci
1992-06-30T20:48:20.880Z,34.1165,-116.4011667,0.272,2.5,mh,14,59,0.04502,0.21,ci,ci3074864,2016-04-02T02:25:59.548Z,"3km E of Yucca Valley, CA",earthquake,0.56,1.28,,0,reviewed,ci,ci
1992-06-30T20:47:34.830Z,33.857,-116.33,0.335,2.99,mc,0,48.4,,0.184,ci,ci3032350,2016-02-09T20:40:24.046Z,"7km NE of Thousand Palms, California",earthquake,,0.417,,59,reviewed,ci,ci
1992-06-30T20:43:30.230Z,34.139,-116.715,0.933,2.5,mc,0,136.7,,0.208,ci,ci3032347,2016-02-10T00:23:11.303Z,"16km NW of Morongo Valley, California",earthquake,,0.714,,19,reviewed,ci,ci
1992-06-30T20:43:28.180Z,33.9955,-116.3676667,0.526,2.97,mc,23,53,,0.23,ci,ci3073138,2016-04-02T02:25:51.403Z,"13km ENE of Desert Hot Springs, CA",earthquake,0.47,0.93,,31,reviewed,ci,ci
1992-06-30T20:39:54.810Z,34.4766667,-116.526,4.239,2.81,mc,9,166,0.1855,0.18,ci,ci3032346,2016-04-02T18:24:12.066Z,"38km NE of Big Bear City, CA",earthquake,0.77,2.17,,27,reviewed,ci,ci
1992-06-30T20:39:53.570Z,34.2736667,-116.7265,4.458,2.5,mh,7,162,,0.26,ci,ci12180739,2016-02-09T20:40:22.179Z,"11km E of Big Bear City, California",earthquake,1.43,20.31,,0,reviewed,ci,ci
1992-06-30T20:36:28.060Z,34.6005,-116.5941667,-0.419,3.68,ml,33,183,,0.21,ci,ci3032345,2016-04-02T08:50:14.603Z,"38km ENE of Lucerne Valley, CA",earthquake,0.64,1.36,,17,reviewed,ci,ci
1992-06-30T20:36:20.680Z,34.4968333,-116.5203333,5.304,3.4,mh,39,67,,0.16,ci,ci12180731,2016-02-10T14:33:47.229Z,"40km NE of Big Bear City, California",earthquake,0.39,1.78,,0,reviewed,ci,ci
1992-06-30T20:35:53.040Z,33.899,-116.297,2.704,2.7,mh,0,29.4,,0.208,ci,ci3073115,2016-04-01T19:54:50.322Z,"12km NE of Thousand Palms, CA",earthquake,,0.298,,0,reviewed,ci,ci
1992-06-30T20:35:20.460Z,35.6763333,-117.6073333,2.684,2.52,mc,23,124,,0.18,ci,ci3073117,2016-04-02T02:25:50.051Z,"9km NE of Ridgecrest, CA",earthquake,0.49,0.74,,13,reviewed,ci,ci
1992-06-30T20:18:08.370Z,34.5638333,-116.56,5.857,2.8,mh,31,65,0.09587,0.17,ci,ci12180723,2016-02-09T20:40:18.496Z,"40km ENE of Lucerne Valley, California",earthquake,0.4,1.47,,0,reviewed,ci,ci
1992-06-30T20:17:31.530Z,34.259,-116.737,-0.525,3.34,ml,0,37.1,,0.166,ci,ci3032340,2016-02-10T21:46:39.741Z,"10km E of Big Bear City, California",earthquake,,,,20,reviewed,ci,ci
1992-06-30T20:05:06.620Z,33.9786667,-116.36,-0.564,4.11,ml,84,35,,0.38,ci,ci3032338,2016-04-02T18:24:09.681Z,"13km E of Desert Hot Springs, CA",earthquake,0.51,1.33,,19,reviewed,ci,ci
1992-06-30T20:02:42.590Z,34.6385,-116.6593333,4.814,2.58,mc,22,75,,0.17,ci,ci3032744,2016-02-10T18:07:01.922Z,"36km NE of Lucerne Valley, California",earthquake,0.48,1.37,,18,reviewed,ci,ci
1992-06-30T20:02:00.440Z,34.4661667,-116.489,1.134,2.91,ml,24,70,,0.15,ci,ci3032743,2016-04-02T05:39:58.782Z,"40km N of Yucca Valley, CA",earthquake,0.49,0.91,,13,reviewed,ci,ci
1992-06-30T20:00:25.930Z,34.6423333,-116.6563333,5.86,4.29,ml,55,23.9,,0.27,ci,ci3032337,2016-04-02T08:50:11.783Z,"36km NE of Lucerne Valley, CA",earthquake,0.4,0.85,,19,reviewed,ci,ci
1992-06-30T19:58:24.560Z,34.0183333,-116.3506667,2.886,2.74,mc,35,31,,0.3,ci,ci3032336,2016-04-02T08:50:10.148Z,"13km SE of Yucca Valley, CA",earthquake,0.47,0.88,,39,reviewed,ci,ci
1992-06-30T19:54:19.750Z,34.1361667,-116.4336667,1.115,2.75,mc,53,52,,0.25,ci,ci3032334,2016-04-02T02:26:32.835Z,"2km N of Yucca Valley, CA",earthquake,0.27,0.64,,60,reviewed,ci,ci
1992-06-30T19:42:29.520Z,34.4095,-116.5146667,0.402,3.05,ml,61,60,,0.19,ci,ci3032323,2016-04-02T08:50:07.455Z,"34km NNW of Yucca Valley, CA",earthquake,0.31,0.57,,14,reviewed,ci,ci
1992-06-30T19:40:08.770Z,34.9386667,-116.7778333,0.311,2.73,mc,19,84,,0.18,ci,ci3072192,2016-04-02T18:23:48.128Z,"23km ENE of Barstow, CA",earthquake,0.48,1.23,,57,reviewed,ci,ci
1992-06-30T19:35:26.670Z,34.0291667,-116.351,-0.91,2.66,mc,31,45,,0.31,ci,ci3032319,2016-04-02T05:39:49.594Z,"12km SE of Yucca Valley, CA",earthquake,0.57,1.38,,34,reviewed,ci,ci
1992-06-30T19:34:26.620Z,34.5003333,-116.4426667,4.484,2.57,mc,14,152,,0.46,ci,ci3032318,2016-04-02T15:15:18.454Z,"36km SW of Ludlow, CA",earthquake,1.4,36.62,,31,reviewed,ci,ci
1992-06-30T19:29:13.890Z,34.964,-116.941,3.865,2.61,mc,0,93.6,,0.2,ci,ci3070415,2016-02-10T04:00:52.114Z,"10km NE of Barstow, California",earthquake,,0.475,,47,reviewed,ci,ci
1992-06-30T19:19:17.260Z,34.5078333,-116.5191667,4.81,2.7,mc,27,67,,0.18,ci,ci3087861,2016-02-09T20:40:16.763Z,"40km SW of Ludlow, California",earthquake,0.47,15.41,,73,reviewed,ci,ci
1992-06-30T19:16:59.930Z,34.5851667,-116.5831667,-1.136,2.72,mc,55,63,,0.37,ci,ci3087832,2016-02-10T18:06:52.386Z,"39km ENE of Lucerne Valley, California",earthquake,0.63,2,,67,reviewed,ci,ci
1992-06-30T19:16:33.040Z,34.0725,-116.3733333,2.137,2.64,mc,21,50,,0.21,ci,ci3032312,2016-04-02T15:15:15.907Z,"7km SE of Yucca Valley, CA",earthquake,0.51,0.92,,40,reviewed,ci,ci
1992-06-30T19:02:01.160Z,34.362,-116.462,0.024,2.5,mh,0,68.8,,0.211,ci,ci3087827,2016-04-02T08:48:53.257Z,"28km N of Yucca Valley, CA",earthquake,,1.315,,0,reviewed,ci,ci
1992-06-30T19:01:19.360Z,34.5065,-116.5395,-0.907,3.37,ml,85,55,,0.34,ci,ci3032303,2016-04-01T23:09:59.757Z,"39km NE of Big Bear City, CA",earthquake,0.41,0.93,,21,reviewed,ci,ci
1992-06-30T19:00:34.220Z,34.4678333,-116.4926667,3.632,2.81,ml,59,57,,0.23,ci,ci3087826,2016-04-02T15:14:18.670Z,"40km NE of Big Bear City, CA",earthquake,0.41,0.51,,6,reviewed,ci,ci
1992-06-30T19:00:15.530Z,34.0648333,-116.3708333,2.287,2.67,mc,22,55,,0.29,ci,ci3087825,2016-04-01T19:54:04.005Z,"8km SE of Yucca Valley, CA",earthquake,0.64,1.14,,10,reviewed,ci,ci
1992-06-30T18:56:32.920Z,34.317,-116.457,2.74,2.54,mc,0,176.7,,0.096,ci,ci3084246,2016-02-10T21:46:31.900Z,"23km N of Yucca Valley, California",earthquake,,0.491,,9,reviewed,ci,ci
1992-06-30T18:45:06.810Z,34.6086667,-116.6358333,7.73,2.78,mc,16,59,,0.14,ci,ci3032288,2016-04-02T12:06:01.623Z,"36km ENE of Lucerne Valley, CA",earthquake,0.56,0.82,,23,reviewed,ci,ci
1992-06-30T18:37:47.340Z,34.16,-116.4413333,7.289,3.31,ml,71,42,,0.23,ci,ci3083793,2016-04-02T12:06:09.643Z,"5km N of Yucca Valley, CA",earthquake,0.26,0.59,,22,reviewed,ci,ci
1992-06-30T18:36:56.210Z,34.9561667,-116.9378333,-0.536,2.87,mc,27,62,,0.18,ci,ci3083791,2016-04-01T23:10:18.419Z,"10km NE of Barstow, CA",earthquake,0.52,1.49,,76,reviewed,ci,ci
1992-06-30T18:34:45.210Z,34.309,-116.4568333,2.922,2.64,mc,43,45,,0.25,ci,ci3032284,2016-04-01T19:55:06.918Z,"22km N of Yucca Valley, CA",earthquake,0.32,0.48,,41,reviewed,ci,ci
1992-06-30T18:30:23.530Z,33.992,-116.359,-0.515,2.62,mc,22,62,,0.16,ci,ci3083780,2016-04-02T18:24:05.269Z,"14km ENE of Desert Hot Springs, CA",earthquake,0.43,0.98,,44,reviewed,ci,ci
1992-06-30T18:24:51.270Z,34.222,-116.741,-1.107,3.01,ml,0,64.2,,0.146,ci,ci3083770,2016-02-10T07:32:21.044Z,"10km ESE of Big Bear City, California",earthquake,,0.686,,22,reviewed,ci,ci
1992-06-30T18:24:03.470Z,34.5786667,-116.5633333,-0.135,3.39,ml,77,53,,0.23,ci,ci3032281,2016-04-02T18:23:56.220Z,"40km ENE of Lucerne Valley, CA",earthquake,0.38,0.66,,21,reviewed,ci,ci
1992-06-30T18:23:03.710Z,34.016,-116.357,-0.081,2.71,mc,0,75.7,,0.256,ci,ci3032279,2016-02-10T04:00:44.195Z,"13km SSE of Yucca Valley, California",earthquake,,0.765,,36,reviewed,ci,ci
1992-06-30T18:21:53.130Z,34.1366667,-116.8573333,-0.291,2.61,mc,55,32,,0.2,ci,ci3032278,2016-04-02T02:26:12.845Z,"13km SSE of Big Bear Lake, CA",earthquake,0.3,0.72,,43,reviewed,ci,ci
1992-06-30T18:18:30.980Z,34.083,-116.372,0.707,2.63,mc,0,56.2,,0.25,ci,ci3032277,2016-02-09T20:40:09.451Z,"6km ESE of Yucca Valley, California",earthquake,,0.792,,20,reviewed,ci,ci
1992-06-30T18:12:39.760Z,34.6138333,-116.6311667,0.182,2.97,mc,46,60,,0.18,ci,ci3032275,2016-04-01T19:55:05.377Z,"36km ENE of Lucerne Valley, CA",earthquake,0.36,0.54,,87,reviewed,ci,ci
1992-06-30T18:05:14.030Z,34.0076667,-116.3618333,-0.491,2.87,mc,59,42,,0.28,ci,ci3032268,2016-04-01T19:55:02.297Z,"14km SSE of Yucca Valley, CA",earthquake,0.41,1.18,,49,reviewed,ci,ci
1992-06-30T18:03:52.400Z,34.3215,-116.4763333,5.992,2.89,mc,30,49,,0.23,ci,ci3083681,2016-04-02T15:15:13.061Z,"23km N of Yucca Valley, CA",earthquake,0.4,1.03,,51,reviewed,ci,ci
1992-06-30T18:03:29.420Z,34.239,-116.397,-0.9,2.75,mc,0,82.1,,0.15,ci,ci3032267,2016-02-10T04:00:30.017Z,"14km NNW of Joshua Tree, California",earthquake,,0.661,,70,reviewed,ci,ci
1992-06-30T18:01:06.990Z,34.6085,-116.6676667,-1.12,2.94,mc,81,47,,0.31,ci,ci3032266,2016-04-02T05:39:28.699Z,"33km ENE of Lucerne Valley, CA",earthquake,0.39,0.84,,87,reviewed,ci,ci
1992-06-30T17:55:19.810Z,34.028,-116.343,-0.035,2.55,mc,0,74.3,,0.195,ci,ci3032265,2016-02-10T21:46:22.486Z,"12km SSW of Joshua Tree, California",earthquake,,0.852,,13,reviewed,ci,ci
1992-06-30T17:48:46.400Z,34.3315,-116.4686667,0.582,3.74,ml,51,55,,0.2,ci,ci3032258,2016-04-01T19:54:59.326Z,"24km N of Yucca Valley, CA",earthquake,0.27,0.51,,23,reviewed,ci,ci
1992-06-30T17:41:35.580Z,34.0285,-116.3483333,0.305,2.65,mc,21,54,,0.18,ci,ci3032255,2016-04-02T02:26:08.202Z,"12km SSW of Joshua Tree, CA",earthquake,0.45,1.02,,18,reviewed,ci,ci
1992-06-30T17:35:44.780Z,35.027,-116.968,-1.039,2.5,mh,0,61,,0.234,ci,ci3087806,2016-02-10T04:00:18.536Z,"15km NNE of Barstow, California",earthquake,,1.016,,0,reviewed,ci,ci
1992-06-30T17:35:03.470Z,34.173,-116.429,1.447,2.51,mc,0,48.6,,0.176,ci,ci3100463,2016-02-10T21:46:18.388Z,"6km N of Yucca Valley, California",earthquake,,0.505,,7,reviewed,ci,ci
1992-06-30T17:34:39.780Z,33.997,-116.363,-0.981,2.68,mc,0,80.5,,0.195,ci,ci3032251,2016-02-10T11:07:34.588Z,"13km ENE of Desert Hot Springs, California",earthquake,,1.209,,21,reviewed,ci,ci
1992-06-30T17:33:40.850Z,35.1601667,-116.8516667,2.575,2.56,mc,7,116,,0.16,ci,ci3032249,2016-04-02T02:26:06.864Z,"19km SW of Fort Irwin, CA",earthquake,0.69,0.88,,10,reviewed,ci,ci
1992-06-30T17:32:24.320Z,34.192,-116.798,0.373,2.81,mc,0,56.6,,0.151,ci,ci3083659,2016-02-10T21:46:17.194Z,"9km SSE of Big Bear City, California",earthquake,,0.5,,33,reviewed,ci,ci
1992-06-30T17:31:15.530Z,34.9786667,-116.9456667,-1.039,3.33,ml,86,62,,0.27,ci,ci3032247,2016-04-02T15:15:01.777Z,"11km NE of Barstow, CA",earthquake,0.4,1.14,,22,reviewed,ci,ci
1992-06-30T17:26:30.070Z,34.6438333,-116.6555,3.18,4.47,ml,91,47,,0.29,ci,ci3032246,2016-04-02T12:05:58.994Z,"36km NE of Lucerne Valley, CA",earthquake,0.39,0.61,,19,reviewed,ci,ci
1992-06-30T17:25:48.000Z,34.0098333,-116.3711667,-1.001,2.58,mc,12,108,0.07298,0.16,ci,ci3083804,2016-04-02T02:26:25.679Z,"13km SSE of Yucca Valley, CA",earthquake,0.51,1.51,,21,reviewed,ci,ci
1992-06-30T17:25:04.650Z,34.079,-116.367,1.097,2.7,mc,0,59.4,,0.171,ci,ci3083655,2016-02-10T11:07:33.414Z,"7km ESE of Yucca Valley, California",earthquake,,0.699,,16,reviewed,ci,ci
1992-06-30T17:24:30.900Z,34.3196667,-116.4631667,1.962,2.5,mh,42,64,,0.18,ci,ci3032245,2016-04-01T19:54:55.680Z,"23km N of Yucca Valley, CA",earthquake,0.24,0.42,,0,reviewed,ci,ci
1992-06-30T17:19:13.120Z,34.126,-116.413,1.737,2.7,mc,0,65.1,,0.157,ci,ci3032244,2016-02-10T04:00:11.674Z,"2km NE of Yucca Valley, California",earthquake,,0.528,,20,reviewed,ci,ci
1992-06-30T17:14:21.510Z,34.0683333,-116.3571667,5.362,4.2,ml,123,25,,0.4,ci,ci3032243,2016-04-02T05:39:26.761Z,"8km SSW of Joshua Tree, CA",earthquake,0.41,0.89,,17,reviewed,ci,ci
1992-06-30T17:08:41.310Z,34.011,-116.371,1.699,2.53,mc,0,63.7,,0.194,ci,ci3032241,2016-02-10T07:32:09.204Z,"13km SSE of Yucca Valley, California",earthquake,,0.412,,18,reviewed,ci,ci
1992-06-30T17:03:16.740Z,34.355,-116.4518333,-0.526,2.57,mc,13,186,,0.2,ci,ci3087665,2016-04-01T19:54:00.851Z,"27km N of Yucca Valley, CA",earthquake,1.01,1.15,,12,reviewed,ci,ci
1992-06-30T17:02:41.120Z,34.5001667,-116.5228333,0.599,2.96,mc,25,109,,0.19,ci,ci3032238,2016-02-10T11:07:32.354Z,"40km NE of Big Bear City, California",earthquake,0.44,0.82,,75,reviewed,ci,ci
1992-06-30T17:00:25.420Z,34.62,-116.662,2.928,2.7,mc,0,73.1,,0.231,ci,ci3100440,2016-02-10T21:46:14.659Z,"34km NE of Lucerne Valley, California",earthquake,,0.417,,43,reviewed,ci,ci
1992-06-30T16:55:10.320Z,34.0955,-116.4218333,-0.989,2.98,mc,74,28,,0.25,ci,ci3032235,2016-04-02T02:26:02.933Z,"2km SSE of Yucca Valley, CA",earthquake,0.25,0.83,,58,reviewed,ci,ci
1992-06-30T16:52:54.390Z,34.199,-116.75,2.379,2.67,mc,0,106.2,,0.215,ci,ci3032234,2016-02-10T07:32:07.981Z,"11km SE of Big Bear City, California",earthquake,,0.58,,15,reviewed,ci,ci
1992-06-30T16:45:28.490Z,34.1166667,-116.3951667,7.161,3.82,ml,53,33,,0.22,ci,ci3032233,2016-04-02T12:05:55.589Z,"3km E of Yucca Valley, CA",earthquake,0.28,0.82,,35,reviewed,ci,ci
1992-06-30T16:38:55.010Z,34.579,-116.584,1.371,2.5,mh,0,72.1,,0.149,ci,ci3083651,2016-04-01T23:10:14.266Z,"38km ENE of Lucerne Valley, CA",earthquake,,0.872,,0,reviewed,ci,ci
1992-06-30T16:38:52.800Z,34.0048333,-116.3525,2.235,2.5,mh,31,47,,0.24,ci,ci3032229,2016-04-02T05:39:25.024Z,"14km SSE of Yucca Valley, CA",earthquake,0.49,1.07,,0,reviewed,ci,ci
1992-06-30T16:36:55.390Z,34.2366667,-116.4485,3.059,3.02,ml,38,59,,0.14,ci,ci3083542,2016-04-01T19:55:11.266Z,"14km N of Yucca Valley, CA",earthquake,0.22,0.38,,24,reviewed,ci,ci
1992-06-30T16:36:10.490Z,34.009,-116.368,1.739,3,mc,0,46.2,,0.167,ci,ci3032226,2016-02-10T18:06:35.738Z,"13km SSE of Yucca Valley, California",earthquake,,0.37,,70,reviewed,ci,ci
1992-06-30T16:34:56.820Z,34.335,-116.467,-1.123,2.6,mh,0,187.3,,0.227,ci,ci3087660,2016-04-02T15:14:17.088Z,"25km N of Yucca Valley, CA",earthquake,,1.232,,0,reviewed,ci,ci
1992-06-30T16:34:27.150Z,34.3295,-116.4703333,-0.568,2.97,mc,34,37,,0.21,ci,ci3032225,2016-04-02T15:15:00.089Z,"24km N of Yucca Valley, CA",earthquake,0.29,0.71,,60,reviewed,ci,ci
1992-06-30T16:32:42.990Z,34.497,-116.522,-0.526,2.99,mc,0,67,,0.141,ci,ci3083515,2016-02-10T07:32:04.011Z,"40km NE of Big Bear City, California",earthquake,,0.595,,75,reviewed,ci,ci
1992-06-30T16:31:54.900Z,34.075,-116.391,1.587,2.67,mc,0,50.4,,0.197,ci,ci3032223,2016-02-10T00:22:43.677Z,"6km SE of Yucca Valley, California",earthquake,,0.474,,59,reviewed,ci,ci
1992-06-30T16:30:27.730Z,34.609,-116.6555,3.274,2.55,mc,20,61,,0.24,ci,ci3032222,2016-04-02T05:39:23.596Z,"34km ENE of Lucerne Valley, CA",earthquake,0.53,0.93,,18,reviewed,ci,ci
1992-06-30T16:26:25.140Z,34.615,-116.6233333,0.136,2.81,mc,51,118,,0.32,ci,ci3032221,2016-04-01T23:09:55.217Z,"37km ENE of Lucerne Valley, CA",earthquake,0.63,1.46,,70,reviewed,ci,ci
1992-06-30T16:23:47.330Z,34.0298333,-116.3596667,-0.971,2.84,mc,55,47,,0.24,ci,ci3083452,2016-04-01T23:10:10.672Z,"12km SE of Yucca Valley, CA",earthquake,0.41,0.99,,60,reviewed,ci,ci
1992-06-30T16:23:17.590Z,34.635,-116.6588333,3.054,2.67,mc,38,58,,0.24,ci,ci3032220,2016-04-02T02:26:01.455Z,"35km NE of Lucerne Valley, CA",earthquake,0.46,0.68,,60,reviewed,ci,ci
1992-06-30T16:20:21.560Z,34.0686667,-116.3806667,0.212,2.66,mc,35,52,,0.23,ci,ci3083448,2016-04-02T12:06:08.078Z,"7km SE of Yucca Valley, CA",earthquake,0.32,0.98,,31,reviewed,ci,ci
1992-06-30T16:11:36.460Z,34.3481667,-116.3975,5.972,2.95,mc,27,75,,0.32,ci,ci3032215,2016-04-02T18:23:54.813Z,"25km NNW of Joshua Tree, CA",earthquake,0.64,0.8,,14,reviewed,ci,ci
1992-06-30T16:08:13.690Z,34.1531667,-116.422,7.763,3.52,mc,66,38,,0.28,ci,ci3032709,2016-04-02T18:24:27.660Z,"4km NNE of Yucca Valley, CA",earthquake,0.31,0.78,,92,reviewed,ci,ci
1992-06-30T16:06:52.500Z,34.1556667,-116.8366667,9.333,3.58,ml,71,26,,0.19,ci,ci3032710,2016-04-02T15:15:32.815Z,"12km S of Big Bear City, CA",earthquake,0.24,0.6,,20,reviewed,ci,ci
1992-06-30T16:03:31.560Z,34.0786667,-116.4043333,0.247,2.66,mc,23,56,,0.32,ci,ci3074820,2016-04-02T02:25:58.258Z,"5km SSE of Yucca Valley, CA",earthquake,0.64,1.25,,37,reviewed,ci,ci
1992-06-30T15:55:50.760Z,34.451,-116.4925,4.23,3.28,mc,38,79,,0.15,ci,ci3083432,2016-04-02T05:39:40.341Z,"38km N of Yucca Valley, CA",earthquake,0.24,0.57,,79,reviewed,ci,ci
1992-06-30T15:55:50.330Z,34.0025,-116.3621667,3.419,3.28,mc,46,81,,0.37,ci,ci3032208,2016-04-02T05:41:07.115Z,"14km ENE of Desert Hot Springs, CA",earthquake,0.6,1.24,,69,reviewed,ci,ci
1992-06-30T15:49:10.560Z,33.9996667,-116.3536667,-0.325,2.61,mc,35,48,,0.23,ci,ci3032198,2016-04-02T12:07:00.972Z,"14km ENE of Desert Hot Springs, CA",earthquake,0.35,1.21,,35,reviewed,ci,ci
1992-06-30T15:48:28.190Z,34.0928333,-116.9801667,0.344,2.62,mc,37,42,,0.2,ci,ci3100580,2016-04-02T18:23:35.579Z,"9km NE of Yucaipa, CA",earthquake,0.35,0.66,,37,reviewed,ci,ci
1992-06-30T15:46:19.330Z,34.0201667,-116.3558333,0.189,2.55,mc,20,44,,0.21,ci,ci3087570,2016-04-02T05:38:22.515Z,"13km SE of Yucca Valley, CA",earthquake,0.56,1.1,,24,reviewed,ci,ci
1992-06-30T15:42:16.460Z,34.0148333,-116.3478333,-0.355,2.63,mc,12,84,,0.17,ci,ci3032195,2016-04-02T18:25:15.921Z,"14km SE of Yucca Valley, CA",earthquake,0.52,1.59,,28,reviewed,ci,ci
1992-06-30T15:39:48.350Z,34.171,-116.822,9.853,2.73,mc,0,73.5,,0.122,ci,ci3083303,2016-02-10T21:46:02.998Z,"10km SSE of Big Bear City, California",earthquake,,0.661,,55,reviewed,ci,ci
1992-06-30T15:38:33.710Z,34.0985,-116.3813333,-0.744,3.21,ml,77,32,,0.3,ci,ci3032194,2016-04-02T08:51:25.847Z,"5km ESE of Yucca Valley, CA",earthquake,0.35,0.89,,18,reviewed,ci,ci
1992-06-30T15:36:04.460Z,34.958,-116.935,-1.039,2.51,mc,0,104.4,0.08638,0.174,ci,ci3032193,2016-02-10T04:00:00.675Z,"10km NE of Barstow, California",earthquake,,2.343,,16,reviewed,ci,ci
1992-06-30T15:34:47.260Z,34.0315,-116.3623333,-0.231,2.64,mc,20,47,,0.22,ci,ci3032192,2016-04-02T05:41:05.669Z,"11km SE of Yucca Valley, CA",earthquake,0.54,1.23,,17,reviewed,ci,ci
1992-06-30T15:33:24.010Z,34,-116.3578333,0.645,2.62,mc,19,89,,0.17,ci,ci3032191,2016-04-01T23:11:32.623Z,"14km ENE of Desert Hot Springs, CA",earthquake,0.59,1,,19,reviewed,ci,ci
1992-06-30T15:29:28.230Z,34.268,-116.7341667,0.818,2.79,mc,36,32,,0.23,ci,ci3032190,2016-04-02T12:06:59.648Z,"10km E of Big Bear City, CA",earthquake,0.33,0.59,,26,reviewed,ci,ci
1992-06-30T15:21:48.540Z,34.169,-116.402,-0.583,2.87,mc,30,78,,0.2,ci,ci3032590,2016-04-01T19:55:23.663Z,"7km NNE of Yucca Valley, CA",earthquake,0.41,1.17,,19,reviewed,ci,ci
1992-06-30T15:20:08.270Z,34.2678333,-116.7396667,-1.937,4.18,mh,56,37,0.1081,0.18,ci,ci12180487,2016-02-10T21:46:00.568Z,"10km E of Big Bear City, California",earthquake,0.31,0.75,,0,reviewed,ci,ci
1992-06-30T15:19:05.170Z,34.1705,-116.4028333,1.343,4.21,ml,92,78,,0.41,ci,ci3032189,2016-04-02T18:25:13.573Z,"7km NNE of Yucca Valley, CA",earthquake,0.36,0.75,,17,reviewed,ci,ci
1992-06-30T15:17:29.070Z,34.014,-116.348,-0.085,3.1,ml,0,46.1,,0.238,ci,ci3032561,2016-02-10T14:33:17.018Z,"14km SE of Yucca Valley, California",earthquake,,0.487,,20,reviewed,ci,ci
1992-06-30T15:16:47.770Z,34.5935,-116.6115,3.854,2.77,ml,27,119,,0.3,ci,ci3032575,2016-04-02T18:24:24.784Z,"37km ENE of Lucerne Valley, CA",earthquake,0.76,0.91,,8,reviewed,ci,ci
1992-06-30T15:13:14.620Z,34.099,-116.388,0.467,2.77,mc,0,34.4,,0.193,ci,ci3032188,2016-02-09T20:39:31.562Z,"4km ESE of Yucca Valley, California",earthquake,,0.637,,20,reviewed,ci,ci
1992-06-30T15:09:29.890Z,33.987,-116.362,0.795,3.15,ml,0,39.1,,0.218,ci,ci3032186,2016-02-10T21:45:55.360Z,"13km ENE of Desert Hot Springs, California",earthquake,,0.31,,21,reviewed,ci,ci
1992-06-30T15:06:01.050Z,34.4693333,-116.5291667,3.814,2.75,mc,30,67,,0.29,ci,ci3032181,2016-04-02T05:41:03.883Z,"37km NE of Big Bear City, CA",earthquake,0.71,1.17,,28,reviewed,ci,ci
1992-06-30T14:59:54.130Z,34.013,-116.354,2.565,2.53,mc,0,50.2,,0.194,ci,ci3087944,2016-02-10T18:06:20.872Z,"13km SSE of Yucca Valley, California",earthquake,,0.673,,10,reviewed,ci,ci
1992-06-30T14:59:24.690Z,34.99,-116.936,4.455,2.7,mh,0,89.3,,0.165,ci,ci3032177,2016-04-02T12:06:58.193Z,"13km NE of Barstow, CA",earthquake,,0.347,,0,reviewed,ci,ci
1992-06-30T14:59:17.660Z,34.016,-116.375,0.175,2.93,mc,0,104.7,,0.291,ci,ci3087537,2016-02-11T17:28:21.284Z,"12km SSE of Yucca Valley, California",earthquake,,0.559,,39,reviewed,ci,ci
1992-06-30T14:58:01.090Z,34.0338333,-116.36,0.319,2.78,ml,46,48,,0.24,ci,ci3032173,2016-04-02T08:51:24.549Z,"11km SE of Yucca Valley, CA",earthquake,0.39,0.88,,12,reviewed,ci,ci
1992-06-30T14:57:09.830Z,34.179,-116.823,0.313,2.6,mc,0,81.4,,0.165,ci,ci3083290,2016-02-10T07:31:48.830Z,"9km SSE of Big Bear City, California",earthquake,,0.66,,18,reviewed,ci,ci
1992-06-30T14:56:24.990Z,34.086,-116.386,-1.063,2.93,mc,0,34.8,,0.184,ci,ci3032172,2016-02-09T20:39:28.255Z,"5km SE of Yucca Valley, California",earthquake,,0.752,,81,reviewed,ci,ci
1992-06-30T14:55:35.020Z,34.59,-116.612,5.02,2.5,mh,0,69.9,,0.133,ci,ci3032171,2016-04-02T15:16:18.417Z,"36km ENE of Lucerne Valley, CA",earthquake,,,,0,reviewed,ci,ci
1992-06-30T14:50:40.010Z,34.099,-116.4191667,3.161,3.15,ml,34,29,,0.19,ci,ci3032170,2016-04-02T18:25:11.965Z,"2km SE of Yucca Valley, CA",earthquake,0.32,0.63,,16,reviewed,ci,ci
1992-06-30T14:49:31.880Z,34.029,-116.36,0.035,2.74,mc,0,96.7,,0.223,ci,ci3032169,2016-02-10T14:33:13.950Z,"12km SE of Yucca Valley, California",earthquake,,0.768,,39,reviewed,ci,ci
1992-06-30T14:47:31.720Z,34.019,-116.349,-0.125,3.36,ml,0,37.5,,0.222,ci,ci3032168,2016-02-10T21:45:52.588Z,"13km SE of Yucca Valley, California",earthquake,,0.502,,20,reviewed,ci,ci
1992-06-30T14:43:16.990Z,34.08,-116.405,1.497,2.72,mc,0,57.6,,0.182,ci,ci3032167,2016-02-10T00:22:31.179Z,"5km SSE of Yucca Valley, California",earthquake,,0.472,,10,reviewed,ci,ci
1992-06-30T14:38:59.810Z,34.0176667,-116.3595,-0.041,3.5,mh,10,71,0.0824,0.14,ci,ci12180459,2016-02-10T14:33:12.591Z,"13km SSE of Yucca Valley, California",earthquake,0.52,1.34,,0,reviewed,ci,ci
1992-06-30T14:38:11.720Z,33.9971667,-116.3565,1.021,4.99,ml,93,33,,0.32,ci,ci3032166,2022-04-28T18:46:04.073Z,"14km ENE of Desert Hot Springs, CA",earthquake,0.35,0.76,,11,reviewed,ci,ci
1992-06-30T14:33:19.130Z,35.694,-117.606,3.974,3.14,ml,0,117.1,,0.165,ci,ci3032164,2016-02-10T07:31:46.357Z,"10km NE of Ridgecrest, California",earthquake,,0.222,,12,reviewed,ci,ci
1992-06-30T14:27:24.460Z,34.1573333,-116.4193333,6.173,3.05,ml,54,41,,0.21,ci,ci3032163,2016-04-02T12:06:56.831Z,"5km NNE of Yucca Valley, CA",earthquake,0.27,0.78,,23,reviewed,ci,ci
1992-06-30T14:26:00.980Z,34.031,-116.363,-0.111,2.72,mc,0,47,,0.191,ci,ci3032162,2016-02-10T07:31:44.319Z,"11km SE of Yucca Valley, California",earthquake,,0.439,,61,reviewed,ci,ci
1992-06-30T14:23:24.330Z,34.6283333,-116.6788333,-0.796,2.8,mc,49,63,,0.25,ci,ci3032161,2016-04-02T05:41:02.491Z,"34km NE of Lucerne Valley, CA",earthquake,0.39,1.19,,62,reviewed,ci,ci
1992-06-30T14:21:02.420Z,34.3958333,-116.4603333,2.236,2.76,mc,33,71,,0.18,ci,ci3032159,2016-04-02T15:16:17.098Z,"31km N of Yucca Valley, CA",earthquake,0.57,0.82,,50,reviewed,ci,ci
1992-06-30T14:19:38.190Z,34.945,-116.785,2.311,2.8,mc,0,82.5,,0.15,ci,ci3032158,2016-02-10T03:59:49.793Z,"22km ENE of Barstow, California",earthquake,,0.884,,68,reviewed,ci,ci
1992-06-30T14:08:08.990Z,34.188,-116.8025,-1.691,2.81,mc,55,112,,0.19,ci,ci3032154,2016-04-02T05:41:00.963Z,"9km SSE of Big Bear City, CA",earthquake,0.42,0.77,,54,reviewed,ci,ci
1992-06-30T14:00:29.750Z,34.1211667,-116.4335,-0.279,2.72,mc,14,156,,0.18,ci,ci3083151,2016-04-02T05:39:38.778Z,"1km N of Yucca Valley, CA",earthquake,1.07,1.42,,6,reviewed,ci,ci
1992-06-30T13:58:50.410Z,34.586,-116.548,5.877,2.56,mc,0,135.4,,0.183,ci,ci3087524,2016-02-10T18:06:09.963Z,"38km WSW of Ludlow, California",earthquake,,2.72,,11,reviewed,ci,ci
1992-06-30T13:57:15.620Z,34.98,-116.939,-0.719,3.41,ml,0,62.7,,0.192,ci,ci3032152,2016-02-10T14:33:08.705Z,"12km NE of Barstow, California",earthquake,,0.619,,20,reviewed,ci,ci
1992-06-30T13:55:23.020Z,34.1295,-116.3933333,3.935,2.96,mc,18,136,,0.21,ci,ci3032460,2016-04-01T19:55:21.539Z,"4km ENE of Yucca Valley, CA",earthquake,0.59,1.9,,48,reviewed,ci,ci
1992-06-30T13:54:39.120Z,34.026,-116.357,1.57,2.9,mc,0,190.1,,0.165,ci,ci3032452,2016-02-10T03:59:47.238Z,"12km SE of Yucca Valley, California",earthquake,,0.601,,53,reviewed,ci,ci
1992-06-30T13:54:24.830Z,33.879,-116.31,4.175,2.5,mh,0,104.6,,0.146,ci,ci3032427,2016-04-01T23:10:39.272Z,"10km NE of Thousand Palms, CA",earthquake,,0.371,,0,reviewed,ci,ci
1992-06-30T13:52:59.200Z,34.0201667,-116.3683333,0.66,3.34,ml,35,149,,0.17,ci,ci3032151,2016-04-02T12:06:55.300Z,"12km SSE of Yucca Valley, CA",earthquake,0.61,1.12,,21,reviewed,ci,ci
1992-06-30T13:51:04.160Z,34.638,-116.514,7.754,2.71,ml,0,140.1,,0.135,ci,ci3087491,2016-02-10T21:45:51.067Z,"34km WSW of Ludlow, California",earthquake,,1.571,,12,reviewed,ci,ci
1992-06-30T13:50:46.900Z,34.1138333,-116.4276667,1.498,2.5,mh,34,57,,0.15,ci,ci3032150,2016-04-01T23:11:31.292Z,"0km E of Yucca Valley, CA",earthquake,0.33,0.75,,0,reviewed,ci,ci
1992-06-30T13:47:34.440Z,34.605,-116.64,3.711,2.76,mc,0,133.1,,0.161,ci,ci3032149,2016-02-09T20:39:23.128Z,"35km ENE of Lucerne Valley, California",earthquake,,0.45,,56,reviewed,ci,ci
1992-06-30T13:41:37.870Z,34.272,-116.695,6.924,2.52,mc,0,108.2,,0.126,ci,ci3032147,2016-02-10T03:59:45.243Z,"14km E of Big Bear City, California",earthquake,,1.849,,31,reviewed,ci,ci
1992-06-30T13:39:04.830Z,34.4206667,-116.4783333,-1.565,2.67,mc,19,138,,0.19,ci,ci3032145,2016-02-10T07:31:36.637Z,"34km N of Yucca Valley, California",earthquake,0.93,1.31,,17,reviewed,ci,ci
1992-06-30T13:35:27.020Z,34.1041667,-116.4191667,5.569,3.12,ml,45,51,,0.17,ci,ci3087477,2016-04-02T18:23:05.867Z,"2km SE of Yucca Valley, CA",earthquake,0.28,1.72,,19,reviewed,ci,ci
1992-06-30T13:35:00.400Z,35.685,-117.609,5.154,2.88,mc,0,114.1,,0.181,ci,ci3032144,2016-02-10T07:31:35.332Z,"9km NE of Ridgecrest, California",earthquake,,8.925,,77,reviewed,ci,ci
1992-06-30T13:28:17.190Z,34.228,-116.858,7.564,2.74,mc,0,114,,0.136,ci,ci3032141,2016-02-10T03:59:41.428Z,"4km SSW of Big Bear City, California",earthquake,,1.614,,64,reviewed,ci,ci
1992-06-30T13:26:07.060Z,34.066,-116.4203333,1.511,2.64,mc,20,208,,0.24,ci,ci3087447,2016-02-09T20:39:21.805Z,"6km SSE of Yucca Valley, California",earthquake,0.91,0.82,,25,reviewed,ci,ci
1992-06-30T13:13:18.880Z,34.47,-116.5263333,0.434,2.5,mh,33,57,,0.19,ci,ci3083148,2016-04-02T08:51:19.261Z,"37km NE of Big Bear City, CA",earthquake,0.5,1.46,,0,reviewed,ci,ci
1992-06-30T13:12:43.310Z,34.0303333,-116.362,-0.52,2.92,mc,44,64,,0.19,ci,ci3032129,2016-04-02T08:51:20.449Z,"11km SE of Yucca Valley, CA",earthquake,0.46,1.1,,77,reviewed,ci,ci
1992-06-30T13:10:48.950Z,34.0211667,-116.3625,-0.785,3.14,ml,60,38,,0.26,ci,ci3083144,2016-04-02T12:06:52.588Z,"12km SSE of Yucca Valley, CA",earthquake,0.43,1.07,,22,reviewed,ci,ci
1992-06-30T13:10:03.630Z,34.4103333,-116.4805,0.275,2.88,ml,37,125,,0.19,ci,ci3032128,2016-04-02T02:27:43.400Z,"33km N of Yucca Valley, CA",earthquake,0.38,0.66,,23,reviewed,ci,ci
1992-06-30T13:08:22.040Z,35.6853333,-117.6036667,4.208,3.21,mc,21,150,,0.17,ci,ci3032416,2016-04-02T02:26:51.378Z,"10km NE of Ridgecrest, CA",earthquake,0.7,0.92,,28,reviewed,ci,ci
1992-06-30T13:08:10.930Z,35.688,-117.608,5.044,2.8,mh,0,116.1,,0.163,ci,ci3032415,2016-04-02T02:26:50.062Z,"10km NE of Ridgecrest, CA",earthquake,,16.538,,0,reviewed,ci,ci
1992-06-30T13:05:36.490Z,35.679,-117.6238333,2.764,4.59,ml,91,111,,0.29,ci,ci3032127,2016-04-01T19:56:09.627Z,"8km NE of Ridgecrest, CA",earthquake,0.48,0.73,,21,reviewed,ci,ci
1992-06-30T13:00:02.940Z,34.9548333,-116.9241667,-0.795,2.52,mc,21,106,,0.19,ci,ci3032124,2016-04-02T05:40:34.248Z,"11km NE of Barstow, CA",earthquake,0.5,0.96,,50,reviewed,ci,ci
1992-06-30T12:55:02.780Z,35.046,-116.798,-0.795,2.51,mc,0,104.1,,0.2,ci,ci3032122,2016-02-10T18:06:01.943Z,"26km SSW of Fort Irwin, California",earthquake,,1.835,,40,reviewed,ci,ci
1992-06-30T12:52:33.000Z,34.0961667,-116.4313333,0.951,3.01,ml,67,60,,0.28,ci,ci3032121,2016-04-02T15:15:58.727Z,"2km S of Yucca Valley, CA",earthquake,0.31,0.86,,21,reviewed,ci,ci
1992-06-30T12:47:32.780Z,34.6295,-116.6115,3.994,2.54,mc,13,115,,0.15,ci,ci3099669,2016-04-02T08:49:30.143Z,"39km ENE of Lucerne Valley, CA",earthquake,0.72,0.41,,16,reviewed,ci,ci
1992-06-30T12:46:14.240Z,34.1568333,-116.4478333,2.303,2.5,mh,23,120,,0.16,ci,ci3099667,2016-04-02T04:01:57.441Z,"5km NNW of Yucca Valley, CA",earthquake,0.59,1.26,,0,reviewed,ci,ci
1992-06-30T12:45:33.720Z,34.1771667,-116.4271667,5.519,2.66,mc,29,95,,0.19,ci,ci3032118,2016-02-10T11:07:05.844Z,"7km N of Yucca Valley, California",earthquake,0.37,0.7,,18,reviewed,ci,ci
1992-06-30T12:40:55.470Z,34.4141667,-116.5326667,0.592,2.71,mc,10,125,,0.18,ci,ci3032117,2016-04-02T12:06:36.615Z,"33km ENE of Big Bear City, CA",earthquake,0.8,1.9,,12,reviewed,ci,ci
1992-06-30T12:34:54.530Z,34.3228333,-116.4418333,6.582,4.32,ml,87,57,,0.3,ci,ci3032116,2016-04-02T02:27:25.438Z,"23km N of Yucca Valley, CA",earthquake,0.37,0.61,,19,reviewed,ci,ci
1992-06-30T12:26:19.240Z,34.0178333,-116.3525,-0.918,3.79,ml,107,31,,0.4,ci,ci3032113,2016-04-01T19:55:48.839Z,"13km SE of Yucca Valley, CA",earthquake,0.33,0.92,,22,reviewed,ci,ci
1992-06-30T12:25:18.460Z,34.959,-116.927,0.121,2.79,mc,0,62.7,,0.172,ci,ci3032112,2016-02-10T21:45:45.882Z,"11km NE of Barstow, California",earthquake,,1.345,,27,reviewed,ci,ci
1992-06-30T12:21:07.410Z,34.363,-116.4545,2.822,3.46,ml,63,88,,0.2,ci,ci3032111,2016-04-02T02:27:23.553Z,"28km N of Yucca Valley, CA",earthquake,0.28,0.34,,22,reviewed,ci,ci
1992-06-30T12:14:49.630Z,34.0906667,-116.402,12.18,4.27,ml,164,32,,0.42,ci,ci3032109,2016-04-02T08:50:57.813Z,"4km SE of Yucca Valley, CA",earthquake,0.36,0.46,,16,reviewed,ci,ci
1992-06-30T12:12:48.080Z,34.209,-116.765,-0.546,2.74,ml,0,59.6,,0.239,ci,ci3087327,2016-02-10T14:32:59.361Z,"9km SE of Big Bear City, California",earthquake,,0.668,,12,reviewed,ci,ci
1992-06-30T12:11:51.360Z,34.118,-116.88,1.154,2.5,ml,0,31.2,,0.212,ci,ci3087326,2016-02-10T21:45:44.491Z,"14km SSE of Big Bear Lake, California",earthquake,,0.256,,14,reviewed,ci,ci
1992-06-30T12:08:37.560Z,34.2576667,-116.437,3.532,2.6,mh,45,43,,0.2,ci,ci3032107,2016-04-02T15:15:57.240Z,"16km N of Yucca Valley, CA",earthquake,0.23,0.29,,0,reviewed,ci,ci
1992-06-30T12:05:55.680Z,34.1313333,-116.4118333,0.027,2.74,mc,49,29,,0.3,ci,ci3032102,2016-04-02T02:27:21.994Z,"3km NE of Yucca Valley, CA",earthquake,0.33,1.02,,47,reviewed,ci,ci
1992-06-30T12:00:33.470Z,33.9643333,-116.3631667,0.995,2.81,mc,29,142,,0.16,ci,ci3032099,2016-04-01T19:55:44.822Z,"13km E of Desert Hot Springs, CA",earthquake,0.48,0.68,,52,reviewed,ci,ci
1992-06-30T11:50:52.480Z,34.021,-117.202,1.881,2.65,mc,0,44.5,,0.163,ci,ci3032095,2016-02-10T14:32:56.832Z,"4km SSW of Redlands, California",earthquake,,0.374,,62,reviewed,ci,ci
1992-06-30T11:48:42.110Z,34.6108333,-116.642,3.051,2.57,mc,22,139,,0.16,ci,ci3081031,2016-04-02T05:40:56.951Z,"35km ENE of Lucerne Valley, CA",earthquake,0.98,0.9,,30,reviewed,ci,ci
1992-06-30T11:47:54.450Z,34.2803333,-116.4476667,1.777,2.5,mh,42,65,,0.17,ci,ci3032094,2016-04-01T19:55:43.370Z,"18km N of Yucca Valley, CA",earthquake,0.26,0.41,,0,reviewed,ci,ci
1992-06-30T11:46:12.750Z,34.628,-116.6643333,3.354,2.82,mc,39,72,,0.17,ci,ci3032093,2016-04-01T23:11:09.529Z,"34km NE of Lucerne Valley, CA",earthquake,0.37,0.65,,49,reviewed,ci,ci
1992-06-30T11:42:00.140Z,34.3506667,-116.4478333,0.827,2.8,mh,12,162,0.09436,0.25,ci,ci12180343,2016-02-10T11:06:57.248Z,"26km N of Yucca Valley, California",earthquake,0.71,0.82,,0,reviewed,ci,ci
1992-06-30T11:41:40.370Z,34.5488333,-116.4986667,2.713,2.93,ml,56,111,,0.33,ci,ci3032091,2016-04-01T23:11:08.165Z,"36km WSW of Ludlow, CA",earthquake,0.52,0.76,,18,reviewed,ci,ci
1992-06-30T11:32:46.290Z,34.087,-116.418,8.831,2.74,mc,0,82.5,,0.167,ci,ci3041874,2016-02-10T03:59:24.635Z,"3km SSE of Yucca Valley, California",earthquake,,1.787,,24,reviewed,ci,ci
1992-06-30T11:30:29.120Z,34.0966667,-116.4045,12.13,4.49,ml,160,31,,0.45,ci,ci3041864,2016-04-02T02:27:12.652Z,"3km SE of Yucca Valley, CA",earthquake,0.33,0.46,,18,reviewed,ci,ci
1992-06-30T11:26:21.060Z,34.537,-116.54,4.497,2.59,mc,0,213.8,,0.159,ci,ci3099659,2016-02-09T20:39:10.471Z,"40km WSW of Ludlow, California",earthquake,,97.424,,22,reviewed,ci,ci
1992-06-30T11:22:43.820Z,34.6333333,-116.6478333,2.531,2.69,mc,28,92,,0.19,ci,ci3087216,2016-02-10T07:31:23.295Z,"36km NE of Lucerne Valley, California",earthquake,0.6,0.76,,61,reviewed,ci,ci
1992-06-30T11:14:11.140Z,34.0226667,-116.3591667,-0.971,3,mc,68,38,,0.36,ci,ci3032080,2016-04-01T23:11:06.723Z,"12km SSE of Yucca Valley, CA",earthquake,0.47,1.24,,79,reviewed,ci,ci
1992-06-30T10:51:16.310Z,34.2245,-116.7555,-1.461,3.22,ml,107,46,,0.43,ci,ci3032073,2016-04-02T02:27:19.114Z,"9km ESE of Big Bear City, CA",earthquake,0.35,1.05,,21,reviewed,ci,ci
1992-06-30T10:42:49.860Z,34.298,-116.648,5,3.3,ml,,,,1.1,us,usp00059yv,2014-11-07T00:50:55.923Z,"18 km ENE of Big Bear City, California",earthquake,,,,,reviewed,us,gs/
1992-06-30T10:38:39.320Z,34.0658333,-116.3855,2.72,2.71,mc,42,102,,0.21,ci,ci3032069,2016-04-01T23:11:05.117Z,"7km SE of Yucca Valley, CA",earthquake,0.54,0.92,,58,reviewed,ci,ci
1992-06-30T10:36:21.650Z,34.3083333,-116.4646667,0.52,2.73,mc,56,81,,0.28,ci,ci3086795,2016-02-10T21:45:36.198Z,"22km N of Yucca Valley, California",earthquake,0.31,0.68,,71,reviewed,ci,ci
1992-06-30T10:35:25.540Z,34.265,-116.9351667,2.514,2.71,ml,57,78,,0.29,ci,ci3086794,2016-04-02T08:48:49.286Z,"3km NW of Big Bear Lake, CA",earthquake,0.45,0.63,,21,reviewed,ci,ci
1992-06-30T10:21:19.980Z,34.63,-116.6735,-1.231,3.24,ml,35,80,,0.23,ci,ci3086790,2016-04-01T19:53:56.779Z,"34km NE of Lucerne Valley, CA",earthquake,0.56,1.46,,15,reviewed,ci,ci
1992-06-30T10:20:59.890Z,34.3845,-116.4775,-0.407,3,ml,76,107,,0.3,ci,ci3032062,2016-04-01T19:55:42.023Z,"30km N of Yucca Valley, CA",earthquake,0.39,0.7,,15,reviewed,ci,ci
1992-06-30T10:03:24.980Z,34.599,-116.6273333,-1.288,3.06,ml,73,97,,0.24,ci,ci3032053,2016-04-02T18:24:45.368Z,"36km ENE of Lucerne Valley, CA",earthquake,0.38,0.77,,18,reviewed,ci,ci
1992-06-30T10:01:36.260Z,34.1361667,-116.4086667,4.099,2.58,mc,32,93,,0.27,ci,ci3086777,2016-04-02T18:23:04.552Z,"3km NE of Yucca Valley, CA",earthquake,0.59,0.64,,33,reviewed,ci,ci
1992-06-30T09:37:03.620Z,34.9265,-116.8641667,-1.029,2.7,mc,39,117,,0.23,ci,ci3032038,2016-04-01T19:55:37.408Z,"15km ENE of Barstow, CA",earthquake,0.57,1.37,,54,reviewed,ci,ci
1992-06-30T09:32:39.520Z,34.2856667,-116.7236667,-0.826,2.7,mh,13,106,,0.09,ci,ci12180307,2016-02-10T14:32:50.730Z,"12km ENE of Big Bear City, California",earthquake,0.44,0.79,,0,reviewed,ci,ci
1992-06-30T09:32:13.230Z,34.5481667,-116.5558333,2.147,2.68,mc,51,127,,0.3,ci,ci3032037,2016-04-02T05:40:27.016Z,"40km ENE of Lucerne Valley, CA",earthquake,0.6,1.41,,64,reviewed,ci,ci
1992-06-30T09:29:01.720Z,34.2636667,-116.3918333,-1.308,2.72,mc,23,113,,0.22,ci,ci3032036,2016-02-10T03:59:11.041Z,"16km NNW of Joshua Tree, California",earthquake,0.63,1.34,,23,reviewed,ci,ci
1992-06-30T09:25:13.910Z,34.1435,-116.8561667,-1.441,2.61,mc,38,111,,0.23,ci,ci3086772,2016-04-02T12:05:03.944Z,"12km SSE of Big Bear Lake, CA",earthquake,0.47,1.13,,33,reviewed,ci,ci
1992-06-30T09:24:35.060Z,34.1358333,-116.8633333,-1.691,2.63,mc,79,85,,0.29,ci,ci3032035,2016-04-01T23:11:02.332Z,"13km SSE of Big Bear Lake, CA",earthquake,0.39,0.89,,69,reviewed,ci,ci
1992-06-30T09:11:11.750Z,34.4085,-116.5188333,-1.835,2.94,mc,48,121,,0.23,ci,ci3032031,2016-02-09T20:38:56.575Z,"34km NNW of Yucca Valley, California",earthquake,0.49,1.13,,53,reviewed,ci,ci
1992-06-30T09:10:29.930Z,34.414,-116.5155,4.535,2.5,mh,11,138,0.2463,0.15,ci,ci12180295,2016-02-10T07:31:11.506Z,"34km NNW of Yucca Valley, California",earthquake,0.83,15.72,,0,reviewed,ci,ci
1992-06-30T09:09:42.960Z,34.4395,-116.5133333,-0.103,2.78,mc,55,122,,0.25,ci,ci3086516,2016-02-10T21:45:28.054Z,"36km ENE of Big Bear City, California",earthquake,0.38,0.73,,59,reviewed,ci,ci
1992-06-30T09:09:01.830Z,34.22,-116.767,3.564,2.76,mc,0,84.2,,0.142,ci,ci3032030,2016-02-10T03:59:07.005Z,"8km ESE of Big Bear City, California",earthquake,,10.893,,76,reviewed,ci,ci
1992-06-30T09:04:34.170Z,34.4391667,-116.5001667,-0.932,2.81,ml,74,110,,0.29,ci,ci3032029,2016-04-02T05:40:24.158Z,"37km N of Yucca Valley, CA",earthquake,0.43,0.93,,20,reviewed,ci,ci
1992-06-30T09:02:37.430Z,34.407,-116.5283333,-1.149,2.93,ml,87,104,,0.28,ci,ci3032027,2016-04-02T02:27:17.401Z,"33km ENE of Big Bear City, CA",earthquake,0.35,0.73,,23,reviewed,ci,ci
1992-06-30T08:57:43.970Z,34.5621667,-116.4181667,0.745,3.61,ml,85,106,,0.31,ci,ci3032025,2016-04-02T15:15:55.766Z,"30km SW of Ludlow, CA",earthquake,0.43,0.61,,20,reviewed,ci,ci
1992-06-30T08:50:51.100Z,34.5631667,-116.5795,3.507,2.57,mc,39,131,,0.34,ci,ci3032023,2016-04-02T18:24:37.107Z,"38km ENE of Lucerne Valley, CA",earthquake,1.02,1.71,,43,reviewed,ci,ci
1992-06-30T08:41:09.360Z,34.614,-116.625,2.951,2.71,mc,0,123.9,,0.225,ci,ci3032020,2016-02-10T11:06:48.388Z,"37km ENE of Lucerne Valley, California",earthquake,,0.409,,69,reviewed,ci,ci
1992-06-30T08:31:55.290Z,34.96,-116.922,-1.029,2.58,mc,0,63.2,,0.145,ci,ci3032018,2016-02-10T03:59:04.486Z,"11km NE of Barstow, California",earthquake,,1.694,,48,reviewed,ci,ci
1992-06-30T08:24:27.520Z,34.3603333,-116.4705,2.017,2.87,mc,69,81,,0.29,ci,ci3032016,2016-02-10T14:32:47.027Z,"28km N of Yucca Valley, California",earthquake,0.43,0.51,,67,reviewed,ci,ci
1992-06-30T08:21:07.540Z,34.981,-116.947,-1.029,2.73,mc,0,61.8,,0.219,ci,ci3032015,2016-02-10T07:31:05.563Z,"12km NE of Barstow, California",earthquake,,0.794,,68,reviewed,ci,ci
1992-06-30T08:16:45.910Z,33.949,-116.31,3.945,2.63,mc,0,159.3,,0.219,ci,ci3085470,2016-02-10T18:05:45.995Z,"16km NNE of Thousand Palms, California",earthquake,,0.35,,18,reviewed,ci,ci
1992-06-30T08:16:08.240Z,33.943,-116.3161667,3.575,2.69,mc,26,161,,0.21,ci,ci3085469,2016-04-02T08:50:02.196Z,"15km NNE of Thousand Palms, CA",earthquake,0.55,0.53,,59,reviewed,ci,ci
1992-06-30T08:10:23.100Z,34.205,-116.821,2.324,2.56,mc,0,167.9,,0.138,ci,ci3032009,2016-02-10T07:31:02.923Z,"7km SSE of Big Bear City, California",earthquake,,0.439,,42,reviewed,ci,ci
1992-06-30T08:00:31.400Z,34.3278333,-116.4713333,4.572,2.79,mc,27,75,,0.18,ci,ci3073096,2016-02-10T14:32:45.628Z,"24km N of Yucca Valley, California",earthquake,0.44,1.26,,56,reviewed,ci,ci
1992-06-30T08:00:14.300Z,34.2686667,-116.7965,-0.117,2.61,mc,21,80,,0.12,ci,ci3032002,2016-04-02T02:27:05.616Z,"4km E of Big Bear City, CA",earthquake,0.4,0.69,,61,reviewed,ci,ci
1992-06-30T07:39:14.520Z,34.2083333,-116.764,-1.737,3.88,ml,96,23,,0.28,ci,ci3031992,2016-04-02T02:27:04.067Z,"10km SE of Big Bear City, CA",earthquake,0.25,0.82,,15,reviewed,ci,ci
1992-06-30T07:36:28.150Z,34.161,-116.425,-0.559,3.7,ml,0,45.8,,0.169,ci,ci3031990,2016-02-10T00:21:59.701Z,"5km N of Yucca Valley, California",earthquake,,0.734,,23,reviewed,ci,ci
1992-06-30T07:34:46.050Z,34.1785,-116.422,4.397,2.5,mh,12,99,,0.23,ci,ci3081391,2016-04-02T08:51:18.001Z,"7km N of Yucca Valley, CA",earthquake,0.54,22.95,,0,reviewed,ci,ci
1992-06-30T07:19:47.710Z,34.487,-116.469,-1.845,3.17,ml,49,130,,0.31,ci,ci3072915,2016-04-01T19:54:46.941Z,"38km SW of Ludlow, CA",earthquake,0.79,1.49,,20,reviewed,ci,ci
1992-06-30T07:19:39.140Z,33.905,-116.3126667,2.765,2.5,mh,10,132,0.06613,0.22,ci,ci3072918,2016-04-02T15:14:54.180Z,"12km NE of Thousand Palms, CA",earthquake,1.09,1.39,,0,reviewed,ci,ci
1992-06-30T07:18:48.880Z,34.623,-116.626,6.821,3,ml,0,162.2,,0.167,ci,ci3031984,2016-02-10T18:05:34.585Z,"37km ENE of Lucerne Valley, California",earthquake,,0.697,,7,reviewed,ci,ci
1992-06-30T07:14:25.810Z,34.092,-116.4201667,4.555,3.19,ml,69,56,,0.29,ci,ci3031982,2016-04-02T08:50:43.900Z,"3km SSE of Yucca Valley, CA",earthquake,0.35,1.68,,21,reviewed,ci,ci
1992-06-30T07:11:35.900Z,34.2003333,-116.7791667,1.084,2.56,mc,30,141,,0.15,ci,ci3081367,2016-04-01T23:11:27.178Z,"9km SE of Big Bear City, CA",earthquake,0.38,0.61,,33,reviewed,ci,ci
1992-06-30T07:10:57.210Z,34.026,-116.361,0.62,2.58,mc,0,121.1,,0.173,ci,ci3031979,2016-02-10T00:21:53.672Z,"12km SE of Yucca Valley, California",earthquake,,0.449,,54,reviewed,ci,ci
1992-06-30T07:05:04.350Z,35.7828333,-117.784,6.076,2.86,mc,31,50,,0.14,ci,ci3031978,2016-04-01T19:55:29.385Z,"15km N of Inyokern, CA",earthquake,0.35,1.23,,42,reviewed,ci,ci
1992-06-30T07:04:04.740Z,34.2,-116.778,1.004,2.53,mc,0,133.9,,0.171,ci,ci3139563,2016-02-10T21:45:21.003Z,"9km SE of Big Bear City, California",earthquake,,0.399,,50,reviewed,ci,ci
1992-06-30T06:59:18.480Z,34.016,-116.36,1.548,2.91,ml,0,150.5,,0.185,ci,ci3072905,2016-02-10T18:05:33.312Z,"13km SSE of Yucca Valley, California",earthquake,,0.979,,11,reviewed,ci,ci
1992-06-30T06:58:11.150Z,33.968,-116.3665,0.685,2.76,ml,43,119,,0.39,ci,ci3031977,2016-04-02T02:27:02.130Z,"12km E of Desert Hot Springs, CA",earthquake,0.71,1.41,,12,reviewed,ci,ci
1992-06-30T06:54:49.200Z,34.0846667,-116.3843333,1.44,2.5,mh,28,104,,0.27,ci,ci3031975,2016-04-02T05:40:05.950Z,"6km SE of Yucca Valley, CA",earthquake,0.69,1.32,,0,reviewed,ci,ci
1992-06-30T06:53:03.880Z,34.1536667,-116.4251667,-1.292,2.77,mc,32,152,,0.19,ci,ci3031974,2016-04-01T23:10:52.093Z,"4km N of Yucca Valley, CA",earthquake,0.66,1.34,,54,reviewed,ci,ci
1992-06-30T06:52:27.390Z,34.619,-116.62,4.721,2.68,mc,0,129.9,,0.163,ci,ci3072903,2016-02-10T18:05:30.953Z,"37km ENE of Lucerne Valley, California",earthquake,,0.944,,65,reviewed,ci,ci
1992-06-30T06:46:29.050Z,33.8965,-116.6863333,12.724,2.62,mc,43,116,,0.22,ci,ci3031970,2016-04-02T08:50:42.301Z,"10km ESE of Cabazon, CA",earthquake,0.47,0.64,,31,reviewed,ci,ci
1992-06-30T06:41:35.240Z,33.957,-116.346,-0.655,2.5,mc,0,178,,0.229,ci,ci3031968,2016-02-10T14:32:38.266Z,"14km E of Desert Hot Springs, California",earthquake,,1.379,,26,reviewed,ci,ci
1992-06-30T06:39:20.850Z,34.528,-116.543,-1.776,2.5,mh,0,136.1,,0.181,ci,ci3031967,2016-02-10T21:45:15.456Z,"40km ENE of Lucerne Valley, California",earthquake,,0.658,,0,reviewed,ci,ci
1992-06-30T06:38:59.730Z,34.123,-116.998,2.024,2.65,mc,0,86.7,,0.209,ci,ci3081035,2016-02-10T21:45:14.057Z,"11km NNE of Yucaipa, California",earthquake,,0.201,,62,reviewed,ci,ci
1992-06-30T06:35:15.620Z,34.3465,-116.4636667,1.26,2.61,mc,21,136,0.325,0.19,ci,ci3031962,2016-04-02T08:50:39.405Z,"26km N of Yucca Valley, CA",earthquake,0.55,2.49,,17,reviewed,ci,ci
1992-06-30T06:34:10.910Z,33.887,-116.289,1.225,2.85,mc,0,103,,0.207,ci,ci3031960,2016-02-10T21:45:12.707Z,"12km NE of Thousand Palms, California",earthquake,,0.351,,45,reviewed,ci,ci
1992-06-30T06:32:21.680Z,34.9681667,-116.9338333,3.045,2.52,mc,28,103,,0.28,ci,ci3031958,2016-04-02T02:27:00.643Z,"11km NE of Barstow, CA",earthquake,0.78,1.37,,25,reviewed,ci,ci
1992-06-30T06:24:47.750Z,33.9511667,-116.3186667,2.385,2.56,mc,27,143,,0.14,ci,ci3086436,2016-04-02T08:48:46.589Z,"16km NNE of Thousand Palms, CA",earthquake,0.54,0.6,,35,reviewed,ci,ci
1992-06-30T06:23:06.400Z,34.3023333,-116.4621667,10.654,2.74,mc,68,84,,0.23,ci,ci3031949,2016-02-09T20:38:44.634Z,"21km N of Yucca Valley, California",earthquake,0.32,0.34,,56,reviewed,ci,ci
1992-06-30T06:21:21.800Z,34.1231667,-116.9986667,3.264,2.66,mc,62,45,,0.24,ci,ci3031946,2016-04-02T15:15:37.108Z,"11km NNE of Yucaipa, CA",earthquake,0.31,0.8,,58,reviewed,ci,ci
1992-06-30T06:13:04.360Z,34.5723333,-116.5761667,-0.549,3.11,ml,70,104,,0.19,ci,ci3031943,2016-04-02T15:15:35.613Z,"39km ENE of Lucerne Valley, CA",earthquake,0.32,0.63,,19,reviewed,ci,ci
1992-06-30T06:08:59.860Z,34.418,-116.445,4.741,2.62,mc,0,148.7,,0.198,ci,ci3080993,2016-02-10T07:30:51.520Z,"34km NNW of Joshua Tree, California",earthquake,,,,9,reviewed,ci,ci
1992-06-30T06:08:33.350Z,34.049,-116.383,1.33,2.82,mc,0,175.4,,0.21,ci,ci3031941,2016-02-10T07:30:49.796Z,"8km SSE of Yucca Valley, California",earthquake,,0.278,,20,reviewed,ci,ci
1992-06-30T06:04:16.640Z,34.621,-116.673,5.934,2.77,mc,0,88.6,,0.135,ci,ci3031940,2016-02-10T07:30:47.808Z,"33km NE of Lucerne Valley, California",earthquake,,1.237,,44,reviewed,ci,ci
1992-06-30T06:02:05.590Z,34.1218333,-116.739,7.672,3.53,ml,57,128,,0.16,ci,ci3086434,2016-04-02T08:48:42.482Z,"17km WNW of Morongo Valley, CA",earthquake,0.41,0.78,,21,reviewed,ci,ci
1992-06-30T05:55:12.530Z,34.0846667,-116.432,0.259,3.6,ml,56,29,,0.17,ci,ci3031934,2016-04-02T12:06:26.068Z,"3km S of Yucca Valley, CA",earthquake,0.3,0.76,,20,reviewed,ci,ci
1992-06-30T05:52:59.000Z,34.2318333,-116.851,8.776,3.07,ml,38,30,,0.15,ci,ci3086426,2016-04-02T12:06:14.996Z,"3km S of Big Bear City, CA",earthquake,0.29,0.81,,22,reviewed,ci,ci
1992-06-30T05:52:26.380Z,34.272,-116.783,-0.556,2.75,mc,0,99.3,,0.138,ci,ci3031933,2016-02-10T03:58:47.204Z,"6km ENE of Big Bear City, California",earthquake,,0.481,,77,reviewed,ci,ci
1992-06-30T05:42:26.850Z,34.635,-116.512,3.158,3.04,mc,0,167.9,,0.132,ci,ci3031925,2016-02-10T00:21:45.486Z,"34km WSW of Ludlow, California",earthquake,,0.706,,27,reviewed,ci,ci
1992-06-30T05:39:15.420Z,35.516,-117.464,1.851,3.28,ml,0,96.2,,0.193,ci,ci3031924,2016-02-10T14:32:32.961Z,"22km NE of Johannesburg, California",earthquake,,0.495,,20,reviewed,ci,ci
1992-06-30T05:35:16.810Z,34.2385,-116.7511667,7.828,2.5,mh,11,110,0.1262,0.16,ci,ci12180195,2016-02-10T14:32:30.988Z,"9km ESE of Big Bear City, California",earthquake,0.6,3.92,,0,reviewed,ci,ci
1992-06-30T05:34:55.180Z,34.1533333,-116.4298333,2.992,2.5,mh,38,75,,0.2,ci,ci3032143,2016-04-01T19:56:11.651Z,"4km N of Yucca Valley, CA",earthquake,0.46,0.95,,0,reviewed,ci,ci
1992-06-30T05:33:48.130Z,34.2236667,-116.7401667,1.263,3.94,ml,86,23,,0.3,ci,ci3031923,2016-04-02T02:26:23.108Z,"10km ESE of Big Bear City, CA",earthquake,0.34,0.51,,35,reviewed,ci,ci
1992-06-30T05:30:14.340Z,34.195,-116.7868333,-0.456,2.58,mc,22,139,,0.2,ci,ci3031921,2016-04-02T02:26:21.494Z,"9km SE of Big Bear City, CA",earthquake,0.56,0.99,,41,reviewed,ci,ci
1992-06-30T05:27:48.320Z,34.2745,-116.793,-1.656,2.81,mc,42,85,,0.17,ci,ci3031920,2016-04-02T12:06:06.903Z,"5km ENE of Big Bear City, CA",earthquake,0.28,0.79,,57,reviewed,ci,ci
1992-06-30T05:22:51.700Z,34.3948333,-116.6791667,11.614,2.8,mc,9,197,,0.23,ci,ci3031919,2016-04-02T12:06:05.458Z,"21km NE of Big Bear City, CA",earthquake,0.96,1.53,,10,reviewed,ci,ci
1992-06-30T05:18:38.740Z,34.2763333,-116.7856667,-1.402,3.98,ml,81,39,,0.26,ci,ci3031918,2016-04-02T02:26:20.094Z,"6km ENE of Big Bear City, CA",earthquake,0.3,0.81,,17,reviewed,ci,ci
1992-06-30T05:16:29.420Z,34.1956667,-116.7793333,-1.807,2.81,mc,47,59,,0.18,ci,ci3031917,2016-04-02T05:39:37.493Z,"10km SE of Big Bear City, CA",earthquake,0.26,0.77,,70,reviewed,ci,ci
1992-06-30T05:14:44.500Z,34.9291667,-116.771,5.205,2.61,mc,14,180,0.224,0.26,ci,ci3031916,2016-02-10T14:32:25.887Z,"23km E of Barstow, California",earthquake,1.03,18.26,,21,reviewed,ci,ci
1992-06-30T05:08:48.480Z,34.5563333,-116.522,8.601,2.6,mh,29,119,,0.14,ci,ci3031915,2016-04-02T05:39:35.915Z,"38km WSW of Ludlow, CA",earthquake,0.46,1.08,,0,reviewed,ci,ci
1992-06-30T04:51:35.050Z,34.019,-116.356,0.927,2.52,mc,0,142.3,,0.193,ci,ci3139542,2016-02-10T18:05:22.879Z,"13km SSE of Yucca Valley, California",earthquake,,0.438,,45,reviewed,ci,ci
1992-06-30T04:44:29.430Z,34.0286667,-116.3598333,-0.805,2.5,mh,40,46,,0.22,ci,ci3091259,2016-04-02T05:38:25.315Z,"12km SE of Yucca Valley, CA",earthquake,0.41,1.09,,0,reviewed,ci,ci
1992-06-30T04:43:51.730Z,34.1293333,-116.4253333,6.099,2.74,mc,54,56,,0.22,ci,ci3091265,2016-04-02T18:23:07.189Z,"2km NNE of Yucca Valley, CA",earthquake,0.32,0.91,,55,reviewed,ci,ci
1992-06-30T04:31:47.820Z,34.001,-117.19,13.737,2.68,mc,0,95.9,,0.134,ci,ci3139556,2016-02-10T00:21:44.208Z,"6km S of Redlands, California",earthquake,,2.549,,11,reviewed,ci,ci
1992-06-30T04:31:28.360Z,34.583,-116.593,3.624,3.2,mc,0,122.3,,0.166,ci,ci3139541,2016-02-10T14:32:24.592Z,"38km ENE of Lucerne Valley, California",earthquake,,0.496,,78,reviewed,ci,ci
1992-06-30T04:28:06.430Z,34.997,-116.952,-0.785,3.82,ml,0,62,,0.248,ci,ci3043081,2016-02-10T07:30:42.412Z,"13km NNE of Barstow, California",earthquake,,0.611,,11,reviewed,ci,ci
1992-06-30T04:22:51.200Z,34.268,-116.938,4.229,3.39,mc,0,38.4,,0.184,ci,ci3139539,2016-02-10T21:45:07.279Z,"4km NW of Big Bear Lake, California",earthquake,,1.028,,95,reviewed,ci,ci
1992-06-30T04:20:12.970Z,34.237,-116.747,9.404,2.61,mc,0,77.8,,0.175,ci,ci3139466,2016-02-10T21:45:05.921Z,"9km ESE of Big Bear City, California",earthquake,,0.573,,67,reviewed,ci,ci
1992-06-30T04:08:47.020Z,34.216,-116.617,5,3.3,ml,,,,1,us,usp00059y7,2014-11-07T00:50:55.822Z,"19 km N of Morongo Valley, California",earthquake,,,,,reviewed,us,gs/
1992-06-30T04:06:08.460Z,34.5841667,-116.6153333,2.833,2.67,mc,22,49,0.06,0.18,ci,ci3031899,2016-04-01T19:55:09.705Z,"36km ENE of Lucerne Valley, CA",earthquake,0.44,0.88,,23,reviewed,ci,ci
1992-06-30T03:59:48.130Z,34.1661667,-116.394,-0.908,2.52,mc,10,110,,0.17,ci,ci3031897,2016-04-02T02:26:18.545Z,"7km NNE of Yucca Valley, CA",earthquake,0.7,1.75,,11,reviewed,ci,ci
1992-06-30T03:53:55.110Z,34.3123333,-116.4818333,1.922,2.62,mc,16,90,,0.22,ci,ci3031893,2016-04-02T15:15:07.117Z,"22km NNW of Yucca Valley, CA",earthquake,0.75,1.42,,12,reviewed,ci,ci
1992-06-30T03:51:46.720Z,34.323,-116.662,5.058,2.5,mh,0,107.6,0.2549,0.263,ci,ci3031892,2016-04-02T15:15:05.693Z,"18km ENE of Big Bear City, CA",earthquake,,,,0,reviewed,ci,ci
1992-06-30T03:42:43.090Z,34.0973333,-116.4096667,-0.185,2.5,mh,13,144,,0.16,ci,ci3031891,2016-04-02T08:49:54.572Z,"3km SE of Yucca Valley, CA",earthquake,0.7,1.24,,0,reviewed,ci,ci
1992-06-30T03:25:42.800Z,34.122,-116.992,3.266,3.27,mc,0,40.6,,0.189,ci,ci3139552,2016-02-10T14:32:23.292Z,"11km NNE of Yucaipa, California",earthquake,,0.425,,92,reviewed,ci,ci
1992-06-30T03:17:11.570Z,34.148,-116.426,2.537,2.64,mc,0,42.3,,0.17,ci,ci3139462,2016-02-10T07:30:37.177Z,"4km N of Yucca Valley, California",earthquake,,0.282,,41,reviewed,ci,ci
1992-06-30T02:32:14.260Z,34.3168333,-116.4255,7.149,2.5,mh,9,182,0.06166,0.09,ci,ci12180167,2016-02-10T18:05:19.115Z,"22km N of Yucca Valley, California",earthquake,0.8,1.13,,0,reviewed,ci,ci
1992-06-30T02:32:12.220Z,35.165,-117.351,4.12,4.08,ml,0,73.3,,0.241,ci,ci3042717,2016-02-10T00:21:42.417Z,"33km NE of Boron, California",earthquake,,0.628,,15,reviewed,ci,ci
1992-06-30T02:31:31.430Z,35.121,-117.042,3.683,2.59,mc,0,82.2,,0.179,ci,ci3042299,2016-02-10T14:32:22.038Z,"25km N of Barstow, California",earthquake,,0.432,,51,reviewed,ci,ci
1992-06-30T02:23:14.770Z,34.166,-116.415,1.877,2.6,mh,0,74.6,,0.13,ci,ci3031870,2016-02-10T21:45:03.490Z,"6km NNE of Yucca Valley, California",earthquake,,0.46,,0,reviewed,ci,ci
1992-06-30T02:19:19.700Z,34.054,-116.394,-0.785,2.72,mc,0,143.9,,0.267,ci,ci3031867,2016-02-10T11:06:20.852Z,"8km SSE of Yucca Valley, California",earthquake,,1.29,,11,reviewed,ci,ci
1992-06-30T02:13:46.360Z,34.1803333,-116.4213333,4.323,3.01,ml,53,51,,0.15,ci,ci3031865,2016-04-02T02:26:17.103Z,"7km N of Yucca Valley, CA",earthquake,0.26,0.52,,16,reviewed,ci,ci
1992-06-30T02:10:22.690Z,34.456,-116.507,-1.1,2.94,mc,0,105,,0.122,ci,ci3031863,2016-02-10T00:21:40.784Z,"38km NE of Big Bear City, California",earthquake,,0.941,,41,reviewed,ci,ci
1992-06-30T02:05:59.510Z,34.0885,-116.3965,-1.103,2.98,ml,32,59,,0.17,ci,ci3031862,2016-04-01T23:10:08.726Z,"4km SE of Yucca Valley, CA",earthquake,0.39,1.05,,18,reviewed,ci,ci
1992-06-30T02:03:12.450Z,34.0741667,-116.4098333,-1.063,3.33,ml,46,33,,0.2,ci,ci3031861,2016-04-02T05:39:31.548Z,"5km SSE of Yucca Valley, CA",earthquake,0.36,0.95,,19,reviewed,ci,ci
1992-06-30T01:59:49.240Z,34.3623333,-116.4721667,0.822,3.07,ml,58,50,,0.16,ci,ci3031860,2016-04-01T23:10:06.027Z,"28km N of Yucca Valley, CA",earthquake,0.34,0.51,,3,reviewed,ci,ci
1992-06-30T01:54:49.440Z,34.257,-116.72,-0.936,3.07,ml,0,119.5,,0.145,ci,ci3079453,2016-02-10T07:30:33.164Z,"12km E of Big Bear City, California",earthquake,,0.487,,20,reviewed,ci,ci
1992-06-30T01:50:34.680Z,34.235,-116.78,0.733,2.75,mc,0,56.3,,0.165,ci,ci3078811,2016-02-10T00:21:35.931Z,"7km ESE of Big Bear City, California",earthquake,,0.485,,17,reviewed,ci,ci
1992-06-30T01:50:07.800Z,34.093,-116.44,0.987,2.88,mc,0,62.4,,0.173,ci,ci3031856,2016-02-09T20:38:31.797Z,"2km SSW of Yucca Valley, California",earthquake,,0.776,,63,reviewed,ci,ci
1992-06-30T01:39:14.200Z,34.289,-116.455,3.318,3.03,mc,0,143.9,,0.222,ci,ci3139464,2016-02-10T03:58:29.012Z,"20km N of Yucca Valley, California",earthquake,,0.446,,26,reviewed,ci,ci
1992-06-30T01:38:54.210Z,34.627,-116.627,-1.5,2.92,mc,0,186.2,,0.19,ci,ci3139461,2016-02-10T00:21:34.634Z,"37km ENE of Lucerne Valley, California",earthquake,,1.775,,59,reviewed,ci,ci
1992-06-30T01:38:32.440Z,34.2546667,-116.7225,3.353,2.56,mc,46,61,,0.17,ci,ci3031854,2016-04-02T05:39:30.069Z,"11km E of Big Bear City, CA",earthquake,0.35,0.72,,16,reviewed,ci,ci
1992-06-30T01:36:40.390Z,33.877,-116.278,0.135,2.64,mc,0,72.6,,0.194,ci,ci3031853,2016-02-10T11:06:16.597Z,"12km ENE of Thousand Palms, California",earthquake,,0.668,,12,reviewed,ci,ci
1992-06-30T01:30:23.050Z,34.593,-116.6218333,-1.406,3.07,ml,42,60,,0.19,ci,ci3086402,2016-04-02T08:50:04.133Z,"36km ENE of Lucerne Valley, CA",earthquake,0.42,1.21,,15,reviewed,ci,ci
1992-06-30T01:29:50.430Z,34.268,-116.935,5.459,2.66,mc,0,55.2,,0.153,ci,ci3031851,2016-02-09T20:38:30.407Z,"3km NW of Big Bear Lake, California",earthquake,,0.644,,58,reviewed,ci,ci
1992-06-30T01:27:39.110Z,33.903,-116.302,3.144,2.77,mc,0,29.8,,0.21,ci,ci3031850,2016-02-10T03:58:27.694Z,"12km NE of Thousand Palms, California",earthquake,,0.165,,44,reviewed,ci,ci
1992-06-30T01:12:37.340Z,34.9856667,-116.9563333,-0.613,2.77,mc,11,75,0.2393,0.21,ci,ci3031842,2016-04-01T23:10:03.551Z,"11km NNE of Barstow, CA",earthquake,0.64,1.3,,37,reviewed,ci,ci
1992-06-30T01:07:57.970Z,34.5901667,-116.5598333,5.318,2.59,mc,29,64,,0.28,ci,ci2105980,2016-02-10T07:30:24.353Z,"39km WSW of Ludlow, California",earthquake,0.62,2.51,,24,reviewed,ci,ci
1992-06-30T01:05:52.550Z,34.229,-116.739,1.313,2.54,mc,0,53.2,,0.146,ci,ci3031837,2016-02-10T00:21:25.541Z,"10km ESE of Big Bear City, California",earthquake,,0.43,,21,reviewed,ci,ci
1992-06-30T01:04:49.920Z,34.9481667,-116.7821667,5.205,2.65,mc,12,109,,0.35,ci,ci3031836,2016-04-02T18:23:58.722Z,"23km ENE of Barstow, CA",earthquake,0.95,25.31,,19,reviewed,ci,ci
1992-06-30T00:57:20.460Z,34.641,-116.659,4.792,3.02,ml,0,46.5,,0.276,ci,ci3031832,2016-02-10T21:44:58.248Z,"36km NE of Lucerne Valley, California",earthquake,,,,13,reviewed,ci,ci
1992-06-30T00:55:39.520Z,34.331,-116.638,-1.516,2.71,mc,0,46.1,,0.142,ci,ci3078800,2016-02-10T07:30:20.547Z,"20km ENE of Big Bear City, California",earthquake,,0.601,,14,reviewed,ci,ci
1992-06-30T00:54:38.940Z,34.092,-116.439,-0.343,3.3,ml,0,46.5,,0.183,ci,ci3031831,2016-02-10T07:30:19.216Z,"2km SSW of Yucca Valley, California",earthquake,,0.753,,14,reviewed,ci,ci
1992-06-30T00:49:45.330Z,33.901,-116.262,0.594,3.7,ml,0,35.7,,0.197,ci,ci3031830,2016-02-10T11:06:07.423Z,"15km NE of Thousand Palms, California",earthquake,,0.35,,19,reviewed,ci,ci
1992-06-30T00:40:03.780Z,34.181,-116.812,5,2.8,md,,,,0.5,us,usp00059xv,2014-11-07T00:50:55.798Z,"9 km SSE of Big Bear City, California",earthquake,,,,,reviewed,us,pas
1992-06-30T00:23:54.580Z,34.23,-116.508,5,3.6,ml,,,,0.5,us,usp00059xt,2014-11-07T00:50:55.795Z,"14 km NNW of Yucca Valley, California",earthquake,,,,,reviewed,us,gs/
1992-06-30T00:19:42.870Z,34.083,-116.369,5,3.2,ml,,,,0.1,us,usp00059xs,2014-11-07T00:50:55.794Z,"6 km ESE of Yucca Valley, California",earthquake,,,,,reviewed,us,gs/
1992-06-30T00:06:08.620Z,34.1266667,-116.403,1.901,4.43,ml,23,57,,0.16,ci,ci3031817,2016-04-01T19:54:45.515Z,"3km ENE of Yucca Valley, CA",earthquake,0.35,0.88,,20,reviewed,ci,ci
1992-06-30T00:04:53.800Z,34.341,-116.653,-1.383,2.5,mh,0,142.9,,0.106,ci,ci3078758,2016-04-01T19:56:04.078Z,"20km ENE of Big Bear City, CA",earthquake,,1.009,,0,reviewed,ci,ci
1992-06-30T00:04:44.920Z,34.338,-116.648,-1.603,2.9,mc,0,142.9,,0.102,ci,ci3031816,2016-02-09T20:38:26.383Z,"20km ENE of Big Bear City, California",earthquake,,0.828,,20,reviewed,ci,ci
1992-06-30T00:03:03.080Z,35.6071667,-117.4303333,1.991,2.6,mc,15,147,0.05134,0.18,ci,ci3031815,2016-04-02T02:25:42.460Z,"18km S of Searles Valley, CA",earthquake,0.58,0.97,,36,reviewed,ci,ci
1992-06-30T00:00:58.150Z,34.2263333,-116.8766667,0.692,2.9,mc,25,75,,0.14,ci,ci3031814,2016-04-02T18:23:45.738Z,"4km ESE of Big Bear Lake, CA",earthquake,0.3,0.71,,52,reviewed,ci,ci
1992-06-29T23:59:53.100Z,33.9975,-116.3491667,1.348,2.65,mc,16,107,,0.27,ci,ci3072388,2016-04-02T05:39:14.589Z,"15km ENE of Desert Hot Springs, CA",earthquake,0.81,1.45,,13,reviewed,ci,ci
1992-06-29T23:48:49.780Z,33.928,-116.326,1.153,2.9,mc,0,96.8,,0.183,ci,ci3089724,2016-02-10T03:58:18.302Z,"13km NNE of Thousand Palms, California",earthquake,,0.445,,30,reviewed,ci,ci
1992-06-29T23:47:23.730Z,33.915,-116.334,-0.259,2.57,ml,0,68,,0.211,ci,ci3031811,2016-02-10T18:05:07.034Z,"12km NNE of Thousand Palms, California",earthquake,,0.813,,7,reviewed,ci,ci
1992-06-29T23:44:08.810Z,34.151,-116.438,3.583,3.69,ml,0,120.3,,0.213,ci,ci3031809,2016-02-10T11:06:04.800Z,"4km N of Yucca Valley, California",earthquake,,0.977,,18,reviewed,ci,ci
1992-06-29T23:38:41.430Z,34.997,-116.944,-0.886,2.94,ml,0,79,,0.222,ci,ci3031807,2016-02-10T00:21:20.534Z,"13km NNE of Barstow, California",earthquake,,1.36,,15,reviewed,ci,ci
1992-06-29T23:36:13.620Z,34.098,-116.396,3.178,2.5,mh,0,140.6,,0.176,ci,ci3078609,2016-04-02T15:16:08.612Z,"4km ESE of Yucca Valley, CA",earthquake,,0.502,,0,reviewed,ci,ci
1992-06-29T23:35:35.720Z,33.889,-116.287,4.311,2.79,mc,0,78.9,,0.18,ci,ci3031806,2016-02-10T00:21:19.224Z,"12km NE of Thousand Palms, California",earthquake,,0.14,,21,reviewed,ci,ci
1992-06-29T23:31:19.260Z,34.297,-116.427,-1.199,3,mc,0,158,,0.265,ci,ci3031803,2016-02-10T03:58:15.699Z,"20km N of Yucca Valley, California",earthquake,,1.829,,53,reviewed,ci,ci
1992-06-29T23:28:46.440Z,34.2606667,-116.7366667,-1.143,3,mc,23,140,,0.16,ci,ci3031802,2016-04-02T08:49:39.515Z,"10km E of Big Bear City, CA",earthquake,0.5,1.11,,50,reviewed,ci,ci
1992-06-29T23:25:25.140Z,34.016,-116.36,1.738,2.5,mh,0,113.1,,0.181,ci,ci3031799,2016-02-10T07:30:15.268Z,"13km SSE of Yucca Valley, California",earthquake,,0.432,,0,reviewed,ci,ci
1992-06-29T23:23:30.890Z,34.4153333,-116.5428333,1.447,2.96,mc,30,162,,0.41,ci,ci3031798,2016-04-02T08:49:38.127Z,"33km ENE of Big Bear City, CA",earthquake,1.15,1.97,,27,reviewed,ci,ci
1992-06-29T23:13:28.180Z,34.297,-116.448,0.298,3.06,ml,0,70,,0.197,ci,ci3031797,2016-02-10T07:30:13.983Z,"20km N of Yucca Valley, California",earthquake,,0.797,,18,reviewed,ci,ci
1992-06-29T23:11:45.960Z,34.0966667,-116.3963333,-0.452,2.66,mc,16,140,,0.29,ci,ci3031796,2016-04-02T02:25:41.090Z,"4km ESE of Yucca Valley, CA",earthquake,0.9,1.77,,8,reviewed,ci,ci
1992-06-29T23:09:18.460Z,33.9191667,-116.3011667,0.223,2.53,mc,14,85,,0.22,ci,ci3031793,2016-04-02T05:39:10.406Z,"14km NE of Thousand Palms, CA",earthquake,0.62,1.27,,11,reviewed,ci,ci
1992-06-29T23:06:57.930Z,33.955,-116.311,4.131,2.5,mh,0,180.2,0.06175,0.269,ci,ci3077194,2016-04-02T02:27:34.386Z,"17km NNE of Thousand Palms, CA",earthquake,,0.495,,0,reviewed,ci,ci
1992-06-29T23:06:47.180Z,33.903,-116.258,3.533,2.66,mc,0,84,,0.17,ci,ci3077164,2016-02-10T21:44:47.980Z,"15km NE of Thousand Palms, California",earthquake,,0.337,,16,reviewed,ci,ci
1992-06-29T23:06:04.210Z,34.2216667,-116.8833333,-1.603,2.87,mc,58,71,,0.25,ci,ci3031791,2016-04-02T08:49:36.331Z,"4km SE of Big Bear Lake, CA",earthquake,0.38,1.08,,57,reviewed,ci,ci
1992-06-29T23:03:48.530Z,33.902,-116.267,3.833,2.7,mc,0,70.7,,0.23,ci,ci2105967,2016-02-10T11:05:58.151Z,"15km NE of Thousand Palms, California",earthquake,,0.287,,13,reviewed,ci,ci
1992-06-29T23:00:20.830Z,34.033,-116.345,2.418,2.89,mc,0,104.7,,0.245,ci,ci3077159,2016-02-10T14:32:13.958Z,"12km SSW of Joshua Tree, California",earthquake,,0.49,,48,reviewed,ci,ci
1992-06-29T22:59:22.160Z,34.6226667,-116.6631667,4.867,2.5,mh,20,144,,0.19,ci,ci12180079,2016-02-10T11:05:55.383Z,"34km NE of Lucerne Valley, California",earthquake,0.99,17.9,,0,reviewed,ci,ci
1992-06-29T22:52:16.070Z,34.161,-118.167,2.704,3.9,ml,0,39,,0.242,ci,ci3031787,2016-02-09T20:38:21.227Z,"3km W of Pasadena, California",earthquake,,0.102,,31,reviewed,ci,ci
1992-06-29T22:45:33.700Z,34.1721667,-116.4226667,-0.767,2.5,mh,28,159,,0.2,ci,ci3031785,2016-04-01T23:09:47.006Z,"6km N of Yucca Valley, CA",earthquake,0.67,1.02,,0,reviewed,ci,ci
1992-06-29T22:35:23.200Z,34.4086667,-116.6335,5.005,2.84,mc,9,137,0.5705,0.38,ci,ci3031780,2016-04-02T15:14:49.574Z,"25km NE of Big Bear City, CA",earthquake,1.26,31.61,,14,reviewed,ci,ci
1992-06-29T22:16:47.750Z,34.1391667,-116.8461667,0.942,2.65,mc,34,67,,0.2,ci,ci3031775,2016-04-02T15:14:48.352Z,"13km SSE of Big Bear Lake, CA",earthquake,0.42,0.88,,27,reviewed,ci,ci
1992-06-29T22:06:44.200Z,34.615,-116.673,4.797,2.67,mc,0,165.8,,0.132,ci,ci3031768,2016-02-10T21:44:44.262Z,"33km NE of Lucerne Valley, California",earthquake,,,,14,reviewed,ci,ci
1992-06-29T22:03:40.950Z,33.908,-116.29,3.371,2.86,ml,0,55.4,,0.221,ci,ci3031767,2016-02-10T14:32:08.814Z,"14km NE of Thousand Palms, California",earthquake,,0.256,,16,reviewed,ci,ci
1992-06-29T21:56:19.500Z,34.531,-116.567,4.546,2.88,mc,0,148.7,,0.251,ci,ci3031765,2016-02-10T18:05:01.431Z,"38km ENE of Lucerne Valley, California",earthquake,,,,44,reviewed,ci,ci
1992-06-29T21:54:33.310Z,34.634,-116.562,4.797,3.08,ml,0,94.2,,0.309,ci,ci3031764,2016-02-10T21:44:43.056Z,"38km WSW of Ludlow, California",earthquake,,,,21,reviewed,ci,ci
1992-06-29T21:52:22.310Z,35.614,-117.423,1.421,2.89,mc,0,150.1,,0.208,ci,ci3031763,2016-02-10T00:21:10.701Z,"17km S of Searles Valley, California",earthquake,,0.432,,35,reviewed,ci,ci
1992-06-29T21:49:48.310Z,34.103,-116.416,4.158,2.69,mc,0,94,,0.22,ci,ci3031762,2016-02-10T18:04:58.947Z,"2km SE of Yucca Valley, California",earthquake,,0.422,,16,reviewed,ci,ci
1992-06-29T21:41:09.870Z,34.2858333,-116.4713333,-1.465,2.99,ml,38,158,,0.31,ci,ci3031761,2016-04-02T02:25:38.408Z,"19km N of Yucca Valley, CA",earthquake,0.83,1.65,,20,reviewed,ci,ci
1992-06-29T21:37:42.160Z,34.9688333,-116.9351667,-0.897,2.85,mc,25,85,,0.25,ci,ci3031760,2016-04-02T18:23:39.948Z,"11km NE of Barstow, CA",earthquake,0.79,1.3,,44,reviewed,ci,ci
1992-06-29T21:28:02.200Z,34.1255,-116.9916667,5.79,2.65,mc,19,89,,0.15,ci,ci3077102,2016-04-02T08:51:11.641Z,"11km NNE of Yucaipa, CA",earthquake,0.51,1.96,,19,reviewed,ci,ci
1992-06-29T21:27:58.090Z,33.9,-116.285,3.261,3.16,mc,0,81.3,,0.182,ci,ci3031759,2016-02-10T00:21:09.126Z,"13km NE of Thousand Palms, California",earthquake,,0.349,,20,reviewed,ci,ci
1992-06-29T21:24:33.760Z,34.329,-116.647,-1.027,2.5,mh,0,68.4,,0.119,ci,ci3031757,2016-02-10T07:30:07.298Z,"20km ENE of Big Bear City, California",earthquake,,1.457,,0,reviewed,ci,ci
1992-06-29T21:17:37.240Z,34.0258333,-116.3735,4.166,3.01,ml,41,79,,0.24,ci,ci3031752,2016-04-02T15:14:47.045Z,"11km SSE of Yucca Valley, CA",earthquake,0.47,1.09,,15,reviewed,ci,ci
1992-06-29T21:01:43.260Z,34.1661667,-116.8396667,-0.488,3.02,ml,58,74,,0.25,ci,ci3031749,2016-04-02T18:23:38.655Z,"11km S of Big Bear City, CA",earthquake,0.39,0.86,,18,reviewed,ci,ci
1992-06-29T20:58:16.960Z,33.9858333,-116.331,-0.652,2.61,mc,14,103,,0.25,ci,ci3031746,2016-04-02T02:25:36.934Z,"16km E of Desert Hot Springs, CA",earthquake,0.82,1.7,,9,reviewed,ci,ci
1992-06-29T20:56:40.770Z,33.907,-116.277,1.223,2.61,mc,0,70.6,0.09108,0.186,ci,ci3098556,2016-02-10T11:05:45.055Z,"14km NE of Thousand Palms, California",earthquake,,0.527,,11,reviewed,ci,ci
1992-06-29T20:55:53.740Z,33.9428333,-116.3643333,6.183,2.6,mh,10,91,0.01584,0.12,ci,ci3098555,2016-04-01T23:09:42.577Z,"13km E of Desert Hot Springs, CA",earthquake,0.74,0.71,,0,reviewed,ci,ci
1992-06-29T20:55:31.300Z,34.0933333,-116.4145,3.778,2.69,mc,20,91,0.158,0.22,ci,ci3031744,2016-04-02T02:25:35.619Z,"3km SE of Yucca Valley, CA",earthquake,0.64,1.17,,14,reviewed,ci,ci
1992-06-29T20:48:50.970Z,34.1313333,-116.8575,1.362,2.62,mc,21,80,,0.18,ci,ci3076942,2016-04-02T08:51:10.337Z,"14km SSE of Big Bear Lake, CA",earthquake,0.41,0.8,,29,reviewed,ci,ci
1992-06-29T20:44:25.750Z,34.6573333,-116.702,1.266,4.36,ml,34,80,,0.21,ci,ci3031740,2016-04-01T19:56:00.138Z,"34km NE of Lucerne Valley, CA",earthquake,0.57,3.84,,14,reviewed,ci,ci
1992-06-29T20:43:15.440Z,34.1263333,-116.7321667,1.975,2.5,mh,23,75,,0.2,ci,ci3032598,2016-04-02T02:26:54.580Z,"16km WNW of Morongo Valley, CA",earthquake,0.56,0.92,,0,reviewed,ci,ci
1992-06-29T20:42:23.850Z,34.449,-116.5246667,1.736,3.55,ml,38,80,,0.19,ci,ci3032586,2016-04-02T15:15:31.305Z,"36km NE of Big Bear City, CA",earthquake,0.54,2.29,,19,reviewed,ci,ci
1992-06-29T20:41:05.930Z,34.9701667,-116.8945,3.264,2.81,mc,13,163,0.1187,0.43,ci,ci3031739,2016-04-01T19:55:58.623Z,"14km NE of Barstow, CA",earthquake,1.06,1.86,,50,reviewed,ci,ci
1992-06-29T20:38:48.010Z,34.2183333,-116.8718333,-0.117,2.73,mc,31,147,,0.25,ci,ci3031738,2016-04-01T19:55:57.200Z,"5km SE of Big Bear Lake, CA",earthquake,0.6,1.24,,34,reviewed,ci,ci
1992-06-29T20:36:10.030Z,34.5833333,-116.6233333,4.532,2.85,mc,15,167,,0.14,ci,ci3031737,2016-04-02T02:27:33.102Z,"35km ENE of Lucerne Valley, CA",earthquake,0.79,16.04,,55,reviewed,ci,ci
1992-06-29T20:34:00.350Z,34.4291667,-116.4675,10.049,3.03,ml,26,161,0.3085,0.36,ci,ci3031736,2016-04-02T15:16:03.927Z,"35km N of Yucca Valley, CA",earthquake,0.98,1.28,,19,reviewed,ci,ci
1992-06-29T20:22:01.500Z,33.8878333,-116.2776667,0.841,3,mh,22,152,,0.32,ci,ci3076939,2016-04-02T05:40:55.599Z,"13km NE of Thousand Palms, CA",earthquake,0.9,1.36,,0,reviewed,ci,ci
1992-06-29T20:21:59.280Z,34.1388333,-116.4735,-1.223,3.26,ml,43,74.7,,0.24,ci,ci3031734,2016-04-02T02:27:31.690Z,"5km NW of Yucca Valley, CA",earthquake,0.51,1.14,,17,reviewed,ci,ci
1992-06-29T20:18:20.460Z,34.5716667,-116.5415,1.523,2.5,mh,16,154,,0.28,ci,ci3031733,2016-04-01T23:11:14.200Z,"39km WSW of Ludlow, CA",earthquake,1.23,5.97,,0,reviewed,ci,ci
1992-06-29T20:14:48.600Z,33.901,-116.28,0.801,2.7,mc,0,88.6,,0.217,ci,ci3031732,2016-02-10T00:21:02.665Z,"14km NE of Thousand Palms, California",earthquake,,0.56,,28,reviewed,ci,ci
1992-06-29T20:13:03.360Z,33.866,-116.261,5.681,2.7,mh,0,135.7,,0.287,ci,ci3031731,2016-02-09T20:38:09.630Z,"13km ENE of Thousand Palms, California",earthquake,,1.113,,0,reviewed,ci,ci
1992-06-29T20:07:35.450Z,33.889,-116.289,2.141,4.08,ml,0,109.4,,0.241,ci,ci3031728,2016-02-10T11:05:42.486Z,"12km NE of Thousand Palms, California",earthquake,,0.21,,18,reviewed,ci,ci
1992-06-29T20:02:16.110Z,34.1161667,-116.9785,3.56,2.8,mc,28,62,,0.16,ci,ci3031724,2016-04-02T02:27:28.766Z,"11km NNE of Yucaipa, CA",earthquake,0.37,0.65,,51,reviewed,ci,ci
1992-06-29T19:59:53.890Z,34.072,-116.4511667,2.139,2.72,mc,8,287,0.1461,0.21,ci,ci3031723,2016-02-10T00:21:01.316Z,"5km SSW of Yucca Valley, California",earthquake,2.01,1.27,,13,reviewed,ci,ci
1992-06-29T19:54:38.290Z,33.872,-116.286,4.261,2.67,mc,0,90.7,0.05964,0.218,ci,ci3031722,2016-02-09T20:38:08.269Z,"11km ENE of Thousand Palms, California",earthquake,,0.206,,18,reviewed,ci,ci
1992-06-29T19:51:53.530Z,34.2315,-116.7133333,4.705,2.5,mh,9,214,0.1498,0.13,ci,ci12179975,2016-02-09T20:38:07.012Z,"12km ESE of Big Bear City, California",earthquake,1.64,12.32,,0,reviewed,ci,ci
1992-06-29T19:50:54.430Z,34.2411667,-116.7386667,-0.517,2.71,mc,34,130,,0.31,ci,ci3031721,2016-04-02T05:40:48.412Z,"10km ESE of Big Bear City, CA",earthquake,0.75,1.54,,22,reviewed,ci,ci
1992-06-29T19:41:14.160Z,33.8961667,-116.2908333,3.841,2.91,mc,32,50,,0.28,ci,ci3086392,2016-04-01T23:10:19.782Z,"12km NE of Thousand Palms, CA",earthquake,0.6,0.76,,26,reviewed,ci,ci
1992-06-29T19:39:48.470Z,34.343,-116.475,4.976,2.83,mc,0,225.8,,0.265,ci,ci3031717,2016-02-09T20:38:05.688Z,"26km N of Yucca Valley, California",earthquake,,,,7,reviewed,ci,ci
1992-06-29T19:38:07.060Z,33.879,-116.315,4.461,2.61,mc,0,161.3,,0.141,ci,ci3031716,2016-02-10T00:20:58.663Z,"10km NE of Thousand Palms, California",earthquake,,0.407,,5,reviewed,ci,ci
1992-06-29T19:37:41.320Z,34.0205,-116.3678333,5.175,2.5,mh,9,201,,0.16,ci,ci12179971,2016-02-09T20:38:04.430Z,"12km SSE of Yucca Valley, California",earthquake,1.21,31.61,,0,reviewed,ci,ci
1992-06-29T19:28:15.500Z,34.143,-116.816,2.222,2.86,mc,0,58.7,,0.17,ci,ci3031715,2016-02-09T20:38:02.039Z,"13km SSE of Big Bear City, California",earthquake,,0.331,,50,reviewed,ci,ci
1992-06-29T19:23:20.040Z,34.166,-116.772,6.63,3.96,ml,0,105.3,,0.188,ci,ci3031713,2016-02-10T14:31:59.130Z,"12km SSE of Big Bear City, California",earthquake,,1.136,,25,reviewed,ci,ci
1992-06-29T19:15:04.710Z,34.4908333,-116.4571667,4.8,2.9,mh,27,120,,0.28,ci,ci3031712,2016-04-02T15:16:02.534Z,"37km SW of Ludlow, CA",earthquake,0.88,3.2,,0,reviewed,ci,ci
1992-06-29T19:11:43.560Z,34.1606667,-116.4511667,5.242,2.5,mh,17,177,,0.21,ci,ci12179959,2016-02-09T20:38:00.703Z,"6km NNW of Yucca Valley, California",earthquake,0.96,15.23,,0,reviewed,ci,ci
1992-06-29T19:10:30.880Z,33.892,-116.2763333,3.571,3.11,ml,20,52,,0.22,ci,ci3031710,2016-04-02T05:40:45.646Z,"13km NE of Thousand Palms, CA",earthquake,0.48,0.72,,13,reviewed,ci,ci
1992-06-29T19:10:12.090Z,34.0643333,-116.3736667,1.658,2.5,mh,16,129,,0.24,ci,ci12179955,2016-02-09T20:37:58.233Z,"8km SE of Yucca Valley, California",earthquake,0.63,1.16,,0,reviewed,ci,ci
1992-06-29T19:05:43.230Z,34.0441667,-116.3611667,2.211,2.5,mh,9,224,0.1081,0.21,ci,ci12179951,2016-02-10T07:29:57.877Z,"10km SE of Yucca Valley, California",earthquake,1.74,1.12,,0,reviewed,ci,ci
1992-06-29T19:05:25.200Z,34.5751667,-116.532,4.822,2.88,mc,15,156,0.3331,0.14,ci,ci3031709,2016-02-09T20:37:56.992Z,"38km WSW of Ludlow, California",earthquake,0.68,16.04,,30,reviewed,ci,ci
1992-06-29T18:59:30.510Z,33.8893333,-116.2896667,5.101,2.55,mc,16,58,,0.31,ci,ci3031706,2016-04-02T05:40:44.258Z,"12km NE of Thousand Palms, CA",earthquake,0.71,0.92,,9,reviewed,ci,ci
1992-06-29T18:52:31.680Z,34.3183333,-116.4625,2.274,2.88,mc,32,61,,0.18,ci,ci3031705,2016-04-02T18:25:00.062Z,"23km N of Yucca Valley, CA",earthquake,0.55,1.36,,29,reviewed,ci,ci
1992-06-29T18:40:13.680Z,34.182,-116.406,1.533,2.5,mh,0,93,,0.211,ci,ci3086388,2016-02-10T03:57:52.325Z,"8km NNE of Yucca Valley, California",earthquake,,0.738,,0,reviewed,ci,ci
1992-06-29T18:39:47.890Z,34.216,-116.772,3.957,2.64,mc,39,58,,0.19,ci,ci3031701,2016-04-02T15:16:01.323Z,"8km SE of Big Bear City, CA",earthquake,0.4,2.09,,37,reviewed,ci,ci
1992-06-29T18:35:09.170Z,34.6186667,-116.617,0.174,3.23,ml,36,149,,0.22,ci,ci3031700,2016-04-02T18:24:57.505Z,"38km ENE of Lucerne Valley, CA",earthquake,0.62,1.73,,18,reviewed,ci,ci
1992-06-29T18:30:34.150Z,34.1925,-116.8138333,-0.133,2.74,mc,29,88,,0.16,ci,ci3031699,2016-04-01T19:55:55.681Z,"8km SSE of Big Bear City, CA",earthquake,0.47,0.83,,25,reviewed,ci,ci
1992-06-29T18:27:08.990Z,34.1806667,-116.8293333,1.732,2.63,mc,34,81,,0.16,ci,ci3031698,2016-04-02T05:40:42.936Z,"9km S of Big Bear City, CA",earthquake,0.37,0.81,,55,reviewed,ci,ci
1992-06-29T18:25:51.280Z,33.8813333,-116.2825,3.621,2.5,mh,13,96,0.06824,0.24,ci,ci12179923,2016-02-09T20:37:51.359Z,"12km NE of Thousand Palms, California",earthquake,0.65,0.81,,0,reviewed,ci,ci
1992-06-29T18:24:40.970Z,34.6205,-116.6703333,-1.183,3.09,ml,62,77,,0.36,ci,ci3031697,2016-04-02T12:06:40.943Z,"34km NE of Lucerne Valley, CA",earthquake,0.69,1.9,,17,reviewed,ci,ci
1992-06-29T18:21:16.220Z,33.8988333,-116.2885,3.181,2.7,mc,14,79,0.07902,0.19,ci,ci3076177,2016-04-02T15:16:06.708Z,"13km NE of Thousand Palms, CA",earthquake,0.51,0.75,,13,reviewed,ci,ci
1992-06-29T18:20:40.040Z,34.259,-116.749,-0.873,2.87,mc,0,139.8,,0.127,ci,ci3031694,2016-02-10T07:29:53.763Z,"9km E of Big Bear City, California",earthquake,,0.632,,41,reviewed,ci,ci
1992-06-29T18:15:32.310Z,34.2275,-116.7498333,1.779,2.61,mc,14,139,,0.15,ci,ci3031693,2016-04-02T08:51:06.354Z,"10km ESE of Big Bear City, CA",earthquake,0.75,1.23,,14,reviewed,ci,ci
1992-06-29T18:08:38.260Z,34.0836667,-116.3876667,3.703,2.87,mc,32,91,,0.25,ci,ci3031691,2016-04-02T12:06:39.424Z,"5km SE of Yucca Valley, CA",earthquake,0.56,1.33,,58,reviewed,ci,ci
1992-06-29T18:06:09.220Z,34.4053333,-116.5136667,-1.446,3.29,ml,61,61,,0.31,ci,ci3031687,2016-04-02T18:24:54.854Z,"33km NNW of Yucca Valley, CA",earthquake,0.61,1.38,,18,reviewed,ci,ci
1992-06-29T17:55:09.280Z,34.356,-116.4183333,0.308,3,mh,39,73,,0.25,ci,ci3076174,2016-04-02T16:51:42.568Z,"26km NNW of Joshua Tree, CA",earthquake,0.54,1.39,,0,reviewed,ci,ci
1992-06-29T17:52:09.150Z,34.021,-116.36,2.976,3.51,ml,0,87.2,,0.217,ci,ci3031684,2016-02-10T21:44:19.448Z,"12km SSE of Yucca Valley, California",earthquake,,0.495,,17,reviewed,ci,ci
1992-06-29T17:42:11.510Z,34.5923333,-116.6248333,4.253,3.25,ml,33,75,,0.17,ci,ci3031680,2016-04-02T12:06:38.015Z,"36km ENE of Lucerne Valley, CA",earthquake,0.47,18.76,,21,reviewed,ci,ci
1992-06-29T17:30:02.880Z,35.7088333,-117.5625,12.695,2.84,mc,18,152,0.1104,0.17,ci,ci3031679,2016-04-02T05:40:36.827Z,"14km NE of Ridgecrest, CA",earthquake,0.66,1.15,,40,reviewed,ci,ci
1992-06-29T17:13:48.330Z,34.5931667,-116.673,4.796,2.53,mc,15,99,,0.39,ci,ci3076073,2016-02-10T07:29:47.457Z,"32km ENE of Lucerne Valley, California",earthquake,1.21,29.77,,6,reviewed,ci,ci
1992-06-29T17:13:16.430Z,34.5826667,-116.6158333,2.956,3,ml,35,67,,0.22,ci,ci3031676,2016-04-01T23:11:12.906Z,"36km ENE of Lucerne Valley, CA",earthquake,0.46,2.51,,16,reviewed,ci,ci
1992-06-29T17:11:14.040Z,33.8926667,-116.2863333,2.321,3.67,ml,34,96,,0.17,ci,ci3076029,2016-04-02T15:16:05.429Z,"12km NE of Thousand Palms, CA",earthquake,0.47,0.7,,15,reviewed,ci,ci
1992-06-29T17:10:45.000Z,33.978,-116.313,6.773,2.6,ml,0,102.6,0.07041,0.238,ci,ci3076028,2016-02-10T11:05:30.940Z,"17km S of Joshua Tree, California",earthquake,,1.622,,7,reviewed,ci,ci
1992-06-29T17:09:16.520Z,34.393,-116.4658333,2.04,3.4,ml,26,98,,0.17,ci,ci3031675,2016-04-02T08:51:02.379Z,"31km N of Yucca Valley, CA",earthquake,0.58,1.76,,19,reviewed,ci,ci
1992-06-29T17:02:20.560Z,34.5111667,-116.5141667,2.827,3.03,ml,16,122,0.302,0.17,ci,ci3076079,2016-04-02T08:51:07.713Z,"40km SW of Ludlow, CA",earthquake,0.87,4.98,,3,reviewed,ci,ci
1992-06-29T17:02:01.530Z,33.8895,-116.2791667,0.397,3.25,ml,33,51,,0.25,ci,ci3031673,2016-04-01T19:55:52.936Z,"13km NE of Thousand Palms, CA",earthquake,0.51,1.12,,10,reviewed,ci,ci
1992-06-29T16:49:26.020Z,34.966,-116.934,0.423,3.04,ml,0,84.7,0.08642,0.313,ci,ci3097505,2016-02-10T21:44:15.767Z,"11km NE of Barstow, California",earthquake,,1.64,,6,reviewed,ci,ci
1992-06-29T16:49:22.960Z,33.919,-116.266,-0.497,2.5,mh,0,85.1,0.09828,0.207,ci,ci3031670,2016-04-01T19:55:51.427Z,"16km NE of Thousand Palms, CA",earthquake,,2.328,,0,reviewed,ci,ci
1992-06-29T16:46:06.990Z,33.866,-116.32,-0.219,3.02,ml,0,74.6,,0.192,ci,ci3031669,2016-02-09T20:37:44.327Z,"8km NE of Thousand Palms, California",earthquake,,0.609,,11,reviewed,ci,ci
1992-06-29T16:45:41.340Z,34.5631667,-116.5251667,1.817,2.83,mc,28,109,0.3293,0.26,ci,ci3031667,2016-02-10T18:04:42.034Z,"38km WSW of Ludlow, California",earthquake,0.72,3.1,,12,reviewed,ci,ci
1992-06-29T16:44:46.320Z,33.9056667,-116.2791667,0.393,2.5,mh,16,81,,0.19,ci,ci3032608,2016-04-01T23:10:41.930Z,"14km NE of Thousand Palms, CA",earthquake,0.55,1.17,,0,reviewed,ci,ci
1992-06-29T16:41:41.930Z,34.249,-116.719,-0.003,4.64,ml,0,62.5,,0.193,ci,ci3031666,2016-02-10T21:44:14.063Z,"12km E of Big Bear City, California",earthquake,,0.375,,13,reviewed,ci,ci
1992-06-29T16:39:43.040Z,33.9063333,-116.2976667,4.068,2.52,mc,8,83,0.07672,0.17,ci,ci3031663,2016-04-02T05:40:35.469Z,"13km NE of Thousand Palms, CA",earthquake,0.69,0.89,,4,reviewed,ci,ci
1992-06-29T16:25:29.550Z,34.0795,-116.4263333,0.276,4.25,ml,65,71,,0.38,ci,ci3031661,2016-04-02T18:24:53.335Z,"4km S of Yucca Valley, CA",earthquake,0.67,1.39,,21,reviewed,ci,ci
1992-06-29T16:24:57.140Z,33.8575,-116.2698333,1.781,2.89,ml,19,71,,0.25,ci,ci3076015,2016-04-01T23:11:19.765Z,"12km ENE of Thousand Palms, CA",earthquake,0.61,1.1,,4,reviewed,ci,ci
1992-06-29T16:19:59.050Z,33.8545,-116.2668333,0.201,3.55,ml,47,55,,0.25,ci,ci3031658,2016-04-02T05:40:09.697Z,"12km ENE of Thousand Palms, CA",earthquake,0.48,1.04,,14,reviewed,ci,ci
1992-06-29T16:18:09.790Z,33.892,-116.285,0.318,2.85,mc,0,102.9,,0.21,ci,ci3031657,2016-02-10T14:31:47.504Z,"13km NE of Thousand Palms, California",earthquake,,0.918,,16,reviewed,ci,ci
1992-06-29T16:15:06.180Z,33.895,-116.29,1.351,3.41,ml,0,53.3,,0.252,ci,ci3031656,2016-02-10T03:57:47.301Z,"12km NE of Thousand Palms, California",earthquake,,0.405,,10,reviewed,ci,ci
1992-06-29T16:10:53.970Z,34.1188333,-116.9901667,3.33,3.09,ml,48,30,,0.22,ci,ci3075997,2016-04-01T23:11:18.259Z,"11km NNE of Yucaipa, CA",earthquake,0.36,0.74,,16,reviewed,ci,ci
1992-06-29T16:10:00.530Z,33.905,-116.3105,8.748,3,mh,13,144,0.06771,0.26,ci,ci12179839,2016-02-09T20:37:40.308Z,"12km NE of Thousand Palms, California",earthquake,1.01,1.62,,0,reviewed,ci,ci
1992-06-29T16:09:43.580Z,33.9015,-116.2958333,-0.431,2.8,mh,24,81,,0.27,ci,ci3031653,2016-02-10T21:44:08.132Z,"13km NE of Thousand Palms, California",earthquake,0.46,1.02,,0,reviewed,ci,ci
1992-06-29T16:07:36.830Z,33.8616667,-116.2658333,-0.289,2.95,ml,21,54,,0.21,ci,ci3031650,2016-04-02T15:15:47.138Z,"12km ENE of Thousand Palms, CA",earthquake,0.46,1.26,,7,reviewed,ci,ci
1992-06-29T16:01:42.790Z,33.8725,-116.268,0.691,4.83,ml,61,54,,0.28,ci,ci3031649,2022-04-28T18:45:52.330Z,"13km ENE of Thousand Palms, CA",earthquake,0.44,0.83,,8,reviewed,ci,ci
1992-06-29T15:59:35.530Z,34.412,-116.509,-0.313,3.02,ml,0,157.8,,0.173,ci,ci3031648,2016-02-10T07:29:37.917Z,"34km NNW of Yucca Valley, California",earthquake,,1.87,,16,reviewed,ci,ci
1992-06-29T15:58:38.830Z,34.192,-116.81,0.952,2.74,mc,0,88.8,,0.216,ci,ci3031647,2016-02-10T07:29:35.960Z,"8km SSE of Big Bear City, California",earthquake,,0.412,,21,reviewed,ci,ci
1992-06-29T15:55:41.570Z,34.0981667,-116.7551667,8.455,3.06,ml,60,53,,0.27,ci,ci3031646,2016-04-02T02:27:10.418Z,"17km WNW of Morongo Valley, CA",earthquake,0.46,0.88,,16,reviewed,ci,ci
1992-06-29T15:53:00.910Z,34.1043333,-116.4153333,-0.527,2.5,mh,19,93,,0.26,ci,ci3032105,2016-04-02T08:50:55.941Z,"2km SE of Yucca Valley, CA",earthquake,0.63,1.5,,0,reviewed,ci,ci
1992-06-29T15:48:53.920Z,34.1958333,-116.8141667,1.187,2.5,mh,9,97,,0.08,ci,ci12179819,2016-02-10T11:05:22.771Z,"8km SSE of Big Bear City, California",earthquake,0.57,0.97,,0,reviewed,ci,ci
1992-06-29T15:46:58.200Z,34.112,-116.412,3.003,3.33,ml,0,74.7,,0.194,ci,ci3031644,2016-02-10T21:44:04.305Z,"2km E of Yucca Valley, California",earthquake,,0.405,,20,reviewed,ci,ci
1992-06-29T15:40:43.610Z,33.872,-116.266,0.411,2.86,mc,0,74.8,,0.2,ci,ci3031643,2016-02-10T03:57:40.496Z,"13km ENE of Thousand Palms, California",earthquake,,0.51,,28,reviewed,ci,ci
1992-06-29T15:39:34.370Z,34.1741667,-116.8091667,3.262,2.54,mc,32,83,,0.15,ci,ci3072377,2016-02-10T14:31:45.089Z,"10km SSE of Big Bear City, California",earthquake,0.36,0.78,,16,reviewed,ci,ci
1992-06-29T15:37:36.610Z,34.5226667,-116.5158333,-1.066,3.59,ml,66,85,,0.36,ci,ci3072376,2016-04-02T05:39:13.265Z,"39km SW of Ludlow, CA",earthquake,0.68,1.84,,21,reviewed,ci,ci
1992-06-29T15:36:36.510Z,33.8688333,-116.2736667,-0.359,3.15,ml,55,59,,0.26,ci,ci3031642,2016-04-02T02:27:07.178Z,"12km ENE of Thousand Palms, CA",earthquake,0.46,1.06,,14,reviewed,ci,ci
1992-06-29T15:31:52.680Z,34.9898333,-116.9463333,0.904,2.99,ml,12,162,,0.16,ci,ci3031641,2016-04-02T12:06:31.512Z,"12km NE of Barstow, CA",earthquake,0.75,0.9,,4,reviewed,ci,ci
1992-06-29T15:26:17.740Z,34.1825,-116.448,6.638,2.98,ml,28,133,,0.24,ci,ci3031639,2016-04-02T15:15:45.803Z,"8km N of Yucca Valley, CA",earthquake,0.74,2.07,,5,reviewed,ci,ci
1992-06-29T15:22:21.320Z,34.951,-116.892,3.094,2.81,mc,0,237.5,,0.301,ci,ci3031637,2016-02-10T07:29:33.253Z,"13km ENE of Barstow, California",earthquake,,1.01,,8,reviewed,ci,ci
1992-06-29T15:21:34.360Z,34.4066667,-116.4893333,2.222,2.5,mh,24,99,,0.22,ci,ci3031636,2016-04-02T08:50:51.355Z,"33km N of Yucca Valley, CA",earthquake,0.72,2.35,,0,reviewed,ci,ci
1992-06-29T15:18:43.300Z,34.2251667,-116.7461667,1.707,3.74,ml,52,96,,0.18,ci,ci3031635,2016-04-02T12:06:30.153Z,"10km ESE of Big Bear City, CA",earthquake,0.39,0.87,,18,reviewed,ci,ci
1992-06-29T15:11:29.340Z,34.617,-116.508,4.485,3.07,mc,0,95.2,,0.149,ci,ci3031634,2016-02-10T00:20:46.061Z,"34km WSW of Ludlow, California",earthquake,,,,9,reviewed,ci,ci
1992-06-29T15:08:38.280Z,34.233,-116.783,0.707,2.5,mh,24,113,,0.17,ci,ci3031629,2016-04-01T23:10:53.367Z,"6km ESE of Big Bear City, CA",earthquake,0.49,1.17,,0,reviewed,ci,ci
1992-06-29T15:07:58.640Z,34.1065,-116.9341667,0.992,2.5,mh,4,239,0.01541,0,ci,ci12179799,2016-02-10T14:31:39.575Z,"13km NE of Yucaipa, California",earthquake,2.96,1.26,,0,reviewed,ci,ci
1992-06-29T15:06:52.290Z,34.124,-116.858,-0.423,2.91,ml,0,123.7,,0.207,ci,ci3031627,2016-02-10T14:31:38.390Z,"14km SSE of Big Bear Lake, California",earthquake,,0.991,,7,reviewed,ci,ci
1992-06-29T15:05:26.820Z,34.0908333,-116.4188333,3.903,2.96,ml,34,85,,0.23,ci,ci3031626,2016-04-02T08:50:49.351Z,"3km SSE of Yucca Valley, CA",earthquake,0.51,1.14,,5,reviewed,ci,ci
1992-06-29T14:55:22.350Z,33.8746667,-116.276,0.271,3.56,ml,26,67,,0.23,ci,ci3032239,2016-04-02T02:26:05.563Z,"12km ENE of Thousand Palms, CA",earthquake,0.49,0.9,,17,reviewed,ci,ci
1992-06-29T14:54:06.870Z,34.103,-116.418,3.171,4.24,ml,0,58.5,,0.205,ci,ci3031625,2016-02-10T18:04:35.842Z,"2km SE of Yucca Valley, California",earthquake,,0.476,,17,reviewed,ci,ci
1992-06-29T14:44:46.570Z,34.1346667,-116.399,5.591,3.07,ml,29,96,,0.32,ci,ci3031624,2016-04-02T15:13:54.803Z,"4km NE of Yucca Valley, CA",earthquake,0.73,3.65,,15,reviewed,ci,ci
1992-06-29T14:44:10.350Z,34.2181667,-116.838,2.949,2.5,mh,11,188,,0.13,ci,ci12179791,2016-02-10T07:29:32.031Z,"5km S of Big Bear City, California",earthquake,0.59,0.85,,0,reviewed,ci,ci
1992-06-29T14:43:22.950Z,34.1221667,-116.9806667,3.053,2.62,ml,16,108,,0.19,ci,ci3031745,2016-04-02T12:05:46.005Z,"11km NNE of Yucaipa, CA",earthquake,0.6,0.71,,5,reviewed,ci,ci
1992-06-29T14:41:26.040Z,34.111,-116.9968333,3.311,4.59,ml,61,56,,0.29,ci,ci3031622,2016-04-01T23:08:39.352Z,"10km NNE of Yucaipa, CA",earthquake,0.45,0.98,,20,reviewed,ci,ci
1992-06-29T14:40:19.290Z,34.0925,-116.4231667,3.935,2.87,ml,20,100,,0.2,ci,ci3031621,2016-04-01T19:53:33.738Z,"3km SSE of Yucca Valley, CA",earthquake,0.66,1.35,,3,reviewed,ci,ci
1992-06-29T14:37:42.860Z,34.2631667,-116.6021667,5.496,2.5,mh,18,120,0.8424,1.74,ci,ci3031620,2016-02-10T00:20:40.500Z,"22km E of Big Bear City, California",earthquake,2.97,31.61,,0,reviewed,ci,ci
1992-06-29T14:35:57.730Z,34.095,-116.403,3.843,2.5,mh,21,100,,0.23,ci,ci12179775,2016-02-10T00:20:39.143Z,"3km SE of Yucca Valley, California",earthquake,0.54,0.98,,0,reviewed,ci,ci
1992-06-29T14:35:27.220Z,34.5795,-116.6763333,4.513,2.5,mh,15,200,,0.39,ci,ci12179779,2016-02-10T21:44:01.565Z,"31km ENE of Lucerne Valley, California",earthquake,1.86,29.74,,0,reviewed,ci,ci
1992-06-29T14:34:53.210Z,34.0856667,-116.3876667,3.193,2.8,mh,15,116,,0.14,ci,ci12179771,2016-02-10T03:57:36.488Z,"5km SE of Yucca Valley, California",earthquake,0.44,0.75,,0,reviewed,ci,ci
1992-06-29T14:34:16.580Z,34.6395,-116.6563333,4.384,3.41,ml,24,121,0.3143,0.17,ci,ci3031619,2016-04-01T23:08:37.339Z,"36km NE of Lucerne Valley, CA",earthquake,0.71,18.97,,16,reviewed,ci,ci
1992-06-29T14:33:49.690Z,34.0405,-116.3745,2.605,2.5,mh,8,120,0.1032,0.27,ci,ci12179767,2016-02-10T21:44:00.404Z,"10km SSE of Yucca Valley, California",earthquake,1.21,1.22,,0,reviewed,ci,ci
1992-06-29T14:33:13.740Z,33.882,-116.259,5.951,3,mh,0,121.5,,0.149,ci,ci3086337,2016-04-02T05:39:45.709Z,"14km ENE of Thousand Palms, CA",earthquake,,2.348,,0,reviewed,ci,ci
1992-06-29T14:32:35.790Z,34.113,-116.407,3.551,3.6,ml,0,128.5,0.1765,0.19,ci,ci3086333,2016-02-09T20:37:35.439Z,"2km E of Yucca Valley, California",earthquake,,0.758,,15,reviewed,ci,ci
1992-06-29T14:31:30.360Z,34.081,-116.386,4.173,4.64,ml,0,72.7,,0.189,ci,ci3031618,2016-02-10T14:31:35.871Z,"6km SE of Yucca Valley, California",earthquake,,0.991,,20,reviewed,ci,ci
1992-06-29T14:30:45.640Z,34.0856667,-116.381,0.747,2.87,ml,33,84,,0.2,ci,ci3086329,2016-04-02T18:24:06.519Z,"6km SE of Yucca Valley, CA",earthquake,0.48,1.14,,17,reviewed,ci,ci
1992-06-29T14:21:48.850Z,34.0966667,-116.428,1.886,3.31,ml,24,102,,0.25,ci,ci3075856,2016-04-02T18:25:04.128Z,"2km S of Yucca Valley, CA",earthquake,0.66,1.26,,9,reviewed,ci,ci
1992-06-29T14:21:37.150Z,34.3838333,-116.7086667,4.45,2.5,mh,10,218,0.2027,0.36,ci,ci12179751,2016-02-10T03:57:34.711Z,"18km NE of Big Bear City, California",earthquake,2.53,31.47,,0,reviewed,ci,ci
1992-06-29T14:21:14.920Z,34.116,-116.3886667,2.347,2.5,mh,14,193,0.1784,0.24,ci,ci12179755,2016-02-10T18:04:32.215Z,"4km E of Yucca Valley, California",earthquake,0.81,1.65,,0,reviewed,ci,ci
1992-06-29T14:15:20.750Z,34.0891667,-116.3796667,0.101,2.5,mh,14,72,0.1516,0.34,ci,ci12179743,2016-02-10T11:05:16.318Z,"6km ESE of Yucca Valley, California",earthquake,0.86,2.01,,0,reviewed,ci,ci
1992-06-29T14:13:38.770Z,34.1045,-116.39,11.191,5.08,mc,99,71,,0.45,ci,ci3031615,2022-04-28T18:45:51.317Z,"4km ESE of Yucca Valley, CA",earthquake,0.76,0.95,,94,reviewed,ci,ci
1992-06-29T14:12:06.320Z,34.104,-116.4,6.313,4.18,ml,0,58.5,,0.201,ci,ci3031936,2016-02-10T11:05:15.080Z,"3km ESE of Yucca Valley, California",earthquake,,2.415,,13,reviewed,ci,ci
1992-06-29T14:08:37.730Z,34.105,-116.403,9.649,5.69,ml,0,89.3,,0.272,ci,ci3031935,2021-03-09T23:59:32.821Z,"3km ESE of Yucca Valley, California",earthquake,,0.801,,12,reviewed,ci,ci
1992-06-29T14:07:38.270Z,34.2341667,-116.7581667,0.867,2.87,ml,42,75,,0.25,ci,ci3032004,2016-04-02T08:50:46.597Z,"8km ESE of Big Bear City, CA",earthquake,0.45,1.17,,16,reviewed,ci,ci
1992-06-29T14:01:50.400Z,34.936,-116.932,5.099,2.72,mc,0,210.8,0.3793,0.299,ci,ci3031613,2016-02-10T14:31:31.958Z,"9km ENE of Barstow, California",earthquake,,,,35,reviewed,ci,ci
1992-06-29T13:59:10.770Z,34.5715,-116.5556667,-1.098,3.1,ml,61,140,,0.45,ci,ci3031612,2016-04-02T02:24:48.435Z,"40km WSW of Ludlow, CA",earthquake,0.93,2.38,,22,reviewed,ci,ci
1992-06-29T13:55:12.530Z,34.1881667,-116.422,-1.214,2.5,mh,16,106,,0.2,ci,ci3031611,2016-04-02T18:22:42.233Z,"8km N of Yucca Valley, CA",earthquake,0.75,1.45,,0,reviewed,ci,ci
1992-06-29T13:48:36.270Z,34.432,-116.485,4.687,2.72,mc,0,79.4,,0.289,ci,ci3031606,2016-02-10T14:31:29.337Z,"36km N of Yucca Valley, California",earthquake,,,,13,reviewed,ci,ci
1992-06-29T13:46:50.220Z,34.4116667,-116.4671667,4.843,2.5,mh,14,100,,0.24,ci,ci3031605,2016-04-02T08:48:29.522Z,"33km N of Yucca Valley, CA",earthquake,0.72,31.61,,0,reviewed,ci,ci
1992-06-29T13:37:06.930Z,34.159,-116.447,5.207,2.97,mc,0,198.2,,0.206,ci,ci3031604,2016-02-10T00:20:36.495Z,"5km NNW of Yucca Valley, California",earthquake,,,,11,reviewed,ci,ci
1992-06-29T13:33:36.780Z,34.51,-116.5473333,-0.02,2.5,mh,15,82,,0.2,ci,ci3031603,2016-04-02T05:38:12.617Z,"39km NE of Big Bear City, CA",earthquake,0.6,1.52,,0,reviewed,ci,ci
1992-06-29T13:25:08.440Z,34.146,-116.477,0.484,3.05,ml,0,205.3,,0.242,ci,ci3031600,2016-02-10T00:20:33.895Z,"5km NW of Yucca Valley, California",earthquake,,2.556,,7,reviewed,ci,ci
1992-06-29T13:21:06.360Z,34.3735,-116.4776667,2.574,2.5,mh,18,163,0.1799,0.17,ci,ci12179715,2016-02-10T21:43:55.197Z,"29km N of Yucca Valley, California",earthquake,0.59,0.9,,0,reviewed,ci,ci
1992-06-29T13:20:03.590Z,34.642,-116.488,4.975,4.22,ml,0,171.2,,0.288,ci,ci3032289,2016-02-10T18:04:29.689Z,"31km WSW of Ludlow, California",earthquake,,,,20,reviewed,ci,ci
1992-06-29T13:19:34.430Z,34.2648333,-116.7453333,-1.297,3.1,ml,49,123,,0.19,ci,ci3031599,2016-04-02T18:22:40.891Z,"9km E of Big Bear City, CA",earthquake,0.44,1.01,,21,reviewed,ci,ci
1992-06-29T13:17:11.780Z,34.199,-116.821,0.007,2.5,mh,0,60.5,,0.176,ci,ci3031598,2016-02-10T03:57:32.058Z,"7km SSE of Big Bear City, California",earthquake,,0.273,,0,reviewed,ci,ci
1992-06-29T13:09:27.340Z,34.2163333,-116.7718333,4.302,2.5,mh,7,110,0.1392,0.24,ci,ci12179703,2016-02-10T00:20:32.615Z,"8km SE of Big Bear City, California",earthquake,1.14,20.5,,0,reviewed,ci,ci
1992-06-29T13:08:32.400Z,34.0515,-116.3566667,2.986,3.91,ml,36,100,,0.23,ci,ci3031594,2016-04-02T12:04:53.341Z,"10km SE of Yucca Valley, CA",earthquake,0.52,1.1,,16,reviewed,ci,ci
1992-06-29T13:07:36.280Z,34.11,-116.415,4.091,2.64,mc,0,95.2,,0.178,ci,ci3086312,2016-02-10T00:20:31.399Z,"2km ESE of Yucca Valley, California",earthquake,,1.014,,33,reviewed,ci,ci
1992-06-29T13:07:07.260Z,34.059,-116.353,3.447,2.61,mc,0,93.2,,0.2,ci,ci3031593,2016-02-10T21:43:52.485Z,"9km SSW of Joshua Tree, California",earthquake,,0.84,,45,reviewed,ci,ci
1992-06-29T13:04:44.030Z,34.007,-117.156,2.447,3.25,ml,0,60.1,0.04601,0.187,ci,ci3031592,2016-02-10T14:31:23.962Z,"6km SSE of Redlands, California",earthquake,,0.227,,22,reviewed,ci,ci
1992-06-29T13:01:23.510Z,34.012,-117.151,4.024,3.56,ml,0,27.9,,0.229,ci,ci3031591,2016-02-10T07:29:23.666Z,"6km SSE of Redlands, California",earthquake,,0.176,,19,reviewed,ci,ci
1992-06-29T12:59:32.270Z,34.6203333,-116.6673333,4.395,2.8,mh,25,118,,0.26,ci,ci12179687,2016-02-10T11:05:06.318Z,"34km NE of Lucerne Valley, California",earthquake,0.65,22.25,,0,reviewed,ci,ci
1992-06-29T12:58:58.540Z,34.1448333,-116.4631667,1.491,2.89,mc,27,147,,0.35,ci,ci3075836,2016-04-02T18:25:02.859Z,"4km NW of Yucca Valley, CA",earthquake,0.86,1.58,,35,reviewed,ci,ci
1992-06-29T12:58:49.960Z,34.5515,-116.5448333,4.257,2.5,mh,17,160,,0.23,ci,ci12179691,2016-02-10T07:29:22.223Z,"40km WSW of Ludlow, California",earthquake,1.15,22.22,,0,reviewed,ci,ci
1992-06-29T12:56:04.060Z,34.2533333,-116.7481667,-0.793,2.88,mc,31,138,,0.24,ci,ci3032131,2016-04-02T18:25:09.307Z,"9km E of Big Bear City, CA",earthquake,0.51,1.13,,62,reviewed,ci,ci
1992-06-29T12:55:08.540Z,34.3295,-116.6443333,-1.373,2.87,mc,24,140,,0.15,ci,ci3032132,2016-04-02T08:51:21.661Z,"20km ENE of Big Bear City, CA",earthquake,0.53,0.93,,21,reviewed,ci,ci
1992-06-29T12:54:15.680Z,34.542,-116.223,4.759,3.46,ml,0,94.8,,0.275,ci,ci3031588,2016-02-10T11:05:02.234Z,"21km SSW of Ludlow, California",earthquake,,,,24,reviewed,ci,ci
1992-06-29T12:47:15.300Z,34.892,-116.855,0.438,2.67,mc,0,155.4,,0.222,ci,ci3031587,2016-02-10T18:04:28.436Z,"15km E of Barstow, California",earthquake,,4.333,,6,reviewed,ci,ci
1992-06-29T12:42:34.680Z,34.157,-116.882,-1.578,2.88,mc,0,64.2,,0.182,ci,ci3031586,2016-02-10T14:31:20.703Z,"10km SSE of Big Bear Lake, California",earthquake,,1.403,,41,reviewed,ci,ci
1992-06-29T12:42:31.010Z,34.9136667,-116.7135,-0.69,2.6,mh,40,107,,0.3,ci,ci3075832,2016-02-10T07:29:21.007Z,"28km E of Barstow, California",earthquake,0.71,1.77,,0,reviewed,ci,ci
1992-06-29T12:31:47.800Z,34.162,-116.843,5.09,2.7,mh,0,53.4,,0.168,ci,ci3031585,2016-02-10T00:20:29.608Z,"11km S of Big Bear City, California",earthquake,,3.754,,0,reviewed,ci,ci
1992-06-29T12:30:39.860Z,34.612,-116.62,4.853,2.8,mc,0,120.5,,0.221,ci,ci3031584,2016-02-10T18:04:27.220Z,"37km ENE of Lucerne Valley, California",earthquake,,,,9,reviewed,ci,ci
1992-06-29T12:25:55.240Z,34.2493333,-116.4351667,6.602,2.5,mh,12,124,,0.29,ci,ci3031583,2016-04-02T18:22:39.458Z,"15km N of Yucca Valley, CA",earthquake,1.01,3.96,,0,reviewed,ci,ci
1992-06-29T12:16:53.990Z,34.299,-116.845,0.343,3.29,ml,0,89.2,,0.187,ci,ci3031581,2016-02-09T20:37:31.694Z,"4km N of Big Bear City, California",earthquake,,0.482,,19,reviewed,ci,ci
1992-06-29T12:14:31.990Z,34.3391667,-116.4581667,5.657,3.36,ml,62,72,,0.41,ci,ci3031580,2016-04-02T08:48:28.237Z,"25km N of Yucca Valley, CA",earthquake,0.79,1.75,,21,reviewed,ci,ci
1992-06-29T12:10:20.100Z,35.1383333,-116.8398333,0.424,3.07,ml,32,180,,0.31,ci,ci3031577,2016-04-02T08:48:26.640Z,"20km SW of Fort Irwin, CA",earthquake,1.62,2.1,,6,reviewed,ci,ci
1992-06-29T12:07:47.160Z,34.6006667,-116.6511667,2.144,3.14,ml,34,144,,0.24,ci,ci3031576,2016-04-02T18:22:38.049Z,"34km ENE of Lucerne Valley, CA",earthquake,0.69,3,,10,reviewed,ci,ci
1992-06-29T12:06:22.300Z,34.5283333,-116.5708333,5.28,2.85,mc,25,175,,0.26,ci,ci3031575,2016-02-10T14:31:19.414Z,"38km ENE of Lucerne Valley, California",earthquake,1.03,2.59,,17,reviewed,ci,ci
1992-06-29T12:01:29.430Z,34.362,-116.4603333,5.186,2.5,mh,6,203,0.4258,0.11,ci,ci12179667,2016-02-10T11:04:56.942Z,"28km N of Yucca Valley, California",earthquake,0.9,2.9,,0,reviewed,ci,ci
1992-06-29T12:00:37.980Z,34.5776667,-116.642,4.798,2.5,mh,5,183,0.2934,0.22,ci,ci12179663,2016-02-10T21:43:42.516Z,"33km ENE of Lucerne Valley, California",earthquake,1.79,20.79,,0,reviewed,ci,ci
1992-06-29T12:00:31.320Z,34.2945,-116.4003333,5.825,2.5,mh,8,121,0.3466,0.42,ci,ci3031570,2016-02-10T21:43:41.338Z,"20km NNW of Joshua Tree, California",earthquake,1.66,7.09,,0,reviewed,ci,ci
1992-06-29T11:56:46.130Z,34.1695,-116.81,13.77,2.5,mh,18,99,,0.13,ci,ci12179659,2016-02-10T18:04:25.624Z,"11km SSE of Big Bear City, California",earthquake,0.42,0.63,,0,reviewed,ci,ci
1992-06-29T11:54:51.460Z,34.093,-116.415,2.147,2.83,mc,0,140.7,,0.236,ci,ci3031568,2016-02-10T07:29:19.347Z,"3km SE of Yucca Valley, California",earthquake,,1.317,,34,reviewed,ci,ci
1992-06-29T11:49:17.740Z,34.09,-116.389,3.391,3.39,ml,0,99.4,,0.229,ci,ci3031566,2016-02-10T18:04:23.763Z,"5km SE of Yucca Valley, California",earthquake,,0.478,,20,reviewed,ci,ci
1992-06-29T11:46:05.790Z,34.631,-116.5468333,-1.468,2.5,mh,23,204,0.3653,0.27,ci,ci12179647,2016-02-10T21:43:40.125Z,"37km WSW of Ludlow, California",earthquake,0.82,1.85,,0,reviewed,ci,ci
1992-06-29T11:44:56.820Z,34.601,-116.615,4.816,4.47,ml,0,88.5,,0.27,ci,ci3101638,2016-02-10T11:04:55.270Z,"37km ENE of Lucerne Valley, California",earthquake,,,,14,reviewed,ci,ci
1992-06-29T11:44:47.500Z,34.196,-116.791,-0.627,2.5,mh,0,58.5,,0.244,ci,ci3031565,2016-04-02T05:38:10.734Z,"9km SE of Big Bear City, CA",earthquake,,0.548,,0,reviewed,ci,ci
1992-06-29T11:35:20.450Z,34.183,-116.417,-0.768,3.69,ml,0,62.9,,0.194,ci,ci3031563,2016-02-10T03:57:28.207Z,"8km N of Yucca Valley, California",earthquake,,0.828,,21,reviewed,ci,ci
1992-06-29T11:28:00.480Z,34.3875,-116.4793333,4.894,2.94,mc,19,165,0.2906,0.28,ci,ci3031561,2016-04-02T07:13:04.553Z,"31km N of Yucca Valley, CA",earthquake,0.88,2.1,,63,reviewed,ci,ci
1992-06-29T11:13:18.780Z,34.2415,-116.7311667,7.023,4,ml,111,61,,0.36,ci,ci3031559,2016-04-02T02:24:45.079Z,"11km ESE of Big Bear City, CA",earthquake,0.47,0.74,,16,reviewed,ci,ci
1992-06-29T11:12:31.520Z,34.0608333,-116.3663333,5.29,2.5,mh,11,116,,0.47,ci,ci12179635,2016-02-10T00:20:28.183Z,"8km SE of Yucca Valley, California",earthquake,0.94,39.98,,0,reviewed,ci,ci
1992-06-29T11:07:06.570Z,34.4985,-116.531,-0.279,4.17,ml,69,138,,0.39,ci,ci3101481,2016-04-02T05:39:03.918Z,"39km NE of Big Bear City, CA",earthquake,0.76,2.1,,17,reviewed,ci,ci
1992-06-29T11:06:54.930Z,34.2673333,-116.4605,-1.213,3,mh,58,67,,0.23,ci,ci3031556,2016-04-02T12:04:48.595Z,"17km N of Yucca Valley, CA",earthquake,0.55,1.2,,0,reviewed,ci,ci
1992-06-29T11:05:55.000Z,34.3665,-116.4626667,5.057,2.82,mc,29,73,,0.26,ci,ci3031554,2016-02-10T14:31:14.855Z,"28km N of Yucca Valley, California",earthquake,0.58,31.61,,48,reviewed,ci,ci
1992-06-29T10:48:08.190Z,34.2293333,-116.7643333,0.733,3.46,ml,73,59,,0.24,ci,ci3031550,2016-04-02T08:48:25.229Z,"8km ESE of Big Bear City, CA",earthquake,0.4,0.95,,21,reviewed,ci,ci
1992-06-29T10:47:17.450Z,34.1018333,-116.4288333,3.242,2.72,mc,23,125,,0.29,ci,ci3031549,2016-04-02T08:48:23.604Z,"1km SSE of Yucca Valley, CA",earthquake,0.79,1.29,,33,reviewed,ci,ci
1992-06-29T10:43:13.800Z,34.231,-116.8721667,0.207,2.8,mh,27,77,0.1225,0.23,ci,ci12179607,2016-02-10T00:20:25.241Z,"4km ESE of Big Bear Lake, California",earthquake,0.41,0.76,,0,reviewed,ci,ci
1992-06-29T10:42:40.690Z,34.468,-116.5086667,-1.233,3.1,ml,48,98,,0.28,ci,ci3031548,2016-04-01T23:08:46.498Z,"38km NE of Big Bear City, CA",earthquake,0.61,1.84,,21,reviewed,ci,ci
1992-06-29T10:36:59.710Z,34.111,-116.411,0.611,3.86,mc,0,58.9,,0.247,ci,ci3031543,2016-02-10T07:29:13.602Z,"2km E of Yucca Valley, California",earthquake,,0.865,,99,reviewed,ci,ci
1992-06-29T10:35:02.200Z,34.0881667,-116.4658333,4.215,2.7,mh,12,198,,0.31,ci,ci12179603,2016-02-10T21:43:36.381Z,"4km SW of Yucca Valley, California",earthquake,2.1,4.38,,0,reviewed,ci,ci
1992-06-29T10:34:58.960Z,34.114,-116.427,2.608,2.5,mh,0,283.5,,0.149,ci,ci3031541,2016-04-02T02:24:43.357Z,"0km E of Yucca Valley, CA",earthquake,,3.026,,0,reviewed,ci,ci
1992-06-29T10:26:59.370Z,35.0025,-116.9666667,-0.746,3.58,ml,62,76,,0.42,ci,ci3031539,2016-04-02T15:13:59.120Z,"13km NNE of Barstow, CA",earthquake,0.73,2.38,,20,reviewed,ci,ci
1992-06-29T10:22:49.590Z,34.08,-116.389,0.253,3.84,ml,0,114.5,,0.235,ci,ci3031538,2016-02-10T11:04:48.084Z,"6km SE of Yucca Valley, California",earthquake,,0.578,,17,reviewed,ci,ci
1992-06-29T10:19:28.800Z,34.5418333,-116.5501667,4.697,2.5,mh,9,179,0.3289,0.22,ci,ci12179591,2016-02-10T18:04:16.014Z,"40km ENE of Lucerne Valley, California",earthquake,1.58,20.8,,0,reviewed,ci,ci
1992-06-29T10:18:14.440Z,34.2188333,-116.7456667,7.387,2.5,mh,36,74,,0.18,ci,ci3032058,2016-04-02T18:24:46.736Z,"10km ESE of Big Bear City, CA",earthquake,0.46,1.38,,0,reviewed,ci,ci
1992-06-29T10:14:24.560Z,34.373,-116.451,4.33,2.5,mh,0,75.5,,0.152,ci,ci3032039,2016-04-02T05:40:28.514Z,"29km N of Yucca Valley, CA",earthquake,,4.221,,0,reviewed,ci,ci
1992-06-29T10:09:02.560Z,34.592,-116.647,4.834,3.38,ml,0,143.4,,0.271,ci,ci3031536,2016-02-10T21:43:33.931Z,"34km ENE of Lucerne Valley, California",earthquake,,,,19,reviewed,ci,ci
1992-06-29T10:05:50.070Z,34.2506667,-116.7591667,5.08,2.5,mh,24,76,,0.48,ci,ci3031534,2016-04-02T04:00:34.089Z,"8km E of Big Bear City, CA",earthquake,0.79,31.61,,0,reviewed,ci,ci
1992-06-29T10:02:38.240Z,34.983,-116.935,-0.405,4.22,ml,0,63.2,,0.276,ci,ci3031965,2016-02-10T11:04:45.559Z,"12km NE of Barstow, California",earthquake,,0.741,,21,reviewed,ci,ci
1992-06-29T10:00:35.670Z,34.2068333,-116.7928333,4.377,2.5,mh,10,99,0.1437,0.11,ci,ci12179575,2016-02-10T21:43:32.524Z,"8km SE of Big Bear City, California",earthquake,0.58,11.43,,0,reviewed,ci,ci
1992-06-29T10:00:03.720Z,34.1965,-116.819,-1.613,3.08,ml,44,85,,0.27,ci,ci3031532,2016-04-02T05:34:09.145Z,"8km SSE of Big Bear City, CA",earthquake,0.5,1.12,,22,reviewed,ci,ci
1992-06-29T09:59:42.590Z,34.0111667,-116.3651667,5.214,2.5,mh,11,111,0.1803,0.47,ci,ci12179571,2016-02-10T21:43:31.338Z,"13km SSE of Yucca Valley, California",earthquake,1.44,29.85,,0,reviewed,ci,ci
1992-06-29T09:58:14.680Z,34.225,-116.877,1.239,2.5,mh,0,181.3,,0.189,ci,ci3031530,2016-04-01T23:03:57.888Z,"4km ESE of Big Bear Lake, CA",earthquake,,0.722,,0,reviewed,ci,ci
1992-06-29T09:53:40.760Z,34.598,-116.636,4.797,3,ml,0,87.3,,0.23,ci,ci3031527,2016-02-09T20:37:27.900Z,"35km ENE of Lucerne Valley, California",earthquake,,,,17,reviewed,ci,ci
1992-06-29T09:52:19.080Z,34.0921667,-116.7346667,8.581,2.6,mc,24,74,,0.27,ci,ci3031526,2016-04-02T05:34:07.833Z,"15km WNW of Morongo Valley, CA",earthquake,0.61,1.35,,23,reviewed,ci,ci
1992-06-29T09:49:57.340Z,34.0645,-116.377,2.141,2.5,mh,10,180,0.127,0.13,ci,ci12179535,2016-02-09T20:37:26.660Z,"8km SE of Yucca Valley, California",earthquake,0.68,0.81,,0,reviewed,ci,ci
1992-06-29T09:49:53.520Z,34.0901667,-116.4206667,3.138,2.5,mh,26,133,,0.25,ci,ci3031524,2016-04-01T19:49:26.377Z,"3km SSE of Yucca Valley, CA",earthquake,0.61,1.16,,0,reviewed,ci,ci
1992-06-29T09:48:16.530Z,35.0163333,-116.7368333,3.419,2.73,mc,11,158,0.2524,0.45,ci,ci3031523,2016-04-02T18:17:58.087Z,"28km S of Fort Irwin, CA",earthquake,2.06,6.02,,10,reviewed,ci,ci
1992-06-29T09:46:33.090Z,34.3891667,-116.4818333,2.72,2.5,mh,22,135,,0.18,ci,ci3031522,2016-04-02T18:17:56.886Z,"31km N of Yucca Valley, CA",earthquake,0.58,2.47,,0,reviewed,ci,ci
1992-06-29T09:46:29.650Z,34.0875,-116.3765,-0.056,2.5,mh,11,147,,0.14,ci,ci12179523,2016-02-10T07:29:06.434Z,"6km ESE of Yucca Valley, California",earthquake,0.66,1.41,,0,reviewed,ci,ci
1992-06-29T09:43:53.340Z,34.03,-116.372,0.643,2.84,mc,0,192.6,,0.19,ci,ci3031521,2016-02-10T07:29:05.228Z,"11km SSE of Yucca Valley, California",earthquake,,1.302,,12,reviewed,ci,ci
1992-06-29T09:42:14.300Z,34.57,-116.579,5,3.08,mc,0,87.7,,0.14,ci,ci3031520,2016-02-10T07:29:04.016Z,"38km ENE of Lucerne Valley, California",earthquake,,,,7,reviewed,ci,ci
1992-06-29T09:37:47.550Z,34.6158333,-116.6598333,-1.324,2.88,mc,30,89,,0.22,ci,ci3031517,2016-02-09T20:37:24.324Z,"34km NE of Lucerne Valley, California",earthquake,0.65,1.64,,25,reviewed,ci,ci
1992-06-29T09:31:37.100Z,34.027,-116.362,-0.107,2.73,mc,0,114.9,,0.269,ci,ci3031511,2016-02-10T03:57:14.879Z,"12km SSE of Yucca Valley, California",earthquake,,1.253,,24,reviewed,ci,ci
1992-06-29T09:29:19.160Z,34.969,-116.936,3.524,3.07,ml,0,153.8,,0.156,ci,ci3031510,2016-02-10T18:04:08.602Z,"11km NE of Barstow, California",earthquake,,0.558,,14,reviewed,ci,ci
1992-06-29T09:27:04.400Z,34.193,-116.821,0.213,2.78,mc,0,167.5,,0.129,ci,ci3031508,2016-02-10T11:04:39.193Z,"8km SSE of Big Bear City, California",earthquake,,0.992,,36,reviewed,ci,ci
1992-06-29T09:20:20.630Z,34.373,-116.4588333,2.82,3.16,ml,37,75,,0.17,ci,ci3031504,2016-04-02T15:09:33.949Z,"29km N of Yucca Valley, CA",earthquake,0.57,3.23,,21,reviewed,ci,ci
1992-06-29T09:19:14.010Z,34.575,-116.607,5.132,2.5,mh,0,112.8,,0.161,ci,ci3031503,2016-04-02T05:34:06.431Z,"36km ENE of Lucerne Valley, CA",earthquake,,,,0,reviewed,ci,ci
1992-06-29T09:11:01.610Z,34.0213333,-116.3493333,-0.356,3.3,mh,24,92,,0.51,ci,ci12179491,2016-02-10T03:57:13.483Z,"13km SE of Yucca Valley, California",earthquake,0.96,2.89,,0,reviewed,ci,ci
1992-06-29T09:10:56.510Z,34.115,-116.378,3.231,3.2,ml,0,135.4,,0.159,ci,ci3031889,2016-02-09T20:37:21.819Z,"5km E of Yucca Valley, California",earthquake,,0.509,,17,reviewed,ci,ci
1992-06-29T09:09:55.640Z,34.582,-116.522,4.638,3.43,ml,0,144.5,,0.222,ci,ci3031502,2016-02-10T07:29:00.377Z,"36km WSW of Ludlow, California",earthquake,,,,21,reviewed,ci,ci
1992-06-29T09:04:36.950Z,34.962,-116.93,2.553,2.82,mc,0,166.3,,0.239,ci,ci3031500,2016-02-10T14:31:08.095Z,"11km NE of Barstow, California",earthquake,,1.203,,46,reviewed,ci,ci
1992-06-29T09:02:13.600Z,34.6091667,-116.6696667,-0.746,2.88,mc,59,93,,0.19,ci,ci3097848,2016-02-10T14:31:06.822Z,"33km NE of Lucerne Valley, California",earthquake,0.42,1.23,,71,reviewed,ci,ci
1992-06-29T08:59:17.500Z,34.192,-116.813,3.904,2.71,mc,0,120.6,,0.141,ci,ci3097818,2016-02-10T18:04:05.895Z,"8km SSE of Big Bear City, California",earthquake,,31.953,,73,reviewed,ci,ci
1992-06-29T08:49:37.960Z,34.168,-116.879,-1.751,2.76,mc,0,98.5,,0.274,ci,ci3097813,2016-02-09T20:37:19.568Z,"9km SSE of Big Bear Lake, California",earthquake,,0.838,,67,reviewed,ci,ci
1992-06-29T08:47:11.070Z,34.1378333,-116.4458333,-0.955,2.5,mh,45,99,,0.39,ci,ci3031495,2016-04-02T12:00:40.168Z,"3km NNW of Yucca Valley, CA",earthquake,0.63,1.37,,0,reviewed,ci,ci
1992-06-29T08:47:09.150Z,34.038,-116.3631667,2.293,2.5,mh,18,124,0.1017,0.43,ci,ci12179479,2016-02-09T20:37:18.335Z,"11km SE of Yucca Valley, California",earthquake,1.08,1.91,,0,reviewed,ci,ci
1992-06-29T08:42:42.960Z,34.026,-116.482,3.627,2.67,mc,0,160.7,0.1213,0.281,ci,ci3098530,2016-02-10T00:20:10.102Z,"7km NNE of Desert Hot Springs, California",earthquake,,1.489,,12,reviewed,ci,ci
1992-06-29T08:42:37.230Z,34.3786667,-116.4851667,5.681,2.5,mh,5,317,0.4485,0.18,ci,ci12179471,2016-02-10T14:31:02.046Z,"30km N of Yucca Valley, California",earthquake,2.43,19.46,,0,reviewed,ci,ci
1992-06-29T08:40:34.620Z,34.1943333,-116.8223333,1.593,2.8,mc,17,125,,0.16,ci,ci3074183,2016-04-01T19:54:52.954Z,"8km SSE of Big Bear City, CA",earthquake,0.51,1,,22,reviewed,ci,ci
1992-06-29T08:29:05.220Z,34.184,-116.416,-0.115,2.5,mc,0,153.4,,0.244,ci,ci3097690,2016-02-10T11:04:36.713Z,"8km N of Yucca Valley, California",earthquake,,1.66,,38,reviewed,ci,ci
1992-06-29T08:27:28.730Z,34.6325,-116.6401667,-0.032,2.89,mc,22,153,,0.16,ci,ci3097693,2016-02-10T11:04:35.396Z,"37km NE of Lucerne Valley, California",earthquake,0.72,1.39,,29,reviewed,ci,ci
1992-06-29T08:27:24.560Z,35.012,-117.183,7.27,2.95,mc,0,67.8,,0.221,ci,ci3097689,2016-02-10T11:04:33.640Z,"19km NW of Barstow, California",earthquake,,1.43,,79,reviewed,ci,ci
1992-06-29T08:23:58.510Z,34.249,-116.888,1.313,2.57,mc,0,74.1,,0.125,ci,ci3085413,2016-02-10T07:28:57.303Z,"2km ENE of Big Bear Lake, California",earthquake,,0.599,,24,reviewed,ci,ci
1992-06-29T08:23:07.380Z,34.1636667,-116.857,2.53,2.85,ml,34,87,,0.2,ci,ci3031487,2016-04-02T12:00:38.690Z,"10km SSE of Big Bear Lake, CA",earthquake,0.37,0.66,,21,reviewed,ci,ci
1992-06-29T08:22:39.230Z,34.079,-116.3875,2.547,2.5,mh,16,157,,0.23,ci,ci3085415,2016-04-02T02:26:27.282Z,"6km SE of Yucca Valley, CA",earthquake,0.72,1.14,,0,reviewed,ci,ci
1992-06-29T08:16:11.710Z,34.1175,-116.8781667,-1.37,2.5,mh,9,83,,0.11,ci,ci3086289,2016-04-02T12:06:13.585Z,"14km SSE of Big Bear Lake, CA",earthquake,0.62,1.83,,0,reviewed,ci,ci
1992-06-29T08:15:40.550Z,33.8085,-118.5913333,5.848,3.18,ml,14,113,,0.4,ci,ci3086288,2016-04-02T12:06:12.286Z,"19km W of Palos Verdes Estates, CA",earthquake,1.15,29.75,,9,reviewed,ci,ci
1992-06-29T08:15:13.120Z,34.5111667,-116.5346667,-0.488,3.38,ml,38,24.8,,0.28,ci,ci3031486,2016-04-01T19:49:21.211Z,"40km NE of Big Bear City, CA",earthquake,0.58,1.96,,18,reviewed,ci,ci
1992-06-29T08:13:16.800Z,34.6385,-116.6691667,-0.936,2.5,mh,37,24.9,,0.22,ci,ci3097686,2016-02-10T07:28:55.998Z,"35km NE of Lucerne Valley, California",earthquake,0.5,1.55,,0,reviewed,ci,ci
1992-06-29T08:11:56.470Z,34.032,-116.359,1.258,3.06,mc,0,89.9,,0.219,ci,ci3097685,2016-02-10T00:20:05.638Z,"11km SE of Yucca Valley, California",earthquake,,0.359,,55,reviewed,ci,ci
1992-06-29T08:07:55.570Z,34.5565,-116.5615,1.937,2.6,mh,16,195,,0.24,ci,ci12179427,2016-02-09T20:37:11.447Z,"39km ENE of Lucerne Valley, California",earthquake,0.64,2.49,,0,reviewed,ci,ci
1992-06-29T08:07:43.130Z,34.1555,-116.4715,1.476,2.79,ml,14,143,0.227,0.22,ci,ci3031483,2016-04-02T05:34:05.228Z,"6km NW of Yucca Valley, CA",earthquake,0.68,1.25,,14,reviewed,ci,ci
1992-06-29T08:04:28.120Z,34.0966667,-116.3846667,1.761,3.45,ml,44,84,,0.27,ci,ci3031482,2016-04-02T15:09:32.525Z,"5km ESE of Yucca Valley, CA",earthquake,0.56,1.33,,20,reviewed,ci,ci
1992-06-29T07:59:23.830Z,34.0246667,-116.3583333,1.148,2.58,mc,26,118,,0.2,ci,ci3097684,2016-04-02T02:25:22.099Z,"12km SE of Yucca Valley, CA",earthquake,0.74,0.79,,34,reviewed,ci,ci
1992-06-29T07:57:03.130Z,34.1475,-116.8713333,2.619,2.5,mh,9,146,,0.07,ci,ci12179419,2016-02-10T14:30:55.177Z,"11km SSE of Big Bear Lake, California",earthquake,0.49,0.43,,0,reviewed,ci,ci
1992-06-29T07:56:43.330Z,34.189,-116.792,-0.996,2.62,mc,0,68.2,,0.194,ci,ci3097675,2016-02-10T18:03:58.357Z,"9km SSE of Big Bear City, California",earthquake,,0.654,,38,reviewed,ci,ci
1992-06-29T07:54:44.920Z,34.022,-116.349,1.168,2.66,mc,0,88.4,,0.247,ci,ci3097674,2016-02-10T14:30:53.924Z,"13km SE of Yucca Valley, California",earthquake,,0.368,,45,reviewed,ci,ci
1992-06-29T07:52:14.920Z,34.6173333,-116.678,-0.957,3.71,ml,70,85,,0.35,ci,ci3031772,2016-04-02T18:23:41.478Z,"33km NE of Lucerne Valley, CA",earthquake,0.66,1.65,,20,reviewed,ci,ci
1992-06-29T07:50:58.750Z,34.5171667,-116.5478333,-1.056,3.82,ml,67,84,,0.29,ci,ci3031771,2016-04-01T23:09:45.585Z,"39km ENE of Lucerne Valley, CA",earthquake,0.5,1.11,,23,reviewed,ci,ci
1992-06-29T07:50:22.520Z,34.069,-116.396,2.625,2.7,mc,0,169.6,,0.228,ci,ci3031610,2016-02-10T00:20:01.601Z,"6km SSE of Yucca Valley, California",earthquake,,1.067,,15,reviewed,ci,ci
1992-06-29T07:49:03.590Z,34.1953333,-116.8178333,-1.083,3.09,ml,39,84,,0.25,ci,ci3031475,2016-04-01T19:49:16.472Z,"8km SSE of Big Bear City, CA",earthquake,0.46,1.02,,22,reviewed,ci,ci
1992-06-29T07:38:45.590Z,34.0601667,-116.4123333,-0.632,2.5,mh,37,82,,0.28,ci,ci3031474,2016-04-02T08:44:09.230Z,"6km SSE of Yucca Valley, CA",earthquake,0.58,1.35,,0,reviewed,ci,ci
1992-06-29T07:36:56.060Z,34.0598333,-116.4126667,-0.602,3.23,ml,40,82,,0.23,ci,ci3031473,2016-04-02T12:00:18.785Z,"6km SSE of Yucca Valley, CA",earthquake,0.45,1.03,,18,reviewed,ci,ci
1992-06-29T07:35:25.450Z,34.621,-116.61,4.785,2.72,mc,0,173.1,,0.215,ci,ci3031471,2016-02-10T07:28:52.897Z,"38km ENE of Lucerne Valley, California",earthquake,,,,30,reviewed,ci,ci
1992-06-29T07:34:21.590Z,34.0206667,-116.3746667,2.7,3.11,mc,23,164,,0.26,ci,ci3097679,2016-04-02T08:49:14.900Z,"12km SSE of Yucca Valley, CA",earthquake,0.75,1.15,,34,reviewed,ci,ci
1992-06-29T07:26:10.110Z,34.111,-116.419,1.743,2.95,mc,0,72.8,,0.201,ci,ci3097523,2016-02-10T07:28:50.115Z,"1km ESE of Yucca Valley, California",earthquake,,0.715,,40,reviewed,ci,ci
1992-06-29T07:25:32.900Z,34.1005,-116.417,0.45,2.96,mc,66,40,,0.24,ci,ci3097522,2016-04-02T12:05:31.345Z,"2km SE of Yucca Valley, CA",earthquake,0.41,1.01,,61,reviewed,ci,ci
1992-06-29T07:21:46.740Z,34.4278333,-116.5,4.956,2.91,mc,35,101,,0.25,ci,ci3031720,2016-02-10T11:04:29.587Z,"35km N of Yucca Valley, California",earthquake,0.77,2.29,,60,reviewed,ci,ci
1992-06-29T07:20:53.030Z,34.129,-116.423,0.798,2.81,mc,0,96.8,,0.195,ci,ci3031725,2016-02-10T21:43:19.292Z,"2km NNE of Yucca Valley, California",earthquake,,0.922,,42,reviewed,ci,ci
1992-06-29T07:19:33.720Z,34.6146667,-116.6438333,-0.823,2.8,mh,67,87,,0.38,ci,ci3031464,2016-04-02T15:09:16.463Z,"35km ENE of Lucerne Valley, CA",earthquake,0.62,1.45,,0,reviewed,ci,ci
1992-06-29T07:18:32.580Z,34.6175,-116.6658333,-1.183,2.5,mh,54,86,,0.43,ci,ci3031711,2016-04-02T05:40:47.034Z,"34km NE of Lucerne Valley, CA",earthquake,0.74,1.79,,0,reviewed,ci,ci
1992-06-29T07:06:23.060Z,34.569,-116.534,4.779,3.51,ml,0,89.6,,0.222,ci,ci3031730,2016-02-10T14:30:49.873Z,"38km WSW of Ludlow, California",earthquake,,,,23,reviewed,ci,ci
1992-06-29T06:57:17.460Z,34.203,-116.806,1.013,2.91,mc,0,34.2,,0.177,ci,ci3097520,2016-02-10T03:57:02.889Z,"7km SSE of Big Bear City, California",earthquake,,0.281,,61,reviewed,ci,ci
1992-06-29T06:56:47.780Z,34.2878333,-116.7136667,-0.933,2.5,mh,12,144,0.1117,0.14,ci,ci12179371,2016-02-10T07:28:46.497Z,"12km ENE of Big Bear City, California",earthquake,0.61,0.98,,0,reviewed,ci,ci
1992-06-29T06:55:47.770Z,34.2458333,-116.3971667,1.571,2.5,mh,8,264,0.152,0.28,ci,ci12179363,2016-02-10T14:30:48.477Z,"15km NNW of Joshua Tree, California",earthquake,4.54,2.58,,0,reviewed,ci,ci
1992-06-29T06:55:40.110Z,34.5788333,-116.64,4.663,2.5,mh,14,172,0.2775,0.29,ci,ci3031457,2016-04-02T05:33:50.943Z,"34km ENE of Lucerne Valley, CA",earthquake,1.39,24.03,,0,reviewed,ci,ci
1992-06-29T06:54:29.080Z,34.108,-116.6478333,4.59,2.7,mh,7,115,0.1202,0.29,ci,ci12179355,2016-02-10T03:57:00.803Z,"9km NW of Morongo Valley, California",earthquake,1.16,20.56,,0,reviewed,ci,ci
1992-06-29T06:54:11.810Z,34.091,-116.424,5.526,2.91,mc,0,195.2,0.1573,0.156,ci,ci3031456,2016-02-10T11:04:25.127Z,"3km SSE of Yucca Valley, California",earthquake,,250.22,,16,reviewed,ci,ci
1992-06-29T06:47:35.940Z,34.186,-116.849,-1.017,2.74,mc,0,76.7,,0.169,ci,ci3095625,2016-02-10T07:28:43.929Z,"8km S of Big Bear City, California",earthquake,,0.716,,69,reviewed,ci,ci
1992-06-29T06:44:54.160Z,34.8075,-116.6146667,-1.01,3.49,ml,34,106,,0.23,ci,ci3031453,2016-04-02T18:17:39.531Z,"39km ESE of Barstow, CA",earthquake,0.67,3.83,,23,reviewed,ci,ci
1992-06-29T06:39:35.420Z,34.261,-116.746,-1.443,3.05,ml,0,107.5,,0.176,ci,ci3074177,2016-02-10T18:03:51.896Z,"9km E of Big Bear City, California",earthquake,,1.038,,21,reviewed,ci,ci
1992-06-29T06:31:03.410Z,33.996,-116.334,1.728,2.87,mc,0,78.4,,0.214,ci,ci3096630,2016-02-10T00:19:57.465Z,"16km S of Joshua Tree, California",earthquake,,0.23,,50,reviewed,ci,ci
1992-06-29T06:25:15.910Z,35.365,-116.796,9.854,3.04,ml,0,169.1,,0.189,ci,ci3091727,2016-02-09T20:37:05.688Z,"15km NW of Fort Irwin, California",earthquake,,0.817,,16,reviewed,ci,ci
1992-06-29T06:24:25.140Z,34.6183333,-116.5161667,5.184,2.5,mh,25,95,,0.28,ci,ci3091728,2016-04-01T19:54:24.076Z,"34km WSW of Ludlow, CA",earthquake,0.53,3.46,,0,reviewed,ci,ci
1992-06-29T06:23:10.620Z,34.229,-116.751,-0.457,2.72,ml,0,124,0.1345,0.141,ci,ci3090979,2016-02-10T11:04:21.489Z,"9km ESE of Big Bear City, California",earthquake,,0.522,,17,reviewed,ci,ci
1992-06-29T06:21:18.500Z,33.914,-116.297,-0.497,2.55,mc,0,118.9,,0.139,ci,ci3074535,2016-02-10T03:56:57.107Z,"14km NE of Thousand Palms, California",earthquake,,3.978,,10,reviewed,ci,ci
1992-06-29T06:20:38.790Z,34.025,-116.349,4.201,2.59,mc,0,161,0.09177,0.129,ci,ci3074527,2016-02-10T00:19:56.173Z,"12km SE of Yucca Valley, California",earthquake,,0.809,,11,reviewed,ci,ci
1992-06-29T06:20:32.020Z,34.614,-116.65,4.663,3.01,ml,0,151.1,,0.317,ci,ci3074526,2016-02-10T18:03:50.504Z,"35km ENE of Lucerne Valley, California",earthquake,,,,7,reviewed,ci,ci
1992-06-29T06:20:13.260Z,34.4423333,-116.4768333,-1.074,2.78,ml,50,79,,0.41,ci,ci3031444,2016-04-01T23:03:33.455Z,"37km N of Yucca Valley, CA",earthquake,0.9,2.11,,3,reviewed,ci,ci
1992-06-29T06:16:53.760Z,34.643,-116.512,4.847,3.66,ml,0,58.4,,0.205,ci,ci3096623,2016-02-10T03:56:55.896Z,"33km WSW of Ludlow, California",earthquake,,,,23,reviewed,ci,ci
1992-06-29T06:15:48.280Z,34.091,-116.65,-1.489,3.03,ml,0,53.4,,0.238,ci,ci3096622,2016-02-10T11:04:20.184Z,"8km NW of Morongo Valley, California",earthquake,,0.54,,21,reviewed,ci,ci
1992-06-29T06:11:21.080Z,34.0151667,-116.3503333,3.898,2.58,ml,35,85,,0.27,ci,ci3091409,2016-04-01T19:54:08.377Z,"13km SE of Yucca Valley, CA",earthquake,0.53,1.08,,10,reviewed,ci,ci
1992-06-29T06:10:08.560Z,34.167,-116.841,0.583,2.72,ml,0,74.5,,0.208,ci,ci3090974,2016-02-10T00:19:53.542Z,"10km S of Big Bear City, California",earthquake,,0.223,,17,reviewed,ci,ci
1992-06-29T06:02:01.910Z,34.178,-116.427,4.114,3.08,ml,0,62.6,,0.191,ci,ci3031436,2016-02-10T03:56:53.236Z,"7km N of Yucca Valley, California",earthquake,,12.041,,12,reviewed,ci,ci
1992-06-29T05:55:11.130Z,34.6148333,-116.5395,5.266,3.24,ml,23,175,0.7968,0.63,ci,ci3090969,2016-04-02T05:38:23.879Z,"37km WSW of Ludlow, CA",earthquake,1.3,31.61,,14,reviewed,ci,ci
1992-06-29T05:50:50.270Z,34.105,-116.415,0.233,3.55,ml,0,58.6,,0.212,ci,ci3031434,2016-02-10T18:03:47.997Z,"2km ESE of Yucca Valley, California",earthquake,,0.357,,21,reviewed,ci,ci
1992-06-29T05:48:43.420Z,34.6338333,-116.6663333,2.853,3.42,ml,92,47,,0.33,ci,ci3091388,2016-04-02T12:05:07.845Z,"35km NE of Lucerne Valley, CA",earthquake,0.49,2.34,,22,reviewed,ci,ci
1992-06-29T05:45:57.580Z,34.1025,-116.3871667,-0.287,2.76,ml,27,96,,0.23,ci,ci3073710,2016-04-02T02:25:55.317Z,"4km ESE of Yucca Valley, CA",earthquake,0.52,1.05,,15,reviewed,ci,ci
1992-06-29T05:45:10.240Z,34.226,-116.449,7.138,2.93,ml,0,164,,0.276,ci,ci3073709,2016-02-10T00:19:52.173Z,"12km N of Yucca Valley, California",earthquake,,5.167,,8,reviewed,ci,ci
1992-06-29T05:44:47.010Z,34.1905,-116.4411667,-0.066,3.12,ml,15,158,,0.21,ci,ci3073708,2016-04-02T08:49:52.098Z,"8km N of Yucca Valley, CA",earthquake,0.87,1.97,,14,reviewed,ci,ci
1992-06-29T05:44:27.990Z,34.307,-116.448,0.008,3.07,ml,0,105.2,,0.264,ci,ci3073707,2016-02-10T14:30:41.762Z,"22km N of Yucca Valley, California",earthquake,,0.838,,11,reviewed,ci,ci
1992-06-29T05:43:04.380Z,34.344,-116.465,0.208,3.32,ml,0,93.8,,0.261,ci,ci3031429,2016-02-10T11:04:15.066Z,"26km N of Yucca Valley, California",earthquake,,0.756,,18,reviewed,ci,ci
1992-06-29T05:40:49.000Z,34.0053333,-116.3538333,0.101,2.96,ml,41,82,,0.29,ci,ci3031428,2016-04-01T23:03:31.980Z,"14km SSE of Yucca Valley, CA",earthquake,0.53,1.13,,10,reviewed,ci,ci
1992-06-29T05:40:14.010Z,34.2108333,-116.4395,3.868,2.5,mh,23,115,,0.27,ci,ci3086280,2016-04-02T12:06:10.993Z,"11km N of Yucca Valley, CA",earthquake,0.78,1.82,,0,reviewed,ci,ci
1992-06-29T05:39:52.640Z,35.057,-116.985,-0.896,2.57,mc,0,176.2,,0.178,ci,ci3031590,2016-02-09T20:37:00.230Z,"18km N of Barstow, California",earthquake,,7.764,,5,reviewed,ci,ci
1992-06-29T05:36:44.150Z,34.5988333,-116.6331667,-0.747,3.7,ml,38,87,,0.2,ci,ci3031427,2016-04-02T12:00:15.484Z,"35km ENE of Lucerne Valley, CA",earthquake,0.62,1.55,,20,reviewed,ci,ci
1992-06-29T05:34:29.080Z,34.077,-116.971,1.474,2.5,mh,0,39.7,,0.181,ci,ci3091365,2016-02-09T20:36:58.911Z,"8km NE of Yucaipa, California",earthquake,,0.215,,0,reviewed,ci,ci
1992-06-29T05:33:32.670Z,34.5756667,-116.5768333,2.3,2.5,mh,47,63,,0.3,ci,ci3096613,2016-02-10T18:03:43.305Z,"39km ENE of Lucerne Valley, California",earthquake,0.63,4.08,,0,reviewed,ci,ci
1992-06-29T05:32:23.120Z,35.1651667,-117.3645,4.69,2.5,mh,8,162,0.1411,0.14,ci,ci12179299,2016-02-10T07:28:38.691Z,"32km NE of Boron, California",earthquake,0.75,16.92,,0,reviewed,ci,ci
1992-06-29T05:31:43.120Z,34.6165,-116.6585,-1.487,3.06,ml,54,86,,0.21,ci,ci3091362,2016-04-02T05:38:26.782Z,"34km NE of Lucerne Valley, CA",earthquake,0.46,1.54,,17,reviewed,ci,ci
1992-06-29T05:30:48.090Z,34.098,-116.386,1.99,3.36,ml,0,40,,0.21,ci,ci3091361,2016-02-10T00:19:48.994Z,"5km ESE of Yucca Valley, California",earthquake,,0.352,,20,reviewed,ci,ci
1992-06-29T05:29:14.320Z,34.093,-116.387,2.348,2.71,mc,0,237.1,,0.08,ci,ci3091263,2016-02-09T20:36:57.584Z,"5km ESE of Yucca Valley, California",earthquake,,1.039,,12,reviewed,ci,ci
1992-06-29T05:29:00.670Z,34.6343333,-116.5571667,-0.903,2.9,ml,55,64,,0.26,ci,ci3091729,2016-04-01T19:54:31.399Z,"38km WSW of Ludlow, CA",earthquake,0.64,2.72,,20,reviewed,ci,ci
1992-06-29T05:24:21.570Z,34.98,-116.944,-0.795,2.7,mh,0,62,,0.246,ci,ci3095595,2016-02-10T18:03:41.528Z,"12km NE of Barstow, California",earthquake,,1.327,,0,reviewed,ci,ci
1992-06-29T05:23:55.450Z,34.164,-116.42,0.109,2.5,mh,0,99.6,0.1384,0.203,ci,ci3031419,2016-04-02T08:44:05.129Z,"6km NNE of Yucca Valley, CA",earthquake,,1.056,,0,reviewed,ci,ci
1992-06-29T05:14:55.930Z,34.163,-116.398,-1.061,2.6,mh,0,78.6,,0.192,ci,ci3031418,2016-02-10T18:03:39.835Z,"6km NNE of Yucca Valley, California",earthquake,,0.964,,0,reviewed,ci,ci
1992-06-29T05:14:04.250Z,34.062,-116.358,3.458,2.61,mc,0,130.3,,0.253,ci,ci3031417,2016-02-10T00:19:47.476Z,"9km SE of Yucca Valley, California",earthquake,,0.757,,5,reviewed,ci,ci
1992-06-29T05:00:42.550Z,34.6475,-116.7556667,-1.291,2.7,mh,26,178,,0.35,ci,ci12179283,2016-02-10T18:03:37.951Z,"30km NE of Lucerne Valley, California",earthquake,1.05,1.45,,0,reviewed,ci,ci
1992-06-29T04:59:57.720Z,34.161,-116.451,4.204,2.5,mh,0,102.4,,0.211,ci,ci3100430,2016-02-10T11:04:08.443Z,"6km NNW of Yucca Valley, California",earthquake,,0.917,,0,reviewed,ci,ci
1992-06-29T04:59:55.420Z,34.9936667,-116.953,-0.896,3,mh,25,161,0.07442,0.15,ci,ci3031412,2016-02-10T00:19:46.181Z,"12km NNE of Barstow, California",earthquake,0.52,0.93,,0,reviewed,ci,ci
1992-06-29T04:55:44.720Z,34.103,-116.387,2.853,2.7,mh,0,127.2,,0.215,ci,ci3031411,2016-02-10T21:43:08.468Z,"4km ESE of Yucca Valley, California",earthquake,,0.42,,0,reviewed,ci,ci
1992-06-29T04:46:59.870Z,34.3221667,-116.7765,4.087,3.09,ml,50,64,,0.25,ci,ci3031410,2016-04-02T05:33:49.559Z,"9km NE of Big Bear City, CA",earthquake,0.56,1.39,,20,reviewed,ci,ci
1992-06-29T04:46:07.050Z,34.1538333,-116.4213333,5.308,2.5,mh,7,200,0.1413,0.19,ci,ci3031407,2016-02-10T11:04:07.150Z,"4km NNE of Yucca Valley, California",earthquake,1.95,18.11,,0,reviewed,ci,ci
1992-06-29T04:45:59.590Z,34.2435,-116.4993333,3.54,2.5,mh,13,249,,0.3,ci,ci12179267,2016-02-10T03:56:49.240Z,"16km NNW of Yucca Valley, California",earthquake,3.16,1.35,,0,reviewed,ci,ci
1992-06-29T04:41:54.760Z,34.126,-116.405,2.193,3.63,ml,0,96.4,,0.216,ci,ci3100336,2016-02-10T18:03:35.076Z,"3km ENE of Yucca Valley, California",earthquake,,0.442,,21,reviewed,ci,ci
1992-06-29T04:40:46.920Z,34.5856667,-116.622,-1.317,3.7,ml,67,86,,0.38,ci,ci3031406,2016-04-02T02:19:57.742Z,"35km ENE of Lucerne Valley, CA",earthquake,0.7,1.82,,24,reviewed,ci,ci
1992-06-29T04:36:54.370Z,34.6026667,-116.6518333,-0.786,3.49,ml,41,165,,0.3,ci,ci3041109,2016-04-01T23:10:56.147Z,"34km ENE of Lucerne Valley, CA",earthquake,0.79,1.88,,22,reviewed,ci,ci
1992-06-29T04:34:26.880Z,34.1833333,-116.4153333,7.243,3.85,ml,97,61,,0.47,ci,ci3031402,2016-04-01T19:49:05.860Z,"8km NNE of Yucca Valley, CA",earthquake,0.72,1.11,,25,reviewed,ci,ci
1992-06-29T04:22:03.910Z,34.632,-116.6446667,5.021,3.09,mc,13,150,0.6425,0.34,ci,ci3031397,2016-04-02T08:44:03.738Z,"36km NE of Lucerne Valley, CA",earthquake,1.64,31.61,,8,reviewed,ci,ci
1992-06-29T04:16:42.610Z,35.016,-117.203,2.554,4.12,ml,0,69.7,,0.178,ci,ci3031395,2016-02-10T11:04:02.209Z,"21km NW of Barstow, California",earthquake,,0.886,,24,reviewed,ci,ci
1992-06-29T04:13:25.550Z,34.5996667,-116.615,1.277,3.01,ml,32,179,,0.21,ci,ci3073695,2016-04-02T05:39:18.490Z,"37km ENE of Lucerne Valley, CA",earthquake,0.93,2.96,,14,reviewed,ci,ci
1992-06-29T04:12:55.960Z,34.224,-116.759,1.887,2.82,mc,0,118.5,,0.152,ci,ci3073694,2016-02-10T07:28:31.447Z,"9km ESE of Big Bear City, California",earthquake,,0.59,,12,reviewed,ci,ci
1992-06-29T04:12:19.740Z,34.357,-116.399,0.948,3.08,ml,0,74.9,,0.248,ci,ci3031391,2016-02-10T00:19:42.224Z,"26km NNW of Joshua Tree, California",earthquake,,1.444,,21,reviewed,ci,ci
1992-06-29T04:03:47.800Z,34.119,-116.386,-0.652,2.5,mh,0,152,,0.136,ci,ci3073689,2016-04-02T05:39:17.078Z,"4km E of Yucca Valley, CA",earthquake,,2.827,,0,reviewed,ci,ci
1992-06-29T04:03:23.630Z,34.1178333,-116.412,2.603,2.98,mc,36,98,,0.24,ci,ci3031389,2016-04-02T08:44:01.753Z,"2km ENE of Yucca Valley, CA",earthquake,0.52,1.04,,28,reviewed,ci,ci
1992-06-29T03:57:55.550Z,34.2775,-116.6893333,8.047,2.5,mh,34,81,,0.21,ci,ci3031386,2016-04-01T23:03:30.523Z,"14km E of Big Bear City, CA",earthquake,0.52,0.99,,0,reviewed,ci,ci
1992-06-29T03:54:51.120Z,34.148,-116.888,9.83,2.91,mc,0,61.7,,0.165,ci,ci3031381,2016-02-10T11:03:55.849Z,"11km SSE of Big Bear Lake, California",earthquake,,0.754,,19,reviewed,ci,ci
1992-06-29T03:49:14.610Z,34.234,-116.874,2.477,2.75,mc,0,93.1,,0.112,ci,ci3031377,2016-02-10T18:03:31.020Z,"4km ESE of Big Bear Lake, California",earthquake,,0.454,,11,reviewed,ci,ci
1992-06-29T03:45:20.780Z,34.018,-116.357,1.156,3.44,ml,0,81.1,,0.237,ci,ci3031376,2016-02-10T07:28:26.516Z,"13km SSE of Yucca Valley, California",earthquake,,0.401,,7,reviewed,ci,ci
1992-06-29T03:37:32.040Z,35.1528333,-117.3538333,4.18,3.45,mc,21,136,,0.19,ci,ci3032014,2016-04-02T08:50:47.928Z,"32km ENE of Boron, CA",earthquake,0.57,1.71,,7,reviewed,ci,ci
1992-06-29T03:36:26.790Z,35.362,-116.8,9.974,4.15,ml,0,167.5,,0.22,ci,ci3031954,2016-02-10T14:30:27.808Z,"15km NW of Fort Irwin, California",earthquake,,0.605,,22,reviewed,ci,ci
1992-06-29T03:34:34.680Z,34.187,-116.802,7.346,3.52,ml,0,82.3,,0.221,ci,ci3031371,2016-02-10T14:30:26.409Z,"9km SSE of Big Bear City, California",earthquake,,1.917,,21,reviewed,ci,ci
1992-06-29T03:29:57.250Z,34.1935,-116.8353333,-1.437,2.69,mc,14,96,,0.15,ci,ci3073557,2016-04-02T08:49:48.080Z,"8km S of Big Bear City, CA",earthquake,0.41,1.08,,12,reviewed,ci,ci
1992-06-29T03:29:16.760Z,34.106,-116.3921667,3.613,2.5,mh,14,128,,0.18,ci,ci3073553,2016-04-02T02:25:53.882Z,"4km ESE of Yucca Valley, CA",earthquake,0.61,0.9,,0,reviewed,ci,ci
1992-06-29T03:28:49.350Z,34.3676667,-116.4606667,1.097,2.5,mh,19,95,,0.13,ci,ci3031370,2016-04-02T08:43:59.239Z,"28km N of Yucca Valley, CA",earthquake,0.53,1.18,,0,reviewed,ci,ci
1992-06-29T03:23:32.430Z,34.622,-116.607,4.54,2.78,mc,0,62.6,,0.248,ci,ci3098252,2016-02-10T18:03:28.682Z,"38km ENE of Lucerne Valley, California",earthquake,,,,72,reviewed,ci,ci
1992-06-29T03:22:11.370Z,34.121,-116.913,10.714,3.13,ml,0,45,,0.22,ci,ci3098251,2016-02-10T11:03:50.699Z,"14km S of Big Bear Lake, California",earthquake,,0.24,,24,reviewed,ci,ci
1992-06-29T03:19:52.290Z,34.162,-116.438,9.434,2.7,mh,0,158.3,,0.257,ci,ci3031368,2016-02-10T21:43:03.600Z,"5km N of Yucca Valley, California",earthquake,,1.568,,0,reviewed,ci,ci
1992-06-29T03:19:50.000Z,34.5015,-116.5508333,-1.146,3,mh,45,146,,0.31,ci,ci3073540,2016-02-10T07:28:23.966Z,"38km NE of Big Bear City, California",earthquake,0.7,1.56,,0,reviewed,ci,ci
1992-06-29T03:08:51.110Z,34.271,-116.906,7.974,3.52,ml,0,60.4,,0.164,ci,ci2057227,2016-02-10T03:56:43.496Z,"3km N of Big Bear Lake, California",earthquake,,0.765,,16,reviewed,ci,ci
1992-06-29T03:05:01.040Z,34.099,-116.435,1.597,3.59,ml,0,73.7,,0.301,ci,ci3031365,2016-02-10T21:43:02.308Z,"2km S of Yucca Valley, California",earthquake,,0.628,,20,reviewed,ci,ci
1992-06-29T03:01:57.390Z,33.9466667,-116.3218333,3.17,2.5,mh,17,154,0.05103,0.18,ci,ci12179187,2016-02-10T14:30:22.481Z,"15km NNE of Thousand Palms, California",earthquake,0.77,0.59,,0,reviewed,ci,ci
1992-06-29T03:01:56.470Z,34.223,-116.4413333,7.288,4.49,ml,71,59,,0.29,ci,ci3031947,2016-04-02T15:15:38.756Z,"12km N of Yucca Valley, CA",earthquake,0.52,1.02,,19,reviewed,ci,ci
1992-06-29T03:01:06.950Z,34.262,-116.704,2.473,2.65,mc,0,152.4,,0.128,ci,ci3072365,2016-02-10T21:43:00.912Z,"13km E of Big Bear City, California",earthquake,,0.853,,20,reviewed,ci,ci
1992-06-29T03:00:00.360Z,34.1931667,-116.8171667,-1.807,3.05,ml,39,84,,0.18,ci,ci2057225,2016-04-02T05:34:21.199Z,"8km SSE of Big Bear City, CA",earthquake,0.36,0.79,,16,reviewed,ci,ci
1992-06-29T02:54:11.130Z,34.088,-116.409,5.06,2.7,mc,0,66,,0.22,ci,ci2057223,2016-02-10T07:28:20.131Z,"4km SE of Yucca Valley, California",earthquake,,24.866,,38,reviewed,ci,ci
1992-06-29T02:51:24.140Z,34.231,-116.442,3.828,3.6,ml,0,60.4,,0.22,ci,ci2057222,2016-02-10T07:28:16.828Z,"13km N of Yucca Valley, California",earthquake,,0.678,,21,reviewed,ci,ci
1992-06-29T02:46:39.540Z,33.877,-116.28,-0.03,2.9,mc,0,68.7,,0.188,ci,ci2057219,2016-02-10T07:28:15.421Z,"12km ENE of Thousand Palms, California",earthquake,,0.834,,12,reviewed,ci,ci
1992-06-29T02:43:46.100Z,34.216,-116.745,-0.627,2.5,mh,0,118.5,,0.178,ci,ci2057218,2016-04-02T05:36:20.789Z,"10km ESE of Big Bear City, CA",earthquake,,1.453,,0,reviewed,ci,ci
1992-06-29T02:39:20.190Z,33.881,-116.288,1.93,3.1,ml,0,51.8,0.06492,0.231,ci,ci2057217,2016-02-10T18:03:23.449Z,"12km NE of Thousand Palms, California",earthquake,,0.276,,3,reviewed,ci,ci
1992-06-29T02:28:38.690Z,35.1528333,-117.3486667,4.69,3,mh,21,148,0.1236,0.25,ci,ci12179175,2016-02-10T21:42:58.057Z,"32km ENE of Boron, California",earthquake,0.62,23.96,,0,reviewed,ci,ci
1992-06-29T02:27:45.890Z,34.0151667,-116.348,1.748,3.5,mh,14,106,0.08275,0.19,ci,ci12179167,2016-02-10T18:03:20.984Z,"14km SE of Yucca Valley, California",earthquake,0.71,0.88,,0,reviewed,ci,ci
1992-06-29T02:27:30.180Z,34.5071667,-116.5161667,-1.442,3.26,ml,61,67,,0.39,ci,ci2057216,2016-04-02T18:20:25.939Z,"40km SW of Ludlow, CA",earthquake,0.71,2.43,,20,reviewed,ci,ci
1992-06-29T02:24:56.010Z,34.1375,-116.8243333,1.483,2.64,mc,13,95,,0.12,ci,ci2057215,2016-04-02T12:02:50.599Z,"14km S of Big Bear City, CA",earthquake,0.53,0.78,,7,reviewed,ci,ci
1992-06-29T02:23:44.640Z,33.748,-116.135,5.27,2.67,mc,0,192.1,0.2792,0.062,ci,ci3031352,2016-02-10T14:30:18.087Z,"8km ENE of Indio, California",earthquake,,,,3,reviewed,ci,ci
1992-06-29T02:21:24.400Z,34.474,-116.511,4.472,3.11,ml,0,67.7,,0.102,ci,ci2057213,2016-02-10T03:56:40.772Z,"39km NE of Big Bear City, California",earthquake,,,,13,reviewed,ci,ci
1992-06-29T02:19:36.640Z,34.619,-116.664,4.453,3.08,ml,0,63.9,,0.202,ci,ci2057212,2016-02-10T18:03:19.805Z,"34km NE of Lucerne Valley, California",earthquake,,,,8,reviewed,ci,ci
1992-06-29T02:17:20.420Z,34.176,-116.829,-1.157,3.27,ml,0,55.3,,0.205,ci,ci2057211,2016-02-10T11:03:48.075Z,"10km S of Big Bear City, California",earthquake,,0.327,,18,reviewed,ci,ci
1992-06-29T02:11:36.080Z,34.36,-116.4626667,3.45,3.17,mc,15,125,,0.17,ci,ci2057208,2016-04-02T05:36:19.451Z,"28km N of Yucca Valley, CA",earthquake,0.61,1.22,,5,reviewed,ci,ci
1992-06-29T02:11:32.910Z,33.8786667,-116.2898333,-0.65,2.5,mh,6,106,0.06216,0.11,ci,ci3068595,2016-04-02T05:40:20.222Z,"11km NE of Thousand Palms, CA",earthquake,0.54,1.57,,0,reviewed,ci,ci
1992-06-29T02:09:13.290Z,34.941,-116.911,-0.795,3.09,ml,0,88.2,,0.195,ci,ci2057207,2016-02-09T20:36:47.348Z,"11km ENE of Barstow, California",earthquake,,1.883,,6,reviewed,ci,ci
1992-06-29T02:03:53.080Z,34.227,-116.773,0.183,3.18,ml,0,71.4,,0.153,ci,ci2057206,2016-02-10T03:56:39.431Z,"8km ESE of Big Bear City, California",earthquake,,0.301,,21,reviewed,ci,ci
1992-06-29T02:00:00.930Z,34.9383333,-116.755,-0.524,2.94,ml,44,189,,0.4,ci,ci3040301,2016-04-02T08:50:36.625Z,"25km E of Barstow, CA",earthquake,1.01,1.61,,17,reviewed,ci,ci
1992-06-29T01:58:08.670Z,34.4771667,-116.5501667,-1.116,3.83,ml,70,80,,0.34,ci,ci3031344,2016-04-02T15:09:14.978Z,"36km NE of Big Bear City, CA",earthquake,0.58,1.36,,20,reviewed,ci,ci
1992-06-29T01:52:36.160Z,34.162,-116.423,9.067,3.25,ml,0,61.1,,0.113,ci,ci2057203,2016-02-10T18:03:15.596Z,"5km N of Yucca Valley, California",earthquake,,1.717,,9,reviewed,ci,ci
1992-06-29T01:51:13.010Z,34.608,-116.609,4.54,3.32,ml,0,116.4,,0.232,ci,ci2057202,2016-02-09T20:36:45.922Z,"38km ENE of Lucerne Valley, California",earthquake,,,,14,reviewed,ci,ci
1992-06-29T01:48:05.570Z,33.987,-116.361,1.478,3.12,mc,0,100.2,,0.168,ci,ci2057201,2016-02-10T21:42:55.477Z,"13km ENE of Desert Hot Springs, California",earthquake,,0.249,,11,reviewed,ci,ci
1992-06-29T01:46:48.270Z,34.995,-116.954,5.035,3.05,mc,0,143.9,,0.178,ci,ci2057200,2016-02-10T21:42:54.254Z,"12km NNE of Barstow, California",earthquake,,2.614,,15,reviewed,ci,ci
1992-06-29T01:44:41.130Z,34.005,-116.323,0.328,2.5,mh,0,80.4,,0.219,ci,ci3071970,2016-04-02T15:14:52.225Z,"14km S of Joshua Tree, CA",earthquake,,1.481,,0,reviewed,ci,ci
1992-06-29T01:44:12.760Z,34.012,-116.353,1.248,2.87,ml,0,85.1,,0.196,ci,ci3071969,2016-02-10T00:19:34.357Z,"14km SSE of Yucca Valley, California",earthquake,,0.81,,10,reviewed,ci,ci
1992-06-29T01:43:26.900Z,34.272,-116.411,-1.063,2.7,ml,0,110.9,,0.199,ci,ci2057199,2016-02-10T18:03:13.039Z,"18km N of Yucca Valley, California",earthquake,,1.764,,12,reviewed,ci,ci
1992-06-29T01:36:06.830Z,35.1561667,-117.3531667,4.72,2.5,mh,12,111,0.1284,0.21,ci,ci12179143,2016-02-10T00:19:33.146Z,"32km ENE of Boron, California",earthquake,0.63,21.19,,0,reviewed,ci,ci
1992-06-29T01:35:26.960Z,35.168,-117.352,4.697,3.12,ml,0,87,,0.208,ci,ci3071965,2016-02-10T11:03:42.792Z,"33km NE of Boron, California",earthquake,,103.572,,12,reviewed,ci,ci
1992-06-29T01:35:17.690Z,34.204,-116.767,0.873,2.8,mh,0,38.8,,0.157,ci,ci2057197,2016-02-10T03:56:38.021Z,"10km SE of Big Bear City, California",earthquake,,0.477,,0,reviewed,ci,ci
1992-06-29T01:26:15.670Z,35.156,-117.351,4.69,4.12,ml,0,88.8,,0.163,ci,ci2057196,2016-02-10T18:03:11.005Z,"32km ENE of Boron, California",earthquake,,21.625,,14,reviewed,ci,ci
1992-06-29T01:23:46.660Z,34.045,-116.601,1.232,3.16,ml,0,147.9,,0.264,ci,ci3040279,2016-02-10T07:28:08.702Z,"2km W of Morongo Valley, California",earthquake,,1.233,,11,reviewed,ci,ci
1992-06-29T01:23:19.780Z,35.166,-117.352,5.107,3.92,ml,0,86.8,0.1331,0.228,ci,ci3031983,2016-02-10T11:03:41.472Z,"33km NE of Boron, California",earthquake,,304.812,,22,reviewed,ci,ci
1992-06-29T01:22:39.730Z,34.175,-116.418,-0.353,3.21,ml,0,170.1,,0.168,ci,ci2057195,2016-02-09T20:36:44.629Z,"7km N of Yucca Valley, California",earthquake,,0.528,,11,reviewed,ci,ci
1992-06-29T01:20:32.150Z,34.4716667,-116.576,5.35,2.5,mh,11,180,0.3216,0.51,ci,ci12179139,2016-02-10T03:56:36.651Z,"34km NE of Big Bear City, California",earthquake,1.95,42.27,,0,reviewed,ci,ci
1992-06-29T01:20:19.000Z,34.3191667,-116.4586667,0.078,3,mh,27,152,,0.17,ci,ci3040310,2016-04-02T12:06:32.844Z,"23km N of Yucca Valley, CA",earthquake,0.69,1.08,,0,reviewed,ci,ci
1992-06-29T01:19:49.120Z,34.5648333,-116.7771667,-0.327,2.8,mh,20,103,0.1899,0.19,ci,ci3031945,2016-04-02T02:26:59.159Z,"22km NE of Lucerne Valley, CA",earthquake,0.8,1.19,,0,reviewed,ci,ci
1992-06-29T01:18:13.400Z,35.16,-117.362,3.293,4.67,ml,0,141.6,,0.151,ci,ci3040295,2016-02-10T03:56:33.992Z,"32km NE of Boron, California",earthquake,,1.151,,16,reviewed,ci,ci
1992-06-29T01:17:18.350Z,34.122,-117.003,3.701,3.23,ml,59,27,,0.27,ci,ci3031332,2016-04-02T12:00:06.539Z,"10km NNE of Yucaipa, CA",earthquake,0.4,1.7,,21,reviewed,ci,ci
1992-06-29T01:14:58.630Z,34.2773333,-116.4703333,4.711,3.5,mh,10,151,0.257,0.24,ci,ci12179135,2016-02-10T21:42:52.979Z,"18km N of Yucca Valley, California",earthquake,0.94,20.04,,0,reviewed,ci,ci
1992-06-29T01:14:47.310Z,34.6093333,-116.62,-1.08,3.67,ml,66,62,,0.31,ci,ci2057192,2016-04-01T23:06:38.942Z,"37km ENE of Lucerne Valley, CA",earthquake,0.54,1.62,,11,reviewed,ci,ci
1992-06-29T01:06:55.760Z,34.147,-116.854,2.923,2.5,mh,0,88.2,0.08859,0.194,ci,ci3071830,2016-04-02T18:23:46.909Z,"12km SSE of Big Bear Lake, CA",earthquake,,0.637,,0,reviewed,ci,ci
1992-06-29T01:06:16.060Z,34.5871667,-116.624,-1.057,3.29,ml,65,60,,0.26,ci,ci2057189,2016-04-01T23:06:37.330Z,"35km ENE of Lucerne Valley, CA",earthquake,0.51,1.51,,19,reviewed,ci,ci
1992-06-29T01:02:48.160Z,34.2753333,-116.7386667,2.273,2.5,mh,8,159,0.1032,0.12,ci,ci12179123,2016-02-10T14:30:10.993Z,"10km E of Big Bear City, California",earthquake,1.33,1.67,,0,reviewed,ci,ci
1992-06-29T01:02:18.630Z,34.2828333,-116.7558333,-1.696,3.38,ml,62,83,,0.24,ci,ci3098243,2016-04-02T08:49:17.715Z,"8km ENE of Big Bear City, CA",earthquake,0.45,1.21,,22,reviewed,ci,ci
1992-06-29T01:00:54.220Z,34.778,-116.902,0.366,2.93,ml,0,180.3,0.2226,0.051,ci,ci3086219,2016-02-10T14:30:09.349Z,"17km SE of Barstow, California",earthquake,,2.259,,9,reviewed,ci,ci
1992-06-29T01:00:36.530Z,34.314,-116.474,3.941,3.15,mc,0,65.2,,0.169,ci,ci2057187,2016-02-10T11:03:39.099Z,"22km N of Yucca Valley, California",earthquake,,12.907,,27,reviewed,ci,ci
1992-06-29T00:56:14.380Z,34.253,-116.729,-0.273,2.95,mc,0,143.6,,0.139,ci,ci3086179,2016-02-09T20:36:43.323Z,"11km E of Big Bear City, California",earthquake,,1.268,,30,reviewed,ci,ci
1992-06-29T00:55:35.550Z,34.947,-116.909,-0.903,3.11,ml,0,83.6,,0.294,ci,ci3086154,2016-02-10T07:28:06.190Z,"12km ENE of Barstow, California",earthquake,,5.598,,16,reviewed,ci,ci
1992-06-29T00:55:06.580Z,34.148,-116.464,2.34,3.05,ml,0,139.9,,0.219,ci,ci3071809,2016-02-10T21:42:50.528Z,"5km NW of Yucca Valley, California",earthquake,,0.805,,13,reviewed,ci,ci
1992-06-29T00:54:51.370Z,34.1628333,-116.4065,-1.043,2.7,mh,25,145,,0.28,ci,ci3071808,2016-04-01T23:09:52.469Z,"6km NNE of Yucca Valley, CA",earthquake,0.91,1.46,,0,reviewed,ci,ci
1992-06-29T00:54:15.990Z,34.352,-116.479,-1.496,3.29,ml,0,60.1,,0.22,ci,ci2057186,2016-02-10T03:56:28.481Z,"27km N of Yucca Valley, California",earthquake,,1.808,,17,reviewed,ci,ci
1992-06-29T00:54:02.740Z,34.98,-116.856,5.15,2.5,mh,0,192.4,,0.39,ci,ci3071810,2016-04-02T02:25:43.881Z,"18km ENE of Barstow, CA",earthquake,,,,0,reviewed,ci,ci
1992-06-29T00:48:30.190Z,34.976,-116.872,-0.863,3.32,ml,0,167.1,0.1373,0.261,ci,ci3098236,2016-02-09T20:36:41.971Z,"16km ENE of Barstow, California",earthquake,,2.593,,17,reviewed,ci,ci
1992-06-29T00:48:09.770Z,34.637,-116.526,5.018,3.21,ml,0,200.5,0.3809,0.36,ci,ci2057185,2016-02-10T07:28:04.912Z,"35km WSW of Ludlow, California",earthquake,,,,4,reviewed,ci,ci
1992-06-29T00:47:20.000Z,34.435,-116.52,4.547,2.98,mc,0,102.3,0.2265,0.168,ci,ci3031323,2016-02-10T14:30:06.099Z,"36km ENE of Big Bear City, California",earthquake,,,,9,reviewed,ci,ci
1992-06-29T00:46:36.020Z,34.119,-116.401,1.767,2.5,mh,0,132.2,0.1723,0.168,ci,ci2057184,2016-02-10T11:03:37.960Z,"3km E of Yucca Valley, California",earthquake,,0.501,,0,reviewed,ci,ci
1992-06-29T00:40:58.380Z,35.007,-116.933,1.971,3.79,ml,0,192.7,,0.261,ci,ci2057183,2016-02-10T03:56:25.640Z,"15km NE of Barstow, California",earthquake,,0.767,,22,reviewed,ci,ci
1992-06-29T00:40:31.880Z,34.519,-116.5205,4.472,3.2,mh,25,121,,0.25,ci,ci12179111,2016-02-10T07:28:03.610Z,"40km SW of Ludlow, California",earthquake,0.66,20.97,,0,reviewed,ci,ci
1992-06-29T00:39:40.780Z,34.101,-116.377,1.92,4.03,ml,0,40.2,,0.228,ci,ci3068585,2016-02-10T07:28:02.367Z,"5km ESE of Yucca Valley, California",earthquake,,0.307,,10,reviewed,ci,ci
1992-06-29T00:37:09.870Z,34.422,-116.509,-1.048,3.19,ml,0,117,,0.141,ci,ci3071418,2016-02-10T14:30:04.807Z,"35km NNW of Yucca Valley, California",earthquake,,1.555,,17,reviewed,ci,ci
1992-06-29T00:34:28.330Z,34.5093333,-116.5011667,5.068,3.14,mc,15,69,,0.45,ci,ci2057181,2016-04-02T08:46:37.380Z,"39km SW of Ludlow, CA",earthquake,1.06,31.61,,13,reviewed,ci,ci
1992-06-29T00:26:14.010Z,34.223,-116.766,4.153,3.1,ml,0,120.1,,0.188,ci,ci3086147,2016-02-10T00:19:26.923Z,"8km ESE of Big Bear City, California",earthquake,,1.645,,14,reviewed,ci,ci
1992-06-29T00:26:02.190Z,34.449,-116.549,4.387,2.7,mh,0,196.8,,0.211,ci,ci3086146,2016-02-10T11:03:34.689Z,"34km NE of Big Bear City, California",earthquake,,,,0,reviewed,ci,ci
1992-06-29T00:25:24.770Z,34.137,-116.406,0.553,3.16,ml,0,60.3,,0.293,ci,ci3086145,2016-02-10T14:30:00.892Z,"4km NE of Yucca Valley, California",earthquake,,0.715,,19,reviewed,ci,ci
1992-06-29T00:24:33.710Z,34.54,-116.552,4.387,3.34,ml,0,104.7,,0.276,ci,ci3031315,2016-02-10T00:19:25.630Z,"40km ENE of Lucerne Valley, California",earthquake,,,,18,reviewed,ci,ci
1992-06-29T00:22:30.130Z,34.412,-116.511,-0.643,2.5,mh,0,166.2,,0.144,ci,ci3031314,2016-02-10T18:03:08.486Z,"34km NNW of Yucca Valley, California",earthquake,,2.354,,0,reviewed,ci,ci
1992-06-29T00:13:35.090Z,34.266,-116.715,4.759,3.2,ml,0,191.7,0.242,0.224,ci,ci3031313,2016-02-10T11:03:33.599Z,"12km E of Big Bear City, California",earthquake,,,,13,reviewed,ci,ci
1992-06-29T00:03:53.160Z,34.092,-116.442,2.696,2.9,mc,0,153.8,,0.234,ci,ci3031311,2016-02-10T11:03:32.472Z,"3km SSW of Yucca Valley, California",earthquake,,0.651,,5,reviewed,ci,ci
1992-06-28T23:56:56.530Z,34.26,-116.757,4.964,2.72,mc,0,213.1,,0.092,ci,ci3096757,2016-02-10T07:27:59.693Z,"8km E of Big Bear City, California",earthquake,,,,5,reviewed,ci,ci
1992-06-28T23:56:23.250Z,34.643,-116.589,5.05,2.5,mh,0,239.8,0.7449,0.237,ci,ci3031308,2016-02-10T00:19:24.229Z,"40km WSW of Ludlow, California",earthquake,,,,0,reviewed,ci,ci
1992-06-28T23:52:10.810Z,34.516,-116.531,4.546,3.15,ml,0,85.1,,0.275,ci,ci3031307,2016-02-10T11:03:31.437Z,"40km NE of Big Bear City, California",earthquake,,,,21,reviewed,ci,ci
1992-06-28T23:50:45.470Z,34.16,-116.398,0.593,3.19,ml,0,61.6,,0.248,ci,ci3031306,2016-02-10T11:03:30.285Z,"6km NNE of Yucca Valley, California",earthquake,,0.565,,22,reviewed,ci,ci
1992-06-28T23:48:53.150Z,34.6126667,-116.59,4.956,2.5,mh,16,118,0.3289,0.39,ci,ci3031305,2016-02-10T00:19:22.973Z,"39km ENE of Lucerne Valley, California",earthquake,0.92,3.88,,0,reviewed,ci,ci
1992-06-28T23:48:48.980Z,34.1231667,-116.4733333,0.947,2.5,mh,11,125,0.1236,0.32,ci,ci12179095,2016-02-10T11:03:29.030Z,"4km WNW of Yucca Valley, California",earthquake,0.88,1.37,,0,reviewed,ci,ci
1992-06-28T23:48:32.320Z,34.1525,-116.823,5.539,2.5,mh,18,180,,0.23,ci,ci12179091,2016-02-10T18:03:07.265Z,"12km S of Big Bear City, California",earthquake,0.79,21.07,,0,reviewed,ci,ci
1992-06-28T23:46:52.350Z,34.158,-116.831,2.417,2.5,mh,0,238.2,,0.108,ci,ci3031304,2016-04-02T08:43:39.093Z,"12km S of Big Bear City, CA",earthquake,,0.512,,0,reviewed,ci,ci
1992-06-28T23:43:03.320Z,34.624,-116.649,4.797,3.14,ml,0,146.7,,0.25,ci,ci3073358,2016-02-09T20:36:39.381Z,"35km NE of Lucerne Valley, California",earthquake,,,,20,reviewed,ci,ci
1992-06-28T23:42:17.560Z,34.5821667,-116.6006667,4.601,2.5,mh,8,236,0.2995,0.2,ci,ci12179079,2016-02-09T20:36:37.992Z,"37km ENE of Lucerne Valley, California",earthquake,2.49,20.4,,0,reviewed,ci,ci
1992-06-28T23:41:49.440Z,34.6,-116.623,4.797,2.98,ml,0,88,,0.286,ci,ci3031303,2016-02-10T00:19:21.703Z,"36km ENE of Lucerne Valley, California",earthquake,,,,20,reviewed,ci,ci
1992-06-28T23:33:48.630Z,34.175,-116.415,-0.898,3.21,mc,0,155,,0.201,ci,ci3031926,2016-02-10T00:19:20.289Z,"7km NNE of Yucca Valley, California",earthquake,,2.48,,20,reviewed,ci,ci
1992-06-28T23:33:28.620Z,34.167,-116.414,0.033,3.57,ml,0,62,,0.22,ci,ci3031302,2016-02-10T00:19:19.003Z,"6km NNE of Yucca Valley, California",earthquake,,0.435,,21,reviewed,ci,ci
1992-06-28T23:30:12.210Z,34.0315,-116.3485,1.258,2.8,mh,12,119,0.09809,0.23,ci,ci3098524,2016-04-02T15:14:42.766Z,"12km SSW of Joshua Tree, CA",earthquake,0.71,1.32,,0,reviewed,ci,ci
1992-06-28T23:29:24.820Z,34.2186667,-116.8593333,0.23,3.01,ml,27,111,,0.36,ci,ci3031299,2016-04-02T05:33:36.798Z,"5km SSW of Big Bear City, CA",earthquake,0.72,1.47,,15,reviewed,ci,ci
1992-06-28T23:25:42.180Z,34.355,-116.4646667,2.516,2.5,mh,16,162,0.1693,0.12,ci,ci12179063,2016-02-10T03:56:20.922Z,"27km N of Yucca Valley, California",earthquake,0.53,0.76,,0,reviewed,ci,ci
1992-06-28T23:24:51.320Z,34.1971667,-116.434,-0.836,3.4,ml,60,80,,0.28,ci,ci3074189,2016-04-02T02:25:56.841Z,"9km N of Yucca Valley, CA",earthquake,0.58,1.13,,22,reviewed,ci,ci
1992-06-28T23:23:21.220Z,34.1191667,-116.3955,0.923,3.55,ml,55,58,,0.24,ci,ci3031298,2016-04-01T19:48:46.923Z,"3km E of Yucca Valley, CA",earthquake,0.44,1.02,,21,reviewed,ci,ci
1992-06-28T23:16:43.420Z,34.272,-116.699,2.007,3.25,ml,0,64.1,,0.222,ci,ci3031296,2016-02-10T21:42:44.947Z,"14km E of Big Bear City, California",earthquake,,0.47,,21,reviewed,ci,ci
1992-06-28T23:13:45.040Z,35.784,-117.644,5.614,3.09,mc,0,75.2,,0.224,ci,ci3100101,2016-02-10T07:27:57.179Z,"18km N of Ridgecrest, California",earthquake,,1.694,,24,reviewed,ci,ci
1992-06-28T23:13:32.700Z,34.2078333,-116.7866667,-1.613,3.23,ml,64,58,,0.28,ci,ci3031295,2016-04-02T11:59:54.233Z,"8km SE of Big Bear City, CA",earthquake,0.42,1.01,,19,reviewed,ci,ci
1992-06-28T23:02:48.470Z,34.3088333,-116.6605,-1.014,3.4,ml,37,55.5,,0.2,ci,ci3031293,2016-04-02T05:33:35.440Z,"18km ENE of Big Bear City, CA",earthquake,0.58,1.06,,17,reviewed,ci,ci
1992-06-28T23:00:09.560Z,34.1241667,-116.7463333,9.007,2.5,mh,15,119,,0.14,ci,ci12179035,2016-02-10T18:03:04.833Z,"18km WNW of Morongo Valley, California",earthquake,0.63,1.2,,0,reviewed,ci,ci
1992-06-28T22:58:52.340Z,34.4328333,-116.524,2.184,3.65,ml,56,140,,0.2,ci,ci3031290,2016-04-01T23:03:07.351Z,"35km ENE of Big Bear City, CA",earthquake,0.54,1.28,,21,reviewed,ci,ci
1992-06-28T22:57:31.380Z,35.7856667,-117.6483333,4.864,2.8,mh,20,70,0.05106,0.16,ci,ci12179031,2016-02-10T11:03:18.300Z,"18km N of Ridgecrest, California",earthquake,0.48,2.53,,0,reviewed,ci,ci
1992-06-28T22:56:23.650Z,34.104,-116.734,7.657,3.51,ml,0,69,,0.256,ci,ci3031288,2016-02-10T14:29:58.064Z,"16km WNW of Morongo Valley, California",earthquake,,1.332,,20,reviewed,ci,ci
1992-06-28T22:52:17.610Z,34.4951667,-116.5761667,4.586,2.5,mh,13,208,0.2544,0.2,ci,ci12179027,2016-02-10T14:29:56.602Z,"36km NE of Big Bear City, California",earthquake,1.51,19.21,,0,reviewed,ci,ci
1992-06-28T22:51:55.490Z,34.0956667,-116.3886667,-0.387,3.09,ml,45,120,,0.26,ci,ci3031287,2016-04-02T08:43:35.373Z,"4km ESE of Yucca Valley, CA",earthquake,0.57,1.12,,12,reviewed,ci,ci
1992-06-28T22:50:49.940Z,34.2215,-116.8808333,-1.313,3.23,ml,63,41,,0.28,ci,ci3031286,2016-04-02T02:19:48.735Z,"4km SE of Big Bear Lake, CA",earthquake,0.37,0.89,,21,reviewed,ci,ci
1992-06-28T22:48:30.730Z,34.032,-117.1495,13.79,3,mh,20,132,,0.15,ci,ci12179019,2021-02-18T19:04:50.933Z,"4km SE of Redlands, California",earthquake,0.77,0.67,,0,reviewed,ci,ci
1992-06-28T22:48:22.850Z,34.1381667,-116.4545,12.15,4.18,ml,53,59,,0.42,ci,ci3031284,2021-03-09T23:59:41.395Z,"3km NW of Yucca Valley, CA",earthquake,0.82,1.05,,17,reviewed,ci,ci
1992-06-28T22:43:35.310Z,34.0895,-116.436,2.487,2.8,mh,15,114,,0.16,ci,ci3031888,2016-04-02T12:06:04.165Z,"3km S of Yucca Valley, CA",earthquake,0.63,1.06,,0,reviewed,ci,ci
1992-06-28T22:41:31.820Z,34.085,-116.402,4.633,3.51,ml,0,116.2,,0.167,ci,ci3031283,2016-02-10T14:29:54.013Z,"4km SE of Yucca Valley, California",earthquake,,39.894,,21,reviewed,ci,ci
1992-06-28T22:39:51.400Z,34.5496667,-116.5573333,5.025,3.1,ml,27,86,,0.24,ci,ci3031281,2016-04-02T08:43:33.847Z,"39km ENE of Lucerne Valley, CA",earthquake,0.63,31.61,,11,reviewed,ci,ci
1992-06-28T22:35:05.300Z,35.7906667,-117.6353333,7.558,2.9,mc,17,98,,0.18,ci,ci3031278,2016-04-02T15:09:11.065Z,"19km N of Ridgecrest, CA",earthquake,0.69,1.94,,18,reviewed,ci,ci
1992-06-28T22:24:42.100Z,34.2275,-116.7331667,1.037,2.5,mh,11,128,,0.13,ci,ci12179003,2016-02-09T20:36:34.029Z,"11km ESE of Big Bear City, California",earthquake,0.66,1.12,,0,reviewed,ci,ci
1992-06-28T22:23:46.400Z,34.482,-116.493,4.504,3.18,ml,0,130,,0.241,ci,ci3031274,2016-02-10T11:03:13.076Z,"40km SW of Ludlow, California",earthquake,,,,20,reviewed,ci,ci
1992-06-28T22:21:39.120Z,34.179,-116.813,1.822,3.67,ml,0,61.6,,0.175,ci,ci3031273,2016-02-09T20:36:31.522Z,"10km SSE of Big Bear City, California",earthquake,,0.376,,16,reviewed,ci,ci
1992-06-28T22:20:08.800Z,34.177,-116.827,1.732,3,mh,0,80,,0.179,ci,ci3066217,2016-04-02T05:40:15.996Z,"10km S of Big Bear City, CA",earthquake,,0.363,,0,reviewed,ci,ci
1992-06-28T22:17:58.110Z,34.117,-116.415,1.669,3.64,ml,0,131.8,,0.192,ci,ci3031866,2016-02-10T14:29:51.944Z,"2km E of Yucca Valley, California",earthquake,,1.534,,18,reviewed,ci,ci
1992-06-28T22:17:16.630Z,34.16,-116.834,7.61,3.26,ml,0,92.7,,0.155,ci,ci3031272,2016-02-10T00:19:10.150Z,"11km S of Big Bear City, California",earthquake,,1.451,,14,reviewed,ci,ci
1992-06-28T22:15:46.080Z,34.036,-116.353,1.819,3,mh,0,93.9,,0.15,ci,ci3031531,2016-04-02T18:17:59.365Z,"11km SE of Yucca Valley, CA",earthquake,,0.651,,0,reviewed,ci,ci
1992-06-28T22:15:02.840Z,34.068,-116.364,2.75,3,mh,0,108.7,,0.189,ci,ci3031528,2016-02-10T00:19:08.671Z,"8km SE of Yucca Valley, California",earthquake,,0.394,,0,reviewed,ci,ci
1992-06-28T22:13:12.090Z,34.0453333,-116.353,9.36,4.01,ml,77,38,,0.37,ci,ci2057138,2016-04-02T15:12:10.339Z,"11km SE of Yucca Valley, CA",earthquake,0.58,0.99,,21,reviewed,ci,ci
1992-06-28T22:07:50.020Z,34.618,-116.674,4.674,3.54,ml,0,45.4,,0.259,ci,ci2057137,2016-02-09T20:36:28.834Z,"33km NE of Lucerne Valley, California",earthquake,,,,11,reviewed,ci,ci
1992-06-28T22:03:23.500Z,34.2361667,-116.7888333,3.253,3.57,ml,51,68,,0.18,ci,ci2057136,2016-04-02T12:02:48.079Z,"6km ESE of Big Bear City, CA",earthquake,0.32,1.03,,20,reviewed,ci,ci
1992-06-28T21:56:46.060Z,34.2018333,-116.7745,-0.847,3.44,ml,37,64,,0.19,ci,ci2057135,2016-04-02T02:22:25.605Z,"9km SE of Big Bear City, CA",earthquake,0.35,0.87,,21,reviewed,ci,ci
1992-06-28T21:55:39.370Z,34.1325,-116.867,8.061,3.68,mc,60,79,,0.25,ci,ci3031266,2016-04-02T05:33:33.908Z,"13km SSE of Big Bear Lake, CA",earthquake,0.41,0.8,,44,reviewed,ci,ci
1992-06-28T21:55:27.290Z,34.304,-116.4661667,-1.346,2.5,mh,37,123,,0.29,ci,ci3099963,2016-04-02T15:14:45.581Z,"21km N of Yucca Valley, CA",earthquake,0.88,1.99,,0,reviewed,ci,ci
1992-06-28T21:54:06.300Z,34.2165,-116.8293333,1.289,2.5,mh,10,175,0.1312,0.13,ci,ci3031491,2016-02-10T03:56:10.189Z,"5km SSE of Big Bear City, California",earthquake,0.78,1.14,,0,reviewed,ci,ci
1992-06-28T21:54:02.830Z,34.621,-116.612,4.54,3.27,ml,0,57.4,,0.197,ci,ci2057134,2016-02-10T07:27:49.127Z,"38km ENE of Lucerne Valley, California",earthquake,,,,17,reviewed,ci,ci
1992-06-28T21:51:28.580Z,34.3445,-116.4706667,-0.127,3,mh,22,160,,0.17,ci,ci3031468,2016-04-02T08:44:07.774Z,"26km N of Yucca Valley, CA",earthquake,0.71,1.21,,0,reviewed,ci,ci
1992-06-28T21:51:03.330Z,34.6496667,-116.5978333,-0.725,3,mh,16,112,0.3557,0.35,ci,ci12178987,2016-02-09T20:36:25.312Z,"41km W of Ludlow, California",earthquake,1.28,1.58,,0,reviewed,ci,ci
1992-06-28T21:50:37.490Z,34.1148333,-116.416,-0.95,2.94,ml,21,96,,0.19,ci,ci3031467,2016-04-02T02:20:02.123Z,"2km E of Yucca Valley, CA",earthquake,0.49,1.16,,12,reviewed,ci,ci
1992-06-28T21:49:51.270Z,34.02,-116.352,2.448,3.33,ml,0,144.5,,0.209,ci,ci2057133,2016-02-10T07:27:47.874Z,"13km SE of Yucca Valley, California",earthquake,,0.255,,21,reviewed,ci,ci
1992-06-28T21:47:56.100Z,34.025,-116.355,1.428,2.5,mh,0,89.8,,0.218,ci,ci3031451,2016-04-01T23:03:34.743Z,"12km SE of Yucca Valley, CA",earthquake,,0.627,,0,reviewed,ci,ci
1992-06-28T21:46:43.540Z,34.1278333,-116.8691667,8.759,3.36,ml,74,32,,0.24,ci,ci2057132,2016-04-02T12:02:46.572Z,"14km SSE of Big Bear Lake, CA",earthquake,0.39,0.7,,17,reviewed,ci,ci
1992-06-28T21:45:13.260Z,34.613,-116.652,4.797,3.24,ml,0,145.5,,0.196,ci,ci3031260,2016-02-10T11:03:10.337Z,"34km ENE of Lucerne Valley, California",earthquake,,,,11,reviewed,ci,ci
1992-06-28T21:44:33.070Z,34.022,-116.35,1.291,3.07,ml,0,88.5,,0.206,ci,ci3031258,2016-02-10T07:27:46.545Z,"13km SE of Yucca Valley, California",earthquake,,0.668,,6,reviewed,ci,ci
1992-06-28T21:42:04.070Z,34.1436667,-116.6983333,11.937,2.5,mh,9,152,,0.2,ci,ci3073231,2016-04-02T02:25:52.633Z,"15km NW of Morongo Valley, CA",earthquake,1.16,1.81,,0,reviewed,ci,ci
1992-06-28T21:41:15.740Z,34.1718333,-116.8036667,1.29,2.74,mc,11,172,,0.17,ci,ci3099957,2016-04-02T08:49:31.392Z,"11km SSE of Big Bear City, CA",earthquake,0.97,1.15,,17,reviewed,ci,ci
1992-06-28T21:40:18.700Z,34.124,-116.736,9.695,3.39,ml,0,70.1,,0.186,ci,ci3031256,2016-02-10T18:02:56.111Z,"17km WNW of Morongo Valley, California",earthquake,,0.514,,15,reviewed,ci,ci
1992-06-28T21:39:28.850Z,34.17,-116.4225,10.367,2.66,mc,7,151,,0.15,ci,ci3098523,2016-04-02T18:23:28.097Z,"6km N of Yucca Valley, CA",earthquake,1.04,2.79,,1,reviewed,ci,ci
1992-06-28T21:38:51.160Z,34.4141667,-116.4776667,2.007,3.28,mc,11,145,0.2168,0.3,ci,ci3031255,2016-04-02T05:33:32.333Z,"34km N of Yucca Valley, CA",earthquake,0.9,1.93,,9,reviewed,ci,ci
1992-06-28T21:34:29.900Z,34.1126667,-116.392,7.731,2.98,ml,14,148,,0.15,ci,ci3031254,2016-04-02T08:43:32.496Z,"4km E of Yucca Valley, CA",earthquake,0.68,3.45,,6,reviewed,ci,ci
1992-06-28T21:34:22.170Z,34.4151667,-116.5196667,4.82,2.5,mh,13,273,,0.14,ci,ci3073350,2016-04-02T08:49:46.779Z,"34km NNW of Yucca Valley, CA",earthquake,2.72,31.61,,0,reviewed,ci,ci
1992-06-28T21:30:50.970Z,34.6361667,-116.6305,4.51,3,mh,8,255,0.33,0.3,ci,ci12178967,2016-02-09T20:36:23.206Z,"38km NE of Lucerne Valley, California",earthquake,1.57,27.74,,0,reviewed,ci,ci
1992-06-28T21:30:41.880Z,34.9213333,-116.9045,0.373,3.31,ml,10,175,0.1209,0.08,ci,ci3031253,2016-04-01T23:03:04.223Z,"11km ENE of Barstow, CA",earthquake,0.64,1.05,,8,reviewed,ci,ci
1992-06-28T21:27:45.420Z,34.1681667,-116.4361667,8.863,2.5,mh,20,161,,0.25,ci,ci12178963,2016-02-10T18:02:54.734Z,"6km N of Yucca Valley, California",earthquake,0.72,2.57,,0,reviewed,ci,ci
1992-06-28T21:27:07.860Z,34.101,-116.8953333,2.057,3.17,ml,22,111,,0.14,ci,ci3031252,2016-04-02T05:33:31.040Z,"16km ENE of Yucaipa, CA",earthquake,0.45,0.51,,10,reviewed,ci,ci
1992-06-28T21:26:51.030Z,34.2183333,-116.7568333,13.817,2.5,mh,17,197,,0.11,ci,ci12178959,2016-02-10T21:42:41.133Z,"9km ESE of Big Bear City, California",earthquake,1.07,0.62,,0,reviewed,ci,ci
1992-06-28T21:24:39.820Z,34.1256667,-116.4101667,2.513,3.21,mc,24,75,,0.22,ci,ci3099952,2016-04-02T05:39:00.997Z,"2km ENE of Yucca Valley, CA",earthquake,0.48,0.94,,31,reviewed,ci,ci
1992-06-28T21:24:01.140Z,34.106,-116.422,2.493,3.02,mc,0,125.5,,0.152,ci,ci3099951,2016-02-10T11:03:05.403Z,"1km SE of Yucca Valley, California",earthquake,,0.53,,17,reviewed,ci,ci
1992-06-28T21:23:17.040Z,34.235,-116.751,8.807,3.47,ml,0,95.1,,0.172,ci,ci3031251,2016-02-10T18:02:52.813Z,"9km ESE of Big Bear City, California",earthquake,,0.557,,19,reviewed,ci,ci
1992-06-28T21:22:08.900Z,34.1636667,-116.433,2.843,3.32,ml,50,90,,0.29,ci,ci3031249,2016-04-02T05:33:29.633Z,"6km N of Yucca Valley, CA",earthquake,0.56,1.12,,19,reviewed,ci,ci
1992-06-28T21:19:00.910Z,34.223,-116.7556667,-0.597,3.23,ml,34,108,,0.15,ci,ci3031247,2016-04-01T19:48:42.554Z,"9km ESE of Big Bear City, CA",earthquake,0.39,0.91,,20,reviewed,ci,ci
1992-06-28T21:16:44.550Z,34.6478333,-116.705,-0.786,3.53,ml,59,86,,0.34,ci,ci3031246,2016-04-02T05:33:28.088Z,"33km NE of Lucerne Valley, CA",earthquake,0.59,1.9,,21,reviewed,ci,ci
1992-06-28T21:15:37.450Z,34.247,-116.7255,0.152,2.86,ml,11,144,,0.12,ci,ci3031795,2016-04-02T15:14:50.858Z,"11km E of Big Bear City, CA",earthquake,0.6,1.13,,8,reviewed,ci,ci
1992-06-28T21:13:16.470Z,34.095,-116.427,2.983,4.67,ml,0,87.3,,0.255,ci,ci3031245,2016-02-10T00:18:58.481Z,"2km SSE of Yucca Valley, California",earthquake,,0.266,,16,reviewed,ci,ci
1992-06-28T21:11:57.950Z,34.1608333,-116.8733333,5.124,2.7,mc,18,191,,0.15,ci,ci3031244,2016-04-02T05:35:08.943Z,"10km SSE of Big Bear Lake, CA",earthquake,1.52,3.71,,9,reviewed,ci,ci
1992-06-28T21:09:14.770Z,34.248,-116.746,8.099,3.24,ml,0,176.5,,0.152,ci,ci3031242,2016-02-10T03:56:03.213Z,"9km E of Big Bear City, California",earthquake,,4.149,,10,reviewed,ci,ci
1992-06-28T21:06:21.060Z,34.2006667,-116.776,1.397,2.5,mh,15,240,,0.12,ci,ci3031239,2016-04-02T05:35:07.710Z,"9km SE of Big Bear City, CA",earthquake,0.88,0.71,,0,reviewed,ci,ci
1992-06-28T20:58:13.590Z,34.5963333,-116.6505,0.017,3.58,ml,42,126,,0.38,ci,ci3031238,2016-04-02T18:19:13.997Z,"34km ENE of Lucerne Valley, CA",earthquake,0.8,1.88,,12,reviewed,ci,ci
1992-06-28T20:55:32.810Z,34.214,-116.802,0.487,2.5,mh,0,99.2,,0.104,ci,ci3099836,2016-04-02T02:25:34.299Z,"7km SE of Big Bear City, CA",earthquake,,0.758,,0,reviewed,ci,ci
1992-06-28T20:54:49.700Z,34.1941667,-116.819,-1.413,3.3,ml,66,86,,0.27,ci,ci3031236,2016-04-02T18:19:12.580Z,"8km SSE of Big Bear City, CA",earthquake,0.38,0.82,,19,reviewed,ci,ci
1992-06-28T20:51:32.040Z,34.1968333,-116.7821667,8.427,4.12,ml,53,84,,0.2,ci,ci3031235,2016-04-02T08:45:23.445Z,"9km SE of Big Bear City, CA",earthquake,0.36,0.73,,20,reviewed,ci,ci
1992-06-28T20:50:08.760Z,34.1803333,-116.808,11.462,2.59,mc,9,101,,0.15,ci,ci3076062,2016-04-02T12:06:45.406Z,"10km SSE of Big Bear City, CA",earthquake,1.04,2.69,,1,reviewed,ci,ci
1992-06-28T20:49:09.050Z,34.0208333,-116.3698333,-0.519,2.5,mh,21,106,,0.2,ci,ci3076068,2016-04-02T05:40:54.025Z,"12km SSE of Yucca Valley, CA",earthquake,0.52,1.11,,0,reviewed,ci,ci
1992-06-28T20:46:49.040Z,34.0266667,-116.3765,1.211,3.46,ml,21,113,0.08932,0.23,ci,ci3031902,2016-04-02T15:15:08.509Z,"11km SSE of Yucca Valley, CA",earthquake,0.65,0.99,,7,reviewed,ci,ci
1992-06-28T20:37:47.170Z,34.4598333,-116.5178333,-0.403,3.1,ml,29,149,,0.21,ci,ci3031230,2016-04-01T23:04:59.899Z,"37km NE of Big Bear City, CA",earthquake,0.69,1.87,,9,reviewed,ci,ci
1992-06-28T20:34:28.280Z,34.982,-116.943,2.174,2.5,mh,0,79.2,,0.293,ci,ci3065343,2016-02-10T14:29:41.411Z,"12km NE of Barstow, California",earthquake,,0.482,,0,reviewed,ci,ci
1992-06-28T20:34:19.820Z,35.644,-117.6218333,6.464,2.5,mh,17,106,,0.13,ci,ci3031229,2016-04-02T02:21:17.842Z,"6km ENE of Ridgecrest, CA",earthquake,0.51,2.94,,0,reviewed,ci,ci
1992-06-28T20:25:03.560Z,34.358,-116.459,0.864,2.5,mh,14,209,0.1744,0.11,ci,ci12178903,2016-02-10T21:42:32.764Z,"27km N of Yucca Valley, California",earthquake,0.64,0.62,,0,reviewed,ci,ci
1992-06-28T20:23:18.400Z,34.1253333,-116.4246667,1.343,3.6,ml,33,134,,0.23,ci,ci3031228,2016-04-02T05:35:06.443Z,"1km NNE of Yucca Valley, CA",earthquake,0.66,1.35,,24,reviewed,ci,ci
1992-06-28T20:22:14.160Z,34.234,-116.745,3.667,2.65,mc,0,129.1,,0.107,ci,ci3096796,2016-02-10T11:02:58.601Z,"10km ESE of Big Bear City, California",earthquake,,13.502,,6,reviewed,ci,ci
1992-06-28T20:22:00.340Z,34.233,-116.7426667,7.707,2.65,mc,26,123,,0.13,ci,ci3096760,2016-04-02T15:14:29.232Z,"10km ESE of Big Bear City, CA",earthquake,0.4,1.09,,33,reviewed,ci,ci
1992-06-28T20:19:38.540Z,34.3456667,-116.4631667,0.594,2.74,mc,22,161,,0.25,ci,ci3096794,2016-04-02T18:23:25.857Z,"26km N of Yucca Valley, CA",earthquake,0.81,1.5,,12,reviewed,ci,ci
1992-06-28T20:19:07.830Z,34.639,-116.677,4.797,3.01,ml,0,88.1,,0.246,ci,ci3096759,2016-02-10T00:18:54.497Z,"34km NE of Lucerne Valley, California",earthquake,,,,8,reviewed,ci,ci
1992-06-28T20:18:21.310Z,34.9775,-116.9385,-0.897,3.03,ml,43,80,,0.32,ci,ci3096807,2016-04-02T15:14:30.648Z,"12km NE of Barstow, CA",earthquake,0.64,1.6,,14,reviewed,ci,ci
1992-06-28T20:17:58.080Z,34.189,-116.8238333,3.952,2.88,mc,28,84,,0.12,ci,ci3096758,2016-04-02T08:49:13.585Z,"8km SSE of Big Bear City, CA",earthquake,0.4,2.8,,39,reviewed,ci,ci
1992-06-28T20:16:50.380Z,34.0396667,-116.3493333,0.086,2.81,mc,24,94,,0.27,ci,ci3096776,2016-04-01T23:09:27.811Z,"11km SSW of Joshua Tree, CA",earthquake,0.53,1.46,,16,reviewed,ci,ci
1992-06-28T20:16:30.450Z,34.7846667,-116.7343333,4.93,3.15,ml,46,94,,0.3,ci,ci3096756,2016-04-02T15:14:27.942Z,"29km ESE of Barstow, CA",earthquake,0.68,31.61,,16,reviewed,ci,ci
1992-06-28T20:14:59.640Z,35.0226667,-116.9725,-0.901,3.69,ml,55,74,,0.3,ci,ci3096804,2016-04-02T02:25:20.707Z,"14km NNE of Barstow, CA",earthquake,0.55,1.59,,20,reviewed,ci,ci
1992-06-28T20:14:48.890Z,34.1223333,-116.7431667,4.788,2.5,mh,9,156,,0.15,ci,ci12178899,2016-02-10T07:27:32.294Z,"17km WNW of Morongo Valley, California",earthquake,0.76,13.85,,0,reviewed,ci,ci
1992-06-28T20:14:37.060Z,34.1885,-116.8103333,1.192,3.02,ml,9,96,0.1431,0.15,ci,ci3096753,2016-04-02T18:23:24.611Z,"9km SSE of Big Bear City, CA",earthquake,0.63,1.13,,19,reviewed,ci,ci
1992-06-28T20:14:21.850Z,34.1555,-116.8271667,5.717,2.5,mh,27,94,,0.14,ci,ci3096752,2016-04-02T05:38:51.462Z,"12km S of Big Bear City, CA",earthquake,0.39,1.8,,0,reviewed,ci,ci
1992-06-28T20:13:42.900Z,34.1551667,-116.4373333,0.556,2.5,mh,9,153,0.1288,0.15,ci,ci12178895,2016-02-10T14:29:40.083Z,"5km N of Yucca Valley, California",earthquake,0.61,0.78,,0,reviewed,ci,ci
1992-06-28T20:13:19.330Z,34.0476667,-116.3608333,2.111,3.2,ml,47,101,,0.29,ci,ci3096750,2016-04-02T15:14:26.615Z,"10km SE of Yucca Valley, CA",earthquake,0.6,1.05,,17,reviewed,ci,ci
1992-06-28T20:12:40.600Z,34.0976667,-116.3823333,0.683,3.07,ml,46,120,,0.23,ci,ci3096749,2016-04-02T12:05:28.579Z,"5km ESE of Yucca Valley, CA",earthquake,0.46,1.03,,18,reviewed,ci,ci
1992-06-28T20:11:09.920Z,34.0196667,-116.358,1.416,3.2,mh,28,87,,0.34,ci,ci3065017,2016-04-02T15:15:52.837Z,"12km SSE of Yucca Valley, CA",earthquake,0.65,1.18,,0,reviewed,ci,ci
1992-06-28T20:10:03.730Z,34.156,-116.4491667,0.411,3.24,ml,16,120,,0.22,ci,ci3031224,2016-04-01T23:04:58.517Z,"5km NNW of Yucca Valley, CA",earthquake,0.59,1.61,,11,reviewed,ci,ci
1992-06-28T20:09:57.170Z,34.2236667,-116.7668333,9.557,2.8,mh,16,115,,0.12,ci,ci12178891,2016-02-10T21:42:28.637Z,"8km ESE of Big Bear City, California",earthquake,0.44,1.64,,0,reviewed,ci,ci
1992-06-28T20:05:31.190Z,34.629,-116.6625,9.106,3.22,ml,16,231,,0.33,ci,ci3066225,2016-04-02T15:15:54.119Z,"35km NE of Lucerne Valley, CA",earthquake,1.24,1.91,,12,reviewed,ci,ci
1992-06-28T20:04:25.310Z,33.8615,-116.3063333,1.47,3.63,ml,34,147,,0.34,ci,ci3031222,2016-04-02T18:19:11.066Z,"9km ENE of Thousand Palms, CA",earthquake,0.94,1.61,,13,reviewed,ci,ci
1992-06-28T20:02:36.170Z,34.1203333,-116.4126667,1.778,2.61,mc,11,147,,0.17,ci,ci3071046,2016-04-02T12:05:51.429Z,"2km ENE of Yucca Valley, CA",earthquake,1.17,1.11,,8,reviewed,ci,ci
1992-06-28T20:01:17.340Z,34.2648333,-116.4583333,0.405,3.38,ml,38,165,,0.27,ci,ci3031220,2016-04-02T15:10:37.010Z,"17km N of Yucca Valley, CA",earthquake,0.95,1.41,,22,reviewed,ci,ci
1992-06-28T19:58:51.330Z,34.23,-116.852,1.01,3.03,ml,0,116.5,,0.219,ci,ci3031219,2016-02-10T21:42:25.950Z,"4km S of Big Bear City, California",earthquake,,0.671,,11,reviewed,ci,ci
1992-06-28T19:55:02.730Z,34.062,-116.404,1.876,3.24,ml,0,105.3,,0.207,ci,ci3031217,2016-02-10T00:18:47.321Z,"6km SSE of Yucca Valley, California",earthquake,,0.367,,15,reviewed,ci,ci
1992-06-28T19:53:59.980Z,34.2325,-116.798,2.97,2.5,mh,8,161,0.1821,0.18,ci,ci3065329,2016-04-02T05:40:14.586Z,"5km SE of Big Bear City, CA",earthquake,1.18,1.6,,0,reviewed,ci,ci
1992-06-28T19:53:28.890Z,34.2458333,-116.4576667,4.034,3.07,ml,23,157,,0.19,ci,ci3031216,2016-04-01T23:04:56.797Z,"15km N of Yucca Valley, CA",earthquake,0.75,1.43,,8,reviewed,ci,ci
1992-06-28T19:46:53.920Z,34.243,-116.436,2.463,3.47,ml,0,128.9,,0.177,ci,ci3031214,2016-02-09T20:36:19.433Z,"14km N of Yucca Valley, California",earthquake,,1.513,,16,reviewed,ci,ci
1992-06-28T19:46:12.380Z,34.196,-116.8426667,4.667,2.5,mh,4,147,0.1306,0.04,ci,ci12178859,2016-02-10T11:02:53.627Z,"7km S of Big Bear City, California",earthquake,0.97,11.6,,0,reviewed,ci,ci
1992-06-28T19:45:11.330Z,34.1715,-116.8363333,0.292,2.94,ml,40,77,,0.2,ci,ci3031213,2016-04-02T15:10:35.604Z,"10km S of Big Bear City, CA",earthquake,0.33,0.68,,18,reviewed,ci,ci
1992-06-28T19:44:59.330Z,34.3736667,-116.4703333,4.636,2.5,mh,7,165,0.1829,0.12,ci,ci12178855,2016-02-10T07:27:28.259Z,"29km N of Yucca Valley, California",earthquake,0.97,14.25,,0,reviewed,ci,ci
1992-06-28T19:43:36.440Z,34.1278333,-116.4455,1.647,2.5,mh,17,133,,0.29,ci,ci3064682,2016-04-02T15:15:51.470Z,"2km NW of Yucca Valley, CA",earthquake,0.67,1.46,,0,reviewed,ci,ci
1992-06-28T19:43:00.570Z,35.0396667,-117.0043333,7.873,3,mh,9,253,0.0748,0.18,ci,ci12178847,2016-02-10T00:18:42.944Z,"16km N of Barstow, California",earthquake,1.28,1.59,,0,reviewed,ci,ci
1992-06-28T19:42:27.440Z,34.6163333,-116.652,-0.966,3.5,mh,14,239,0.3044,0.27,ci,ci12178843,2016-02-10T07:27:27.004Z,"35km ENE of Lucerne Valley, California",earthquake,1.07,1.39,,0,reviewed,ci,ci
1992-06-28T19:42:14.460Z,34.188,-116.44,1.114,3.7,ml,0,104.8,,0.271,ci,ci3031212,2016-02-10T07:27:25.654Z,"8km N of Yucca Valley, California",earthquake,,0.586,,44,reviewed,ci,ci
1992-06-28T19:38:02.360Z,34.1915,-116.809,2.493,2.5,mh,8,215,0.1459,0.18,ci,ci12178839,2016-02-10T00:18:41.571Z,"8km SSE of Big Bear City, California",earthquake,1.88,1.18,,0,reviewed,ci,ci
1992-06-28T19:37:49.870Z,34.3795,-116.4456667,-1.444,2.88,ml,20,97,,0.18,ci,ci3031841,2016-04-01T23:10:02.401Z,"30km N of Yucca Valley, CA",earthquake,0.48,1.04,,8,reviewed,ci,ci
1992-06-28T19:36:36.170Z,34.517,-116.5341667,4.504,3.53,ml,49,69,,0.23,ci,ci3031828,2016-04-01T19:55:08.378Z,"40km NE of Big Bear City, CA",earthquake,0.49,31.61,,16,reviewed,ci,ci
1992-06-28T19:36:14.020Z,35.97,-117.3288333,5.149,2.5,mh,13,267,0.2597,0.33,ci,ci3031211,2016-02-10T14:29:36.272Z,"23km N of Trona, California",earthquake,1.57,31.61,,0,reviewed,ci,ci
1992-06-28T19:35:41.720Z,34.6008333,-116.5961667,-0.765,3,mh,18,161,,0.56,ci,ci12178851,2016-02-10T03:55:55.955Z,"38km ENE of Lucerne Valley, California",earthquake,1.25,31.61,,0,reviewed,ci,ci
1992-06-28T19:30:24.120Z,34.2535,-116.7485,-1.613,3.6,ml,51,95,,0.3,ci,ci3031209,2016-04-02T05:35:04.786Z,"9km E of Big Bear City, CA",earthquake,0.44,0.96,,21,reviewed,ci,ci
1992-06-28T19:26:37.570Z,34.183,-116.802,-0.578,4.17,ml,0,57.7,,0.192,ci,ci3031208,2016-02-10T14:29:33.174Z,"10km SSE of Big Bear City, California",earthquake,,0.311,,18,reviewed,ci,ci
1992-06-28T19:19:09.490Z,34.296,-116.844,0.197,3.73,ml,0,80,,0.185,ci,ci3031207,2016-02-10T21:42:24.577Z,"4km N of Big Bear City, California",earthquake,,0.624,,17,reviewed,ci,ci
1992-06-28T19:13:06.900Z,34.091,-116.393,2.371,3.65,ml,0,84.6,,0.233,ci,ci3032411,2016-02-10T00:18:38.955Z,"4km SE of Yucca Valley, California",earthquake,,0.472,,20,reviewed,ci,ci
1992-06-28T19:12:54.010Z,34.2118333,-116.785,4.21,2.5,mh,11,120,,0.17,ci,ci12178799,2016-02-10T18:02:33.991Z,"8km SE of Big Bear City, California",earthquake,0.8,18.98,,0,reviewed,ci,ci
1992-06-28T19:12:24.560Z,34.08,-116.409,-0.162,2.5,mh,12,131,0.1441,0.2,ci,ci12178795,2016-02-10T07:27:19.763Z,"4km SSE of Yucca Valley, California",earthquake,0.7,1.18,,0,reviewed,ci,ci
1992-06-28T19:11:17.250Z,34.153,-116.46,3.487,3.8,ml,0,100.7,,0.213,ci,ci3031205,2016-02-10T07:27:18.431Z,"5km NNW of Yucca Valley, California",earthquake,,0.904,,11,reviewed,ci,ci
1992-06-28T19:00:26.300Z,34.2546667,-116.7468333,-1.276,3.8,ml,61,93,,0.27,ci,ci3031201,2016-04-02T18:19:09.367Z,"9km E of Big Bear City, CA",earthquake,0.41,1.02,,16,reviewed,ci,ci
1992-06-28T18:59:55.360Z,34.5901667,-116.6456667,4.759,2.5,mh,8,278,0.2961,0.29,ci,ci12178779,2016-02-09T20:36:12.818Z,"34km ENE of Lucerne Valley, California",earthquake,3.15,27.13,,0,reviewed,ci,ci
1992-06-28T18:59:24.360Z,34.61,-116.689,4.553,3.05,ml,0,209.9,,0.248,ci,ci3099100,2016-02-10T11:02:51.600Z,"32km NE of Lucerne Valley, California",earthquake,,,,14,reviewed,ci,ci
1992-06-28T18:58:47.020Z,34.1776667,-116.8171667,3.36,3.27,ml,36,79,,0.23,ci,ci3031200,2016-04-02T12:01:38.574Z,"10km SSE of Big Bear City, CA",earthquake,0.59,1.12,,18,reviewed,ci,ci
1992-06-28T18:57:55.190Z,34.29,-116.452,6.188,3,mh,0,148.5,,0.157,ci,ci3031199,2016-04-02T18:19:07.343Z,"20km N of Yucca Valley, CA",earthquake,,11.315,,0,reviewed,ci,ci
1992-06-28T18:56:29.510Z,34.1693333,-116.6103333,5.203,2.5,mh,7,137,0.2532,0.29,ci,ci12178775,2016-02-10T00:18:36.148Z,"14km NNW of Morongo Valley, California",earthquake,1.94,26.62,,0,reviewed,ci,ci
1992-06-28T18:56:13.570Z,34.3511667,-116.4878333,9.647,3,mh,9,198,0.1562,0.13,ci,ci12178771,2016-02-10T07:27:17.006Z,"27km N of Yucca Valley, California",earthquake,0.82,1.98,,0,reviewed,ci,ci
1992-06-28T18:55:51.820Z,34.2358333,-116.4131667,16.933,2.5,mh,8,213,0.1371,0.22,ci,ci12178767,2016-02-10T03:55:52.245Z,"14km N of Yucca Valley, California",earthquake,2.04,2.58,,0,reviewed,ci,ci
1992-06-28T18:55:02.350Z,34.2256667,-116.8733333,0.437,3.55,ml,49,75,,0.25,ci,ci3031198,2016-04-02T15:10:34.110Z,"4km ESE of Big Bear Lake, CA",earthquake,0.38,0.94,,18,reviewed,ci,ci
1992-06-28T18:53:18.860Z,34.1965,-116.7988333,5.527,3.53,ml,48,58,,0.17,ci,ci3031197,2016-04-02T02:21:15.084Z,"8km SSE of Big Bear City, CA",earthquake,0.33,1.18,,16,reviewed,ci,ci
1992-06-28T18:48:59.210Z,34.2626667,-116.4513333,4.75,2.8,mh,9,227,0.2363,0.17,ci,ci12178759,2016-02-10T07:27:15.801Z,"17km N of Yucca Valley, California",earthquake,2.31,18.6,,0,reviewed,ci,ci
1992-06-28T18:48:26.540Z,34.1925,-116.7923333,1.157,3.05,ml,31,100,,0.17,ci,ci3031196,2016-04-01T19:50:25.339Z,"9km SSE of Big Bear City, CA",earthquake,0.48,0.85,,11,reviewed,ci,ci
1992-06-28T18:43:57.300Z,34.0538333,-116.3716667,1.176,3.44,ml,45,46,,0.36,ci,ci3031195,2016-04-02T12:01:37.229Z,"9km SE of Yucca Valley, CA",earthquake,0.61,1.27,,9,reviewed,ci,ci
1992-06-28T18:40:38.110Z,34.043,-116.364,2.633,3.17,ml,0,178.7,,0.201,ci,ci3031194,2016-02-10T14:29:29.070Z,"10km SE of Yucca Valley, California",earthquake,,0.848,,5,reviewed,ci,ci
1992-06-28T18:36:04.930Z,35.649,-117.524,5.164,2.53,mc,0,141.2,,0.182,ci,ci3032300,2016-02-10T00:18:34.892Z,"14km ENE of Ridgecrest, California",earthquake,,11.606,,12,reviewed,ci,ci
1992-06-28T18:35:10.730Z,34.9688333,-116.9336667,2.054,3,mh,28,217,,0.29,ci,ci3031193,2016-04-02T18:19:04.643Z,"11km NE of Barstow, CA",earthquake,1.55,1.14,,0,reviewed,ci,ci
1992-06-28T18:28:23.180Z,34.4281667,-116.4931667,4.884,2.96,ml,11,177,,0.16,ci,ci3063842,2016-04-01T19:55:36.031Z,"35km N of Yucca Valley, CA",earthquake,0.81,15.28,,7,reviewed,ci,ci
1992-06-28T18:27:33.780Z,34.5686667,-116.5886667,1.538,3.35,ml,28,115,,0.21,ci,ci3042334,2016-04-02T18:24:39.464Z,"37km ENE of Lucerne Valley, CA",earthquake,0.5,1.87,,15,reviewed,ci,ci
1992-06-28T18:26:33.350Z,34.256,-116.438,2.888,3.54,ml,0,130.4,,0.155,ci,ci3042326,2016-02-09T20:36:08.832Z,"16km N of Yucca Valley, California",earthquake,,0.871,,19,reviewed,ci,ci
1992-06-28T18:26:01.360Z,34.3303333,-116.7098333,9.641,3,mh,6,224,0.09892,0.25,ci,ci12178747,2016-02-10T21:42:14.103Z,"15km ENE of Big Bear City, California",earthquake,1.66,2.72,,0,reviewed,ci,ci
1992-06-28T18:25:39.780Z,34.2216667,-116.774,5.345,3.3,mh,6,149,0.1336,0.13,ci,ci12178743,2016-02-10T03:55:48.294Z,"8km SE of Big Bear City, California",earthquake,0.87,15.88,,0,reviewed,ci,ci
1992-06-28T18:25:30.400Z,34.2088333,-116.818,4.224,3.56,ml,24,91,,0.18,ci,ci3031191,2016-04-02T05:35:03.360Z,"6km SSE of Big Bear City, CA",earthquake,0.5,19.37,,15,reviewed,ci,ci
1992-06-28T18:23:56.940Z,34.163,-116.854,2.602,3.36,ml,74,71,,0.35,ci,ci3031189,2016-04-02T05:35:01.952Z,"10km SSE of Big Bear Lake, CA",earthquake,0.48,1.05,,19,reviewed,ci,ci
1992-06-28T18:23:47.290Z,34.1496667,-116.8768333,5.492,2.5,mh,24,64,,0.13,ci,ci12178731,2016-02-10T21:42:12.955Z,"11km SSE of Big Bear Lake, California",earthquake,0.35,1.59,,0,reviewed,ci,ci
1992-06-28T18:23:08.110Z,34.037,-116.3566667,-0.152,2.5,mh,6,94,0.1017,0.15,ci,ci12178727,2016-02-10T18:02:28.375Z,"11km SE of Yucca Valley, California",earthquake,0.88,2.24,,0,reviewed,ci,ci
1992-06-28T18:22:51.410Z,34.072,-116.37,3.243,3.17,ml,0,110.8,,0.195,ci,ci3031188,2016-02-10T03:55:47.096Z,"7km SE of Yucca Valley, California",earthquake,,0.465,,6,reviewed,ci,ci
1992-06-28T18:18:20.470Z,34.025,-116.347,1.81,3.82,ml,0,130.6,,0.25,ci,ci3031187,2016-02-10T21:42:11.692Z,"13km SSW of Joshua Tree, California",earthquake,,0.48,,9,reviewed,ci,ci
1992-06-28T18:13:27.660Z,33.9788333,-116.3803333,5.085,3,mh,13,209,0.7421,0.77,ci,ci3031185,2016-04-02T07:11:51.344Z,"11km E of Desert Hot Springs, CA",earthquake,3.8,31.61,,0,reviewed,ci,ci
1992-06-28T18:02:10.700Z,34.1105,-116.7545,4.776,2.5,mh,9,145,,0.22,ci,ci3096664,2016-04-01T19:54:34.641Z,"18km WNW of Morongo Valley, CA",earthquake,0.64,31.61,,0,reviewed,ci,ci
1992-06-28T18:01:52.840Z,34.2478333,-116.9011667,6.037,3.38,ml,28,66,,0.16,ci,ci3031182,2016-04-02T08:47:08.718Z,"1km ENE of Big Bear Lake, CA",earthquake,0.41,1.84,,15,reviewed,ci,ci
1992-06-28T18:01:00.790Z,34.2045,-116.7935,1.893,2.5,mh,14,194,,0.21,ci,ci12178723,2016-02-10T18:02:26.301Z,"8km SE of Big Bear City, California",earthquake,0.86,0.64,,0,reviewed,ci,ci
1992-06-28T18:00:29.440Z,34.2386667,-116.9061667,0.424,3.82,ml,43,65,0.1271,0.26,ci,ci3031180,2016-04-01T23:07:20.810Z,"1km SE of Big Bear Lake, CA",earthquake,0.39,1.01,,13,reviewed,ci,ci
1992-06-28T17:54:49.780Z,34.257,-116.887,4.812,3.28,ml,0,153.8,,0.16,ci,ci3031178,2016-02-09T20:36:06.149Z,"3km ENE of Big Bear Lake, California",earthquake,,70.77,,13,reviewed,ci,ci
1992-06-28T17:53:10.840Z,34.207,-116.827,2.452,3,mh,0,170.9,,0.136,ci,ci3042312,2016-04-02T08:50:52.686Z,"6km SSE of Big Bear City, CA",earthquake,,2.912,,0,reviewed,ci,ci
1992-06-28T17:52:38.940Z,34.181,-116.794,3.362,3.52,ml,0,169.1,,0.142,ci,ci3042302,2016-02-10T14:29:26.636Z,"10km SSE of Big Bear City, California",earthquake,,0.831,,11,reviewed,ci,ci
1992-06-28T17:52:22.880Z,34.1938333,-116.7845,3.092,2.5,mh,15,143,,0.17,ci,ci3031177,2016-04-02T02:23:22.996Z,"9km SE of Big Bear City, CA",earthquake,0.75,0.99,,0,reviewed,ci,ci
1992-06-28T17:49:16.140Z,34.2275,-116.7636667,5.178,2.5,mh,7,121,0.1313,0.11,ci,ci12178703,2016-02-10T11:02:45.394Z,"8km ESE of Big Bear City, California",earthquake,0.75,12.52,,0,reviewed,ci,ci
1992-06-28T17:49:08.180Z,34.2438333,-116.8413333,-0.957,2.5,mh,9,123,0.1046,0.35,ci,ci12178699,2016-02-10T07:27:10.089Z,"2km S of Big Bear City, California",earthquake,1.28,2.69,,0,reviewed,ci,ci
1992-06-28T17:48:32.370Z,34.218,-116.751,-0.393,4.46,ml,0,75.4,,0.219,ci,ci3031176,2016-02-10T11:02:44.179Z,"10km ESE of Big Bear City, California",earthquake,,0.314,,20,reviewed,ci,ci
1992-06-28T17:46:44.410Z,34.1001667,-116.3841667,3.28,2.8,mh,20,124,,0.18,ci,ci12178695,2016-02-10T18:02:23.870Z,"5km ESE of Yucca Valley, California",earthquake,0.51,0.82,,0,reviewed,ci,ci
1992-06-28T17:45:34.540Z,34.133,-116.86,-0.006,3.63,ml,0,65.8,,0.216,ci,ci3031360,2016-02-09T20:36:04.618Z,"13km SSE of Big Bear Lake, California",earthquake,,0.333,,26,reviewed,ci,ci
1992-06-28T17:44:30.150Z,34.16,-116.852,3.737,3.99,ml,0,51.3,,0.211,ci,ci3031173,2016-02-10T21:42:10.327Z,"11km SSE of Big Bear Lake, California",earthquake,,0.311,,19,reviewed,ci,ci
1992-06-28T17:42:32.400Z,34.238,-116.902,5.103,3.94,ml,0,62.9,,0.197,ci,ci3031172,2016-02-10T03:55:44.466Z,"1km SE of Big Bear Lake, California",earthquake,,2.908,,15,reviewed,ci,ci
1992-06-28T17:41:23.330Z,34.336,-116.4626667,4.791,3.5,mh,26,138,,0.17,ci,ci12178691,2016-02-10T18:02:22.653Z,"25km N of Yucca Valley, California",earthquake,0.73,18.62,,0,reviewed,ci,ci
1992-06-28T17:41:06.220Z,34.1953333,-116.7955,3.229,2.5,mh,10,214,0.1568,0.18,ci,ci12178687,2016-02-10T14:29:23.120Z,"9km SSE of Big Bear City, California",earthquake,1.09,0.76,,0,reviewed,ci,ci
1992-06-28T17:39:52.040Z,34.3601667,-116.4716667,5.085,4.04,ml,31,134,,0.18,ci,ci3031171,2016-04-02T15:12:49.380Z,"28km N of Yucca Valley, CA",earthquake,0.61,31.61,,13,reviewed,ci,ci
1992-06-28T17:39:43.050Z,34.431,-116.5176667,4.791,3.5,mh,43,120,,0.31,ci,ci3099073,2016-02-10T21:42:08.231Z,"36km ENE of Big Bear City, California",earthquake,0.74,31.61,,0,reviewed,ci,ci
1992-06-28T17:33:03.540Z,34.257,-116.8991667,11.524,2.5,mh,12,66,0.1085,0.16,ci,ci12178683,2016-02-10T07:27:08.886Z,"2km NE of Big Bear Lake, California",earthquake,0.53,1.64,,0,reviewed,ci,ci
1992-06-28T17:32:30.240Z,34.1963333,-116.8188333,-0.033,3.98,ml,54,85,,0.28,ci,ci3032263,2016-04-02T02:26:10.904Z,"8km SSE of Big Bear City, CA",earthquake,0.41,0.92,,14,reviewed,ci,ci
1992-06-28T17:31:21.510Z,34.2893333,-116.4435,7.734,4.14,ml,60,53,,0.33,ci,ci3031170,2016-04-02T18:20:58.418Z,"20km N of Yucca Valley, CA",earthquake,0.66,1.2,,10,reviewed,ci,ci
1992-06-28T17:25:42.180Z,34.237,-116.75,2.302,3.58,ml,0,201.2,,0.119,ci,ci3031169,2016-02-10T00:18:32.121Z,"9km ESE of Big Bear City, California",earthquake,,0.998,,5,reviewed,ci,ci
1992-06-28T17:23:18.080Z,34.183,-116.844,2.38,2.5,mh,0,102.3,,0.077,ci,ci3031309,2016-04-02T11:59:55.542Z,"9km S of Big Bear City, CA",earthquake,,0.47,,0,reviewed,ci,ci
1992-06-28T17:21:27.310Z,34.225,-116.862,-0.05,4.16,ml,0,89.3,,0.196,ci,ci3031168,2016-02-10T07:27:07.436Z,"4km SSW of Big Bear City, California",earthquake,,0.282,,19,reviewed,ci,ci
1992-06-28T17:20:27.010Z,34.0238333,-116.3446667,2.543,2.5,mh,7,217,0.09182,0.13,ci,ci12178675,2016-02-09T20:36:02.022Z,"13km SSW of Joshua Tree, California",earthquake,0.77,0.71,,0,reviewed,ci,ci
1992-06-28T17:19:22.050Z,34.0206667,-116.3621667,1.057,3.5,mh,12,142,0.08486,0.15,ci,ci3031297,2016-04-02T08:43:37.842Z,"12km SSE of Yucca Valley, CA",earthquake,0.52,0.92,,0,reviewed,ci,ci
1992-06-28T17:18:42.160Z,34.2486667,-116.7823333,-0.947,3.5,mh,18,120,0.1059,0.24,ci,ci3031289,2016-04-02T11:59:52.609Z,"6km ESE of Big Bear City, CA",earthquake,0.89,2.45,,0,reviewed,ci,ci
1992-06-28T17:18:30.010Z,34.1833333,-116.8083333,5.737,4.19,ml,56,86,,0.22,ci,ci3031166,2016-04-01T23:07:19.405Z,"9km SSE of Big Bear City, CA",earthquake,0.41,1.08,,13,reviewed,ci,ci
1992-06-28T17:16:35.220Z,35.747,-116.526,5.118,4.34,ml,0,281.4,,0.211,ci,ci3031164,2016-02-10T18:02:19.998Z,"29km WSW of Tecopa, California",earthquake,,,,5,reviewed,ci,ci
1992-06-28T17:14:38.670Z,34.3491667,-116.6173333,5.281,3.68,mc,15,158,,0.27,ci,ci3096743,2016-02-10T21:42:04.743Z,"23km ENE of Big Bear City, California",earthquake,1.33,31.61,,22,reviewed,ci,ci
1992-06-28T17:14:25.760Z,34.318,-116.861,5.059,3,mh,0,217.2,,0.221,ci,ci3031162,2016-04-01T23:07:17.889Z,"6km NNW of Big Bear City, CA",earthquake,,,,0,reviewed,ci,ci
1992-06-28T17:10:41.940Z,34.2408333,-116.9021667,7.014,3.34,ml,29,65,,0.16,ci,ci3031158,2016-04-01T23:07:16.512Z,"1km ESE of Big Bear Lake, CA",earthquake,0.38,2.68,,12,reviewed,ci,ci
1992-06-28T17:09:28.640Z,34.2585,-116.8916667,4.782,2.5,mh,6,160,0.171,0.08,ci,ci12178663,2016-02-09T20:36:00.172Z,"2km NE of Big Bear Lake, California",earthquake,1.09,13.17,,0,reviewed,ci,ci
1992-06-28T17:05:57.560Z,34.255,-116.912,6.553,5.26,ml,0,36.7,,0.222,ci,ci3031157,2016-02-10T07:27:06.031Z,"1km N of Big Bear Lake, California",earthquake,,1.118,,11,reviewed,ci,ci
1992-06-28T17:04:54.170Z,34.4066667,-116.4566667,0.858,2.5,mh,8,212,0.2172,0.11,ci,ci12178659,2016-02-10T21:42:03.478Z,"33km N of Yucca Valley, California",earthquake,1.55,0.96,,0,reviewed,ci,ci
1992-06-28T17:04:14.220Z,34.0111667,-116.3586667,1.867,3.52,ml,26,84,,0.23,ci,ci3031291,2016-04-02T18:17:34.570Z,"13km SSE of Yucca Valley, CA",earthquake,0.48,0.8,,9,reviewed,ci,ci
1992-06-28T17:04:00.300Z,34.2075,-116.7786667,11.776,3,mh,18,119,,0.15,ci,ci12178655,2016-02-10T00:18:23.113Z,"8km SE of Big Bear City, California",earthquake,0.58,1.44,,0,reviewed,ci,ci
1992-06-28T17:01:32.010Z,34.1788333,-116.9246667,9.226,4.98,ml,65,78,,0.31,ci,ci3031154,2016-04-02T15:12:45.354Z,"7km S of Big Bear Lake, CA",earthquake,0.52,0.77,,6,reviewed,ci,ci
1992-06-28T16:58:37.200Z,34.1441667,-116.4471667,5.767,2.5,mh,4,317,0.3244,0.28,ci,ci12178651,2016-02-10T18:02:17.259Z,"4km NNW of Yucca Valley, California",earthquake,2.17,25.92,,0,reviewed,ci,ci
1992-06-28T16:57:52.710Z,35.7178333,-116.5616667,5.23,3,mh,12,328,0.7673,0.34,ci,ci3031153,2016-04-02T15:12:28.180Z,"34km WSW of Tecopa, CA",earthquake,2.83,31.61,,0,reviewed,ci,ci
1992-06-28T16:53:40.580Z,34.3221667,-116.4596667,5.067,3,mh,15,235,0.1457,0.22,ci,ci3098918,2016-02-10T03:55:40.893Z,"23km N of Yucca Valley, California",earthquake,1.36,16.5,,0,reviewed,ci,ci
1992-06-28T16:52:28.670Z,34.056,-116.371,3.28,3.65,ml,0,103.1,,0.237,ci,ci3031151,2016-02-09T20:35:58.988Z,"9km SE of Yucca Valley, California",earthquake,,0.421,,5,reviewed,ci,ci
1992-06-28T16:50:20.160Z,34.06,-116.368,3.83,2.75,ml,0,104.9,,0.165,ci,ci3031270,2016-02-10T21:42:00.903Z,"8km SE of Yucca Valley, California",earthquake,,0.436,,4,reviewed,ci,ci
1992-06-28T16:49:50.830Z,34.209,-116.447,8.7,2.81,ml,0,192.9,,0.166,ci,ci3031267,2016-02-10T00:18:21.810Z,"11km N of Yucca Valley, California",earthquake,,4.018,,8,reviewed,ci,ci
1992-06-28T16:49:10.730Z,34.246,-116.878,2.32,3.43,ml,0,116,,0.21,ci,ci3031149,2016-02-10T21:41:59.681Z,"3km E of Big Bear Lake, California",earthquake,,0.325,,11,reviewed,ci,ci
1992-06-28T16:48:56.190Z,34.1788333,-116.82,10.702,2.5,mh,11,167,,0.09,ci,ci12178643,2016-02-10T14:29:19.385Z,"9km SSE of Big Bear City, California",earthquake,0.71,2.13,,0,reviewed,ci,ci
1992-06-28T16:46:15.260Z,33.937,-116.318,2.508,2.85,ml,0,141.7,,0.132,ci,ci3045547,2016-02-10T18:02:14.831Z,"15km NNE of Thousand Palms, California",earthquake,,0.432,,7,reviewed,ci,ci
1992-06-28T16:45:50.510Z,33.963,-116.298,-0.924,2.52,ml,0,86.7,,0.22,ci,ci3045521,2016-02-09T20:35:57.615Z,"18km NNE of Thousand Palms, California",earthquake,,2.383,,10,reviewed,ci,ci
1992-06-28T16:45:36.960Z,34.1498333,-116.865,11.889,2.95,ml,20,109,,0.13,ci,ci3045532,2016-04-01T23:10:57.480Z,"11km SSE of Big Bear Lake, CA",earthquake,0.52,0.92,,12,reviewed,ci,ci
1992-06-28T16:45:14.990Z,34.1461667,-116.4341667,0.903,3,ml,32,87,,0.21,ci,ci3045459,2016-04-02T02:27:15.754Z,"4km N of Yucca Valley, CA",earthquake,0.5,0.89,,16,reviewed,ci,ci
1992-06-28T16:41:40.940Z,34.2015,-116.79,6.822,2.7,mh,11,166,,0.13,ci,ci12178639,2016-02-09T20:35:56.371Z,"8km SE of Big Bear City, California",earthquake,0.64,4.64,,0,reviewed,ci,ci
1992-06-28T16:40:41.660Z,34.162,-116.8128333,6.049,3.62,ml,25,114,,0.24,ci,ci3031147,2016-04-01T23:07:15.177Z,"11km SSE of Big Bear City, CA",earthquake,0.7,1.72,,10,reviewed,ci,ci
1992-06-28T16:35:08.110Z,34.0785,-116.3995,2.92,3.5,mh,20,112,0.1416,0.29,ci,ci12178635,2016-02-10T03:55:36.661Z,"5km SE of Yucca Valley, California",earthquake,0.64,1.25,,0,reviewed,ci,ci
1992-06-28T16:34:40.600Z,34.138,-116.4415,5.606,3.3,mh,13,219,0.2029,0.22,ci,ci12178631,2016-02-10T00:18:17.448Z,"3km NNW of Yucca Valley, California",earthquake,1.08,17.09,,0,reviewed,ci,ci
1992-06-28T16:33:59.070Z,34.268,-116.708,3.947,3.2,mh,17,152,,0.19,ci,ci12178627,2016-02-09T20:35:55.162Z,"13km E of Big Bear City, California",earthquake,0.55,20.33,,0,reviewed,ci,ci
1992-06-28T16:33:08.870Z,34.59,-116.64,4.663,4.12,ml,0,162.1,,0.373,ci,ci3031747,2016-02-10T00:18:16.037Z,"34km ENE of Lucerne Valley, California",earthquake,,,,17,reviewed,ci,ci
1992-06-28T16:32:10.630Z,34.595,-116.622,4.779,4.34,ml,0,87.7,,0.237,ci,ci3031146,2016-02-10T11:02:40.851Z,"36km ENE of Lucerne Valley, California",earthquake,,,,21,reviewed,ci,ci
1992-06-28T16:27:48.900Z,34.1771667,-116.4238333,5.154,2.8,mh,6,272,0.2418,0.13,ci,ci3075937,2016-04-01T19:56:02.710Z,"7km N of Yucca Valley, CA",earthquake,4.01,31.61,,0,reviewed,ci,ci
1992-06-28T16:27:11.910Z,34.0225,-116.3806667,2.783,3,mh,6,229,0.08505,0.13,ci,ci3031145,2016-04-02T05:36:45.979Z,"11km SSE of Yucca Valley, CA",earthquake,1.09,0.82,,0,reviewed,ci,ci
1992-06-28T16:27:02.190Z,34.189,-116.81,4.802,2.5,mh,0,249,,0.09,ci,ci3075934,2016-02-10T11:02:38.194Z,"9km SSE of Big Bear City, California",earthquake,,,,0,reviewed,ci,ci
1992-06-28T16:19:03.630Z,34.3006667,-116.452,5.205,2.5,mh,8,196,,0.06,ci,ci12178619,2016-02-10T03:55:35.087Z,"21km N of Yucca Valley, California",earthquake,0.52,13.38,,0,reviewed,ci,ci
1992-06-28T16:17:19.340Z,34.208,-116.756,5.195,4.24,ml,0,98.6,,0.231,ci,ci3031142,2016-02-10T00:18:14.452Z,"10km SE of Big Bear City, California",earthquake,,,,19,reviewed,ci,ci
1992-06-28T16:16:00.110Z,34.1351667,-116.4111667,5.25,3,mh,7,141,0.1573,0.38,ci,ci12178607,2016-02-10T21:41:58.375Z,"3km NE of Yucca Valley, California",earthquake,1.52,25.83,,0,reviewed,ci,ci
1992-06-28T16:15:36.880Z,34.035,-116.9115,-0.801,2.5,mh,10,122,0.06001,0.14,ci,ci12178603,2016-02-10T03:55:32.547Z,"12km E of Yucaipa, California",earthquake,0.68,1.21,,0,reviewed,ci,ci
1992-06-28T16:15:28.560Z,34.1476667,-116.8556667,2.434,3.2,ml,17,68,,0.18,ci,ci3045463,2016-04-02T15:15:50.148Z,"12km SSE of Big Bear Lake, CA",earthquake,0.44,0.91,,20,reviewed,ci,ci
1992-06-28T16:10:26.080Z,34.1768333,-116.8356667,1.047,4.2,mh,14,107,0.1199,0.13,ci,ci12178595,2016-02-10T07:27:02.017Z,"9km S of Big Bear City, California",earthquake,0.47,1.04,,0,reviewed,ci,ci
1992-06-28T16:09:53.820Z,34.047,-116.3705,0.07,4.21,ml,83,53,,0.43,ci,ci3031690,2016-04-02T05:40:40.214Z,"9km SE of Yucca Valley, CA",earthquake,0.56,1.19,,12,reviewed,ci,ci
1992-06-28T16:08:37.580Z,34.219,-116.754,3.816,4.18,ml,0,60.3,,0.222,ci,ci3031141,2016-02-10T14:29:16.974Z,"10km ESE of Big Bear City, California",earthquake,,0.524,,12,reviewed,ci,ci
1992-06-28T16:08:31.590Z,34.1553333,-116.8385,-0.58,2.5,mh,7,192,0.1038,0.1,ci,ci12178591,2016-02-10T00:18:12.953Z,"12km S of Big Bear City, California",earthquake,0.62,11.62,,0,reviewed,ci,ci
1992-06-28T16:01:15.210Z,34.0345,-116.3755,1.768,4.33,ml,26,39,,0.37,ci,ci3031140,2016-04-02T15:12:27.411Z,"10km SSE of Yucca Valley, CA",earthquake,0.89,2.69,,5,reviewed,ci,ci
1992-06-28T15:57:01.590Z,34.066,-116.392,2.263,3.16,ml,0,107.6,,0.206,ci,ci3045886,2016-02-10T03:55:31.289Z,"6km SE of Yucca Valley, California",earthquake,,0.321,,5,reviewed,ci,ci
1992-06-28T15:56:11.690Z,34.218,-116.751,-0.517,4.01,ml,0,69.5,,0.231,ci,ci3045876,2016-02-10T07:26:59.186Z,"10km ESE of Big Bear City, California",earthquake,,0.288,,19,reviewed,ci,ci
1992-06-28T15:55:41.330Z,34.1881667,-116.4173333,3.048,2.96,ml,16,103,,0.24,ci,ci3045872,2016-04-02T12:06:34.153Z,"8km N of Yucca Valley, CA",earthquake,1.29,1.91,,5,reviewed,ci,ci
1992-06-28T15:55:22.350Z,34.0263333,-116.359,3.488,3.1,ml,12,191,0.09093,0.32,ci,ci3045469,2016-04-02T05:40:11.016Z,"12km SE of Yucca Valley, CA",earthquake,1.59,1.06,,8,reviewed,ci,ci
1992-06-28T15:55:12.530Z,34.154,-116.8686667,7.509,2.5,mh,20,67,,0.2,ci,ci12178587,2016-02-10T03:55:29.941Z,"11km SSE of Big Bear Lake, California",earthquake,0.46,1.9,,0,reviewed,ci,ci
1992-06-28T15:53:14.130Z,34.2166667,-116.733,-0.869,4.15,ml,47,121,,0.27,ci,ci3031137,2016-04-02T02:23:19.760Z,"11km ESE of Big Bear City, CA",earthquake,0.54,1.42,,16,reviewed,ci,ci
1992-06-28T15:48:14.310Z,34.15,-116.848,5.138,3.16,ml,31,57,,0.27,ci,ci3031135,2016-04-02T05:36:44.760Z,"12km SSE of Big Bear Lake, CA",earthquake,0.69,3.74,,11,reviewed,ci,ci
1992-06-28T15:47:28.130Z,34.1461667,-116.8185,5.329,2.8,mh,11,197,0.2677,0.2,ci,ci12178579,2016-02-10T00:18:11.172Z,"13km S of Big Bear City, California",earthquake,0.96,17.67,,0,reviewed,ci,ci
1992-06-28T15:46:56.730Z,34.147,-116.8365,9.14,3.73,ml,20,162,0.2546,0.35,ci,ci3066230,2016-04-02T05:40:17.367Z,"13km S of Big Bear City, CA",earthquake,1.01,2.72,,8,reviewed,ci,ci
1992-06-28T15:46:48.920Z,34.1643333,-116.818,5.328,3,mh,11,180,0.2761,0.18,ci,ci12178575,2016-02-10T07:26:53.077Z,"11km SSE of Big Bear City, California",earthquake,1.4,18.94,,0,reviewed,ci,ci
1992-06-28T15:45:54.900Z,34.0655,-116.401,-0.403,4.18,ml,54,62,,0.49,ci,ci3045923,2016-04-02T05:40:12.512Z,"6km SSE of Yucca Valley, CA",earthquake,1.01,2,,16,reviewed,ci,ci
1992-06-28T15:26:54.430Z,34.2115,-116.763,5.266,3.5,mh,8,128,,0.16,ci,ci12178571,2016-02-10T03:55:27.132Z,"9km SE of Big Bear City, California",earthquake,0.82,17.99,,0,reviewed,ci,ci
1992-06-28T15:25:20.300Z,34.2015,-116.7978333,4.652,4.27,ml,17,131,0.3635,0.26,ci,ci3031248,2016-04-02T02:19:47.236Z,"8km SSE of Big Bear City, CA",earthquake,0.71,31.61,,12,reviewed,ci,ci
1992-06-28T15:24:29.430Z,34.2011667,-116.751,5.266,4.76,ml,76,95,,0.51,ci,ci3031134,2016-04-01T19:52:17.585Z,"11km SE of Big Bear City, CA",earthquake,0.92,31.61,,9,reviewed,ci,ci
1992-06-28T15:23:20.740Z,35.1273333,-117.3278333,7.638,3.66,mc,29,218,,0.31,ci,ci3031133,2016-04-02T02:23:18.201Z,"33km ENE of Boron, CA",earthquake,1.94,1.86,,26,reviewed,ci,ci
1992-06-28T15:20:16.900Z,34.0545,-116.4015,3.376,4,mh,10,144,0.1181,0.26,ci,ci12178567,2016-02-10T00:18:09.730Z,"7km SSE of Yucca Valley, California",earthquake,1.22,0.77,,0,reviewed,ci,ci
1992-06-28T15:18:33.190Z,34.2025,-116.7583333,7.761,4.58,ml,15,116,0.156,0.19,ci,ci3031129,2016-04-02T12:03:30.879Z,"10km SE of Big Bear City, CA",earthquake,0.62,3.39,,13,reviewed,ci,ci
1992-06-28T15:17:14.010Z,34.1111667,-116.8751667,3.64,4.66,ml,17,108,,0.37,ci,ci3037203,2016-04-02T18:24:34.404Z,"15km SSE of Big Bear Lake, CA",earthquake,1.2,3.49,,9,reviewed,ci,ci
1992-06-28T15:17:10.390Z,34.1698333,-116.86,3.419,4,mh,20,83,,0.24,ci,ci12178563,2016-02-09T20:35:50.024Z,"10km SSE of Big Bear Lake, California",earthquake,0.76,9.5,,0,reviewed,ci,ci
1992-06-28T15:17:00.520Z,34.1368333,-116.859,15.96,2.8,mh,19,105,,0.29,ci,ci3096661,2016-04-02T05:38:50.133Z,"13km SSE of Big Bear Lake, CA",earthquake,1.11,3.42,,0,reviewed,ci,ci
1992-06-28T15:15:33.730Z,34.1608333,-116.8525,4.914,3,mh,22,113,,0.42,ci,ci3031128,2016-04-01T19:52:16.067Z,"11km SSE of Big Bear Lake, CA",earthquake,1.6,31.61,,0,reviewed,ci,ci
1992-06-28T15:13:38.560Z,34.268,-116.771,8.354,2.5,mh,11,215,0.0925,0.31,ci,ci12178559,2016-02-09T20:35:47.498Z,"7km E of Big Bear City, California",earthquake,1.35,3.49,,0,reviewed,ci,ci
1992-06-28T15:12:16.950Z,34.2583333,-116.7208333,10.022,2.5,mh,10,147,0.1257,0.13,ci,ci12178555,2016-02-10T03:55:23.021Z,"11km E of Big Bear City, California",earthquake,0.87,1.62,,0,reviewed,ci,ci
1992-06-28T15:11:38.000Z,34.1693333,-116.8388333,6.094,3,mh,20,118,0.1332,0.15,ci,ci12178551,2016-02-09T20:35:45.807Z,"10km S of Big Bear City, California",earthquake,0.55,3.23,,0,reviewed,ci,ci
1992-06-28T15:11:03.150Z,34.1416667,-116.848,7.344,2.8,mh,15,129,0.1079,0.1,ci,ci12178547,2016-02-10T18:02:10.805Z,"13km SSE of Big Bear Lake, California",earthquake,0.63,2.22,,0,reviewed,ci,ci
1992-06-28T15:10:25.930Z,34.1925,-116.7663333,5.911,3,mh,18,144,0.1594,0.32,ci,ci12178543,2016-02-10T18:02:09.619Z,"10km SE of Big Bear City, California",earthquake,0.85,5.26,,0,reviewed,ci,ci
1992-06-28T15:09:56.680Z,34.2176667,-116.8491667,5.289,2.5,mh,14,89,0.1313,0.18,ci,ci12178539,2016-02-10T14:29:11.736Z,"5km S of Big Bear City, California",earthquake,0.68,4.64,,0,reviewed,ci,ci
1992-06-28T15:08:41.670Z,34.2065,-116.811,3.066,2.5,mh,7,100,0.1418,0.35,ci,ci12178535,2016-02-10T00:18:08.397Z,"7km SSE of Big Bear City, California",earthquake,1.3,3.01,,0,reviewed,ci,ci
1992-06-28T15:08:03.960Z,34.231,-116.7893333,13.095,3,mh,10,113,0.1209,0.44,ci,ci12178531,2016-02-10T07:26:49.162Z,"6km ESE of Big Bear City, California",earthquake,1.88,2.82,,0,reviewed,ci,ci
1992-06-28T15:05:30.730Z,34.203,-116.827,3.634,6.3,mw,0,95.4,,0.226,ci,ci3031425,2024-09-24T23:25:06.965Z,"The 1992 Big Bear, California Earthquake",earthquake,,91.295,,0,reviewed,ci,ci
1992-06-28T15:04:51.500Z,34.1595,-116.8246667,11.363,4.54,ml,107,34,,0.33,ci,ci2057011,2016-04-02T18:20:24.551Z,"12km S of Big Bear City, CA",earthquake,0.48,0.61,,19,reviewed,ci,ci
1992-06-28T15:00:00.990Z,34.0951667,-116.4486667,1.257,2.8,mh,8,115,0.158,0.38,ci,ci12178527,2016-02-10T07:26:47.910Z,"3km SW of Yucca Valley, California",earthquake,1.15,2.25,,0,reviewed,ci,ci
1992-06-28T14:59:14.160Z,34.19,-116.864,11.363,3.37,ml,0,73.5,,0.193,ci,ci2057009,2016-02-10T07:26:46.722Z,"7km SE of Big Bear Lake, California",earthquake,,0.511,,14,reviewed,ci,ci
1992-06-28T14:43:21.850Z,34.162,-116.852,9.615,5.53,ml,0,70.9,,0.146,ci,ci2057008,2022-04-28T18:45:27.656Z,"11km SSE of Big Bear Lake, California",earthquake,,2.031,,11,reviewed,ci,ci
1992-06-28T14:43:10.160Z,34.1581667,-116.4178333,9.298,3,mh,8,253,0.1422,0.09,ci,ci12178523,2016-02-09T20:35:44.595Z,"5km NNE of Yucca Valley, California",earthquake,1.32,2.45,,0,reviewed,ci,ci
1992-06-28T14:40:50.000Z,34.6178333,-116.64,4.556,3,mh,17,162,,0.24,ci,ci12178519,2016-02-10T03:55:21.622Z,"36km ENE of Lucerne Valley, California",earthquake,0.86,21.15,,0,reviewed,ci,ci
1992-06-28T14:39:06.910Z,34.089,-116.425,-0.867,4.35,ml,0,82.6,,0.28,ci,ci2057007,2016-02-10T03:55:20.370Z,"3km SSE of Yucca Valley, California",earthquake,,0.393,,19,reviewed,ci,ci
1992-06-28T14:35:34.030Z,34.2485,-116.4313333,5.177,3.32,ml,10,304,,0.14,ci,ci3031122,2016-04-02T02:23:16.863Z,"15km N of Yucca Valley, CA",earthquake,1.6,31.61,,4,reviewed,ci,ci
1992-06-28T14:32:30.990Z,34.5938333,-116.6435,4.522,3.4,mh,13,252,,0.36,ci,ci3071986,2016-04-02T02:25:47.444Z,"34km ENE of Lucerne Valley, CA",earthquake,1.99,31.61,,0,reviewed,ci,ci
1992-06-28T14:32:09.460Z,34.6115,-116.4993333,5.225,3.54,mc,31,251,,0.47,ci,ci3031121,2016-04-01T19:52:14.729Z,"33km WSW of Ludlow, CA",earthquake,1.83,31.61,,55,reviewed,ci,ci
1992-06-28T14:30:45.810Z,34.161,-116.4218333,4.564,2.7,mh,8,180,,0.15,ci,ci12178515,2016-02-10T14:29:09.114Z,"5km N of Yucca Valley, California",earthquake,0.74,16.8,,0,reviewed,ci,ci
1992-06-28T14:30:27.820Z,34.4193333,-116.481,5.834,3,mh,16,245,,0.21,ci,ci12178511,2016-02-09T20:35:41.320Z,"34km N of Yucca Valley, California",earthquake,2.02,3.76,,0,reviewed,ci,ci
1992-06-28T14:29:45.420Z,34.1686667,-116.4115,4.355,2.8,mh,7,282,,0.24,ci,ci12178507,2016-02-10T00:18:07.081Z,"6km NNE of Yucca Valley, California",earthquake,2.19,23.27,,0,reviewed,ci,ci
1992-06-28T14:29:02.390Z,34.61,-116.642,4.625,4.03,ml,0,144.6,,0.305,ci,ci2057004,2016-02-10T07:26:45.399Z,"35km ENE of Lucerne Valley, California",earthquake,,,,14,reviewed,ci,ci
1992-06-28T14:11:06.510Z,34.6328333,-116.6498333,4.299,2.5,mh,11,280,0.3148,0.1,ci,ci12178503,2016-02-10T18:02:08.363Z,"36km NE of Lucerne Valley, California",earthquake,1.57,14.41,,0,reviewed,ci,ci
1992-06-28T14:10:26.520Z,34.365,-116.463,-1.144,3.01,ml,0,182.2,,0.219,ci,ci3031203,2016-02-10T03:55:15.422Z,"28km N of Yucca Valley, California",earthquake,,1.359,,9,reviewed,ci,ci
1992-06-28T14:09:28.820Z,34.111,-116.646,4.703,4.14,ml,0,62.4,,0.192,ci,ci2057003,2016-02-09T20:35:40.038Z,"9km NW of Morongo Valley, California",earthquake,,5.468,,14,reviewed,ci,ci
1992-06-28T13:57:31.090Z,35.664,-117.54,6.094,3.09,mc,0,145.1,,0.156,ci,ci2057000,2016-02-10T07:26:43.999Z,"13km ENE of Ridgecrest, California",earthquake,,6.704,,11,reviewed,ci,ci
1992-06-28T13:52:45.700Z,34.122,-116.4435,5.076,3.5,mh,9,207,,0.3,ci,ci12178495,2016-02-10T00:18:05.243Z,"1km NW of Yucca Valley, California",earthquake,2.08,25.56,,0,reviewed,ci,ci
1992-06-28T13:51:43.270Z,34.1396667,-116.471,5.043,4,mh,12,170,0.3512,0.27,ci,ci12178491,2016-02-10T00:18:03.964Z,"5km NW of Yucca Valley, California",earthquake,1.14,23.86,,0,reviewed,ci,ci
1992-06-28T13:50:46.160Z,34.109,-116.403,4.664,4.95,ml,0,194.4,,0.31,ci,ci3031243,2016-02-10T18:02:07.162Z,"3km ESE of Yucca Valley, California",earthquake,,,,12,reviewed,ci,ci
1992-06-28T13:50:16.340Z,34.084,-116.3566667,5.422,4.22,ml,106,155,,0.56,ci,ci2056998,2016-04-02T02:21:55.357Z,"7km SW of Joshua Tree, CA",earthquake,1.1,31.61,,12,reviewed,ci,ci
1992-06-28T13:46:51.920Z,34.5176667,-116.5875,5.132,3,mh,14,303,0.6867,0.49,ci,ci3031112,2016-02-09T20:35:37.522Z,"36km ENE of Lucerne Valley, California",earthquake,3.68,31.61,,0,reviewed,ci,ci
1992-06-28T13:40:55.840Z,34.1778333,-116.4513333,4.794,4.17,ml,20,194,,0.32,ci,ci2056995,2016-04-02T08:46:03.260Z,"7km NNW of Yucca Valley, CA",earthquake,1.23,31.61,,4,reviewed,ci,ci
1992-06-28T13:36:00.360Z,34.419,-116.476,3.726,3,mh,0,307.3,0.9978,0.241,ci,ci3031107,2016-02-10T18:02:05.553Z,"34km N of Yucca Valley, California",earthquake,,,,0,reviewed,ci,ci
1992-06-28T13:35:38.280Z,33.971,-116.512,3.726,3,mh,0,320.9,1.053,0.471,ci,ci3031106,2016-02-10T00:18:02.649Z,"2km NW of Desert Hot Springs, California",earthquake,,,,0,reviewed,ci,ci
1992-06-28T13:26:05.200Z,34.16,-116.407,4.778,4.88,ml,0,159.1,,0.379,ci,ci2056989,2016-02-10T18:02:04.297Z,"6km NNE of Yucca Valley, California",earthquake,,,,9,reviewed,ci,ci
1992-06-28T13:23:45.100Z,34.218,-116.447,0.12,3.68,ml,0,159.8,,0.196,ci,ci3054996,2016-02-10T11:02:35.717Z,"12km N of Yucca Valley, California",earthquake,,0.553,,20,reviewed,ci,ci
1992-06-28T13:23:10.110Z,34.112,-116.425,1.838,3.36,ml,0,101.8,,0.182,ci,ci3055050,2016-02-10T11:02:34.389Z,"1km ESE of Yucca Valley, California",earthquake,,1.141,,12,reviewed,ci,ci
1992-06-28T13:19:24.530Z,34.115,-116.418,1.508,3.22,ml,0,130.8,,0.266,ci,ci3055586,2016-02-10T14:29:07.829Z,"1km E of Yucca Valley, California",earthquake,,1.166,,6,reviewed,ci,ci
1992-06-28T13:18:15.940Z,34.093,-116.391,-0.739,4.5,ml,0,121.9,,0.212,ci,ci3055321,2016-02-10T11:02:33.070Z,"4km ESE of Yucca Valley, California",earthquake,,1.086,,15,reviewed,ci,ci
1992-06-28T13:17:48.040Z,34.1371667,-116.4148333,7.12,4.11,ml,17,129,0.1809,0.29,ci,ci3031104,2016-04-02T02:23:15.514Z,"3km NNE of Yucca Valley, CA",earthquake,0.84,2.19,,4,reviewed,ci,ci
1992-06-28T13:13:37.440Z,34.3178333,-116.412,3.804,3.8,mh,15,296,0.4949,0.23,ci,ci12178483,2016-02-10T03:55:09.295Z,"22km NNW of Joshua Tree, California",earthquake,3.55,7.25,,0,reviewed,ci,ci
1992-06-28T13:10:50.210Z,34.4183333,-116.4406667,4.652,4.87,ml,37,171,,0.38,ci,ci2056985,2016-04-02T15:11:33.350Z,"34km NNW of Joshua Tree, CA",earthquake,1.37,31.61,,12,reviewed,ci,ci
1992-06-28T13:08:15.830Z,34.3223333,-116.4766667,0.6,3.5,mh,13,160,,0.34,ci,ci12178479,2016-02-10T18:02:01.484Z,"24km N of Yucca Valley, California",earthquake,1.62,4.24,,0,reviewed,ci,ci
1992-06-28T13:06:48.750Z,33.8728333,-116.3363333,9.05,4.3,mh,12,194,0.937,0.45,ci,ci12178475,2016-02-10T07:26:40.952Z,"8km NE of Thousand Palms, California",earthquake,3.46,4.86,,0,reviewed,ci,ci
1992-06-28T13:06:40.840Z,34.3605,-116.4825,5.534,4,mh,15,194,0.9018,0.39,ci,ci3031101,2016-04-02T02:23:13.668Z,"28km N of Yucca Valley, CA",earthquake,1.46,31.61,,0,reviewed,ci,ci
1992-06-28T12:57:30.750Z,34.237,-116.811,10,3.3,mb,,,,1.4,us,usp00059st,2014-11-07T00:50:55.172Z,"4 km SE of Big Bear City, California",earthquake,,,,1,reviewed,us,us
1992-06-28T12:56:09.810Z,34.4758333,-116.5198333,4.622,4.29,ml,10,312,,0.15,ci,ci2056982,2016-04-01T23:05:55.748Z,"38km NE of Big Bear City, CA",earthquake,1.96,31.61,,4,reviewed,ci,ci
1992-06-28T12:43:58.990Z,34.113,-116.427,2.54,4.44,ml,0,74.7,,0.202,ci,ci3031099,2016-02-10T11:02:30.452Z,"0km ESE of Yucca Valley, California",earthquake,,0.81,,8,reviewed,ci,ci
1992-06-28T12:40:53.570Z,34.3411667,-116.5106667,4.388,5.41,ml,23,219,,0.44,ci,ci2056980,2016-04-02T05:35:46.705Z,"26km NNW of Yucca Valley, CA",earthquake,2.66,31.61,,6,reviewed,ci,ci
1992-06-28T12:36:40.770Z,34.115,-116.4263333,7.502,5.49,ml,30,176,,0.41,ci,ci2056979,2022-04-28T18:45:26.552Z,"0km E of Yucca Valley, CA",earthquake,1.46,1.85,,11,reviewed,ci,ci
1992-06-28T12:27:38.780Z,34.478,-116.6395,5.149,4.2,mh,18,277,,0.65,ci,ci3031160,2016-04-02T02:23:21.045Z,"30km E of Lucerne Valley, CA",earthquake,5.86,31.61,,0,reviewed,ci,ci
1992-06-28T12:25:54.890Z,34.937,-116.846,-0.994,4.29,mc,24,265,0.6213,0.46,ci,ci3031163,2016-04-02T15:12:47.888Z,"17km ENE of Barstow, CA",earthquake,2.44,4.88,,30,reviewed,ci,ci
1992-06-28T12:20:45.280Z,34.592,-116.6658333,-1.329,4,mh,9,216,0.2776,0.24,ci,ci12178467,2016-02-10T21:41:52.999Z,"32km ENE of Lucerne Valley, California",earthquake,1.12,1.63,,0,reviewed,ci,ci
1992-06-28T12:18:51.190Z,34.17,-116.79,-1.306,3,mh,0,125,,0.202,ci,ci3102532,2016-02-10T11:02:26.070Z,"11km SSE of Big Bear City, California",earthquake,,1.249,,0,reviewed,ci,ci
1992-06-28T12:17:49.450Z,34.5038333,-116.64,1.619,3.5,mh,52,158,,0.39,ci,ci2056973,2016-04-01T23:05:54.431Z,"31km ENE of Lucerne Valley, CA",earthquake,0.82,1.77,,0,reviewed,ci,ci
1992-06-28T12:02:58.610Z,34.1511667,-116.3546667,4.856,4.5,mh,4,240,0.2146,0.39,ci,ci12178459,2016-02-10T03:55:03.911Z,"4km WNW of Joshua Tree, California",earthquake,3.11,33.7,,0,reviewed,ci,ci
1992-06-28T12:02:31.080Z,34.1031667,-116.4246667,5.586,5,mh,3,285,0.1692,0.4,ci,ci12178455,2016-02-10T18:01:58.992Z,"1km SSE of Yucca Valley, California",earthquake,5.95,31.61,,0,reviewed,ci,ci
1992-06-28T12:02:16.960Z,34.0605,-116.4726667,5.378,5,mh,3,279,0.1441,0.14,ci,ci12178451,2016-02-10T03:55:02.486Z,"7km SSW of Yucca Valley, California",earthquake,2.4,31.61,,0,reviewed,ci,ci
1992-06-28T12:01:16.190Z,34.12,-116.323,5.706,5.7,ml,0,251.6,,0.224,ci,ci3043630,2020-07-09T21:19:16.170Z,"2km SSW of Joshua Tree, California",earthquake,,,,9,reviewed,ci,ci
1992-06-28T12:00:45.000Z,34.131,-116.408,-1.1,5.77,ml,0,158.7,,0.194,ci,ci3043549,2020-07-09T21:19:03.350Z,"3km NE of Yucca Valley, California",earthquake,,2.73,,11,reviewed,ci,ci
1992-06-28T11:57:34.130Z,34.2,-116.437,-0.097,7.3,mw,0,43.4,,0.194,ci,ci3031111,2026-03-17T01:07:27.894Z,"The 1992 Landers, California Earthquake",earthquake,,0.31,,0,reviewed,ci,ci
